Report_Date,Day_ProbPeakGen(MW),Evening_ProbPeakGen(MW),ProbMaxDemand(MW),ProbMaxGen(MW)
31-12-2024,14543,14949,10600,14949
31-12-2024,10596,11883,10100,11883
30-12-2024,13760,15475,10800,15475
29-12-2024,14372,14729,10800,14729
28-12-2024,14138,14492,9850,14492
27-12-2024,13791,14419,10600,14419
26-12-2024,13645,14092,10600,14092
25-12-2024,12982,13683,10500,13683
24-12-2024,12696,13349,10700,13349
23-12-2024,12705,13515,10700,13515
22-12-2024,13489,14032,10600,14032
21-12-2024,13239,13812,9200,13812
21-12-2024,13165,13670,9800,13670
19-12-2024,13642,14223,10500,14223
19-12-2024,13397,14157,10500,14157
17-12-2024,12971,13722,10250,13722
16-12-2024,12495,13296,9500,13296
15-12-2024,13411,13833,10200,13833
14-12-2024,12658,13256,10000,13256
13-12-2024,12722,13521,10000,13521
12-12-2024,13201,13840,10300,13840
11-12-2024,12740,13314,10300,13314
10-12-2024,13235,13745,10300,13745
09-12-2024,13192,13757,10600,13757
08-12-2024,12646,13341,10800,13341
07-12-2024,12300,13200,10000,13200
06-12-2024,12157,12855,9500,12855
05-12-2024,12757,13455,10900,13455
04-12-2024,12562,13262,11200,13262
03-12-2024,12490,13220,10800,13220
02-12-2024,12922,13607,10900,13607
01-12-2024,13306,14080,10900,14080
30-11-2024,13210,13990,10600,13990
29-11-2024,13564,14206,9200,14206
28-11-2024,13305,13564,10800,13564
27-11-2024,13263,14013,10800,14013
26-11-2024,13049,13778,10600,13778
25-11-2024,13438,14393,10700,14393
24-11-2024,12657,13187,11000,13187
23-11-2024,12837,13187,10500,13187
22-11-2024,12527,13325,10800,13325
21-11-2024,12703,13298,11000,13298
20-11-2024,12150,12715,11500,12715
19-11-2024,12769,13158,11100,13158
18-11-2024,12832,13453,11300,13453
17-11-2024,12795,13684,11800,13684
15-11-2024,12072,13315,11500,13315
14-11-2024,11859,13141,12400,13141
13-11-2024,12588,13213,12800,13213
12-11-2024,12010,12850,12550,12850
11-11-2024,12229,12962,12500,12962
10-11-2024,12095,12812,13000,12812
09-11-2024,12730,13801,12000,13801
08-11-2024,12321,13493,12000,13493
07-11-2024,12110,13535,13000,13535
06-11-2024,12069,13807,13000,13807
05-11-2024,12569,14022,13500,14022
04-11-2024,12479,13974,13500,13974
03-11-2024,12085,13476,14000,13476
02-11-2024,12008,13162,13000,13162
01-11-2024,12189,13366,13200,13366
01-11-2024,12189,13366,13200,13366
31-10-2024,12010,13171,14000,13171
30-10-2024,12305,13623,14000,13623
29-10-2024,12904,14041,14800,14041
28-10-2024,13086,14186,14300,14186
27-10-2024,12904,14073,14300,14073
26-10-2024,12796,13792,13200,13792
25-10-2024,12784,13677,11000,13677
24-10-2024,13319,14218,12800,14218
23-10-2024,13494,14651,14650,14651
22-10-2024,13651,14851,14500,14851
21-10-2024,13576,14732,13800,14732
20-10-2024,13827,14787,13800,14787
19-10-2024,13283,14360,13700,14360
18-10-2024,13889,14830,12800,14830
17-10-2024,13608,14614,14300,14614
16-10-2024,13181,14894,14500,14894
15-10-2024,13394,14693,14400,14693
14-10-2024,13346,14854,15000,14854
13-10-2024,13409,15020,14500,15020
12-10-2024,13630,15227,14000,15227
11-10-2024,13156,14798,14000,14798
10-10-2024,13443,14579,13500,14579
09-10-2024,13550,14985,14500,14985
08-10-2024,13807,15000,15000,15000
07-10-2024,14332,15535,15000,15535
06-10-2024,14218,15415,14500,15415
05-10-2024,13647,15330,12500,15330
04-10-2024,13946,15227,13000,15227
03-10-2024,13788,15030,14500,15030
02-10-2024,14005,15202,15400,15202
01-10-2024,14085,15299,15200,15299
30-09-2024,14808,16327,15500,16327
29-09-2024,15385,16444,15500,16444
28-09-2024,14928,16339,13500,16339
27-09-2024,14708,16228,13200,16228
26-09-2024,14647,16122,14000,16122
25-09-2024,15033,16474,14000,16474
24-09-2024,14939,16563,15600,16563
23-09-2024,14708,15869,16300,15869
22-09-2024,14773,15760,15900,15760
21-09-2024,15355,16312,15700,16312
20-09-2024,15722,16449,15500,16449
19-09-2024,15658,16456,16000,16456
18-09-2024,15202,16131,15400,16131
17-09-2024,15314,16266,15500,16266
16-09-2024,15527,16420,12600,16420
15-09-2024,15203,16012,12000,16012
14-09-2024,14556,16174,13000,16174
13-09-2024,15040,16409,15000,16409
12-09-2024,14444,16001,15700,16001
11-09-2024,14256,15614,15900,15614
10-09-2024,13477,14681,16200,14681
09-09-2024,14371,15482,16200,15482
08-09-2024,14350,15540,15900,15540
07-09-2024,15089,15915,15500,15915
06-09-2024,14602,15385,14000,15385
05-09-2024,14427,15004,15600,15004
04-09-2024,14680,15298,15500,15298
03-09-2024,14961,15859,15200,15859
02-09-2024,15796,16914,15600,16914
01-09-2024,15975,16936,15500,16936
31-08-2024,15839,16656,15000,16656
30-08-2024,15032,16003,14000,16003
29-08-2024,15691,16447,15000,16447
28-08-2024,14958,16406,14600,16406
27-08-2024,14650,15756,14000,15756
26-08-2024,14764,15434,12800,15434
25-08-2024,14452,15191,14200,15191
24-08-2024,14524,15510,13700,15510
23-08-2024,14096,14982,12300,14982
22-08-2024,14177,15164,14000,15164
21-08-2024,12874,14974,13500,14974
20-08-2024,14631,15601,13500,15601
19-08-2024,14211,15777,15000,15777
18-08-2024,14510,15623,15000,15623
17-08-2024,14089,15100,14500,15100
16-08-2024,14036,15022,14500,15022
15-08-2024,14321,15152,16000,15152
14-08-2024,14455,15516,15500,15516
13-08-2024,15171,16286,14700,16286
12-08-2024,14800,15918,14500,15918
11-08-2024,14118,15287,15000,15287
10-08-2024,13808,15540,14500,15540
09-08-2024,13845,16595,13500,16595
08-08-2024,14727,17615,14100,17615
07-08-2024,15245,17638,14000,17638
06-08-2024,13938,15856,14000,15856
05-08-2024,14010,15969,13000,15969
04-08-2024,13490,15695,14800,15695
03-08-2024,13587,16532,13600,16532
02-08-2024,13289,16152,12500,16152
01-08-2024,13772,15671,15500,15671
31-07-2024,14488,16160,16000,16160
30-07-2024,14399,16084,16000,16084
29-07-2024,14646,16212,16000,16212
28-07-2024,14685,16178,16000,16178
27-07-2024,15371,16666,15500,16666
26-07-2024,14328,15527,15000,15527
25-07-2024,15097,16521,15200,16521
18-07-2024,15065,16126,16000,16126
17-07-2024,15090,16630,15800,16630
16-07-2024,14949,15837,16500,15837
15-07-2024,14480,15535,16000,15535
14-07-2024,15600,16746,15900,16746
13-07-2024,14863,16225,14800,16225
12-07-2024,14255,16036,13500,16036
11-07-2024,13759,15012,15500,15012
10-07-2024,14436,15794,15800,15794
09-07-2024,14654,15732,15700,15732
08-07-2024,14310,15530,15500,15530
07-07-2024,15075,16076,15000,16076
06-07-2024,14406,15150,14500,15150
05-07-2024,14447,14980,13500,14980
04-07-2024,15300,15980,14500,15980
03-07-2024,15809,16697,14200,16697
01-07-2024,14087,14825,14300,14825
30-06-2024,13261,14029,15200,14029
29-06-2024,13624,14614,14000,14614
28-06-2024,13709,14555,14200,14555
27-06-2024,13952,14691,16000,14691
26-06-2024,13692,14520,15600,14520
25-06-2024,13186,14103,15700,14103
23-06-2024,15157,17026,15000,17026
23-06-2024,15157,17026,15000,17026
22-06-2024,14398,16274,13700,16274
21-06-2024,14340,16324,12000,16324
20-06-2024,14616,16048,12000,16048
19-06-2024,14565,16012,12500,16012
18-06-2024,15020,16760,13500,16760
17-06-2024,15093,16682,12500,16682
16-06-2024,14920,16170,13600,16170
15-06-2024,14603,16078,14600,16078
14-06-2024,14306,15759,14000,15759
13-06-2024,16013,17185,16400,17185
12-06-2024,15749,16836,16800,16836
11-06-2024,15571,16840,16500,16840
10-06-2024,15382,16659,15900,16659
09-06-2024,15064,16300,16900,16300
08-06-2024,14788,16402,15000,16402
07-06-2024,14376,16114,15000,16114
06-06-2024,14284,16076,15800,16076
05-06-2024,14195,15985,15900,15985
03-06-2024,14694,16121,16000,16121
02-06-2024,15081,16807,16500,16807
01-06-2024,14229,15987,15200,15987
31-05-2024,14335,16106,15000,16106
30-05-2024,14732,15897,15000,15897
29-05-2024,13558,15326,15000,15326
28-05-2024,11004,13704,12000,13704
27-05-2024,10255,12772,8500,12772
26-05-2024,14800,15838,15000,15838
25-05-2024,15954,17239,16300,17239
24-05-2024,14967,16376,15500,16376
23-05-2024,15537,16810,16000,16810
23-05-2024,15537,16810,16000,16810
21-05-2024,15620,17069,14600,17069
20-05-2024,15628,16950,15000,16950
19-05-2024,15617,16896,15000,16896
18-05-2024,15787,16818,14800,16818
17-05-2024,15258,16717,15600,16717
16-05-2024,15640,16686,16400,16686
15-05-2024,16383,17130,16000,17130
14-05-2024,16244,16954,16000,16954
13-05-2024,15296,16092,14800,16092
12-05-2024,15315,16958,13800,16958
11-05-2024,15077,17145,13000,17145
10-05-2024,14372,16632,12000,16632
09-05-2024,14353,16252,13000,16252
08-05-2024,15155,16678,13500,16678
07-05-2024,14313,16421,14000,16421
06-05-2024,14828,16789,14000,16789
05-05-2024,14855,16704,15000,16704
04-05-2024,15199,16951,15500,16951
03-05-2024,15266,17276,16000,17276
02-05-2024,15609,17442,17000,17442
01-05-2024,15535,16882,16200,16882
30-04-2024,15191,16667,17300,16667
29-04-2024,14425,16890,17200,16890
28-04-2024,16160,17213,16900,17213
27-04-2024,15950,16908,16600,16908
26-04-2024,15933,16878,16000,16878
25-04-2024,16463,17492,16800,17492
24-04-2024,15774,16915,16800,16915
23-04-2024,15606,16530,16800,16530
22-04-2024,15526,16697,16200,16697
21-04-2024,15510,16660,16200,16660
20-04-2024,14929,16246,15500,16246
19-04-2024,15382,16980,14800,16980
18-04-2024,15189,16568,15000,16568
17-04-2024,15124,16411,14700,16411
16-04-2024,14030,15890,15000,15890
15-04-2024,14471,15543,14000,15543
14-04-2024,13852,15514,12800,15514
13-04-2024,14425,15709,12800,15709
12-04-2024,14409,15827,11800,15827
11-04-2024,14761,15897,11300,15897
10-04-2024,14877,15548,12800,15548
09-04-2024,14642,15580,12500,15580
08-04-2024,14056,15568,14300,15568
07-04-2024,13738,15201,15200,15201
06-04-2024,13195,15048,15500,15048
05-04-2024,13189,14692,15300,14692
04-04-2024,13382,14782,15000,14782
03-04-2024,12997,14344,15300,14344
02-04-2024,12652,14204,14700,14204
01-04-2024,12170,13740,14200,13740
31-03-2024,11970,13440,13800,13440
30-03-2024,12062,14102,12500,14102
29-03-2024,12404,13708,11200,13708
28-03-2024,12186,13585,13300,13585
27-03-2024,12127,13377,12700,13377
26-03-2024,12085,13315,11500,13315
25-03-2024,12023,13325,12500,13325
24-03-2024,11733,13210,12200,13210
23-03-2024,11639,13143,12000,13143
22-03-2024,11916,13365,10700,13365
21-03-2024,12224,13717,11500,13717
20-03-2024,12189,13817,12500,13817
19-03-2024,12057,13662,13600,13662
18-03-2024,12266,13834,13300,13834
17-03-2024,11451,12831,12800,12831
16-03-2024,11892,13333,12600,13333
15-03-2024,11729,13221,11800,13221
14-03-2024,12583,14206,13000,14206
13-03-2024,11960,13474,12700,13474
12-03-2024,12495,13198,12700,13198
11-03-2024,12696,13179,12300,13179
10-03-2024,12530,13131,12300,13131
09-03-2024,12205,12694,11600,12694
08-03-2024,12742,13258,11000,13258
07-03-2024,13004,13859,12250,13859
06-03-2024,13118,13503,12300,13503
05-03-2024,12644,13635,12000,13635
04-03-2024,12090,13609,12000,13609
03-03-2024,12480,12962,11800,12962
02-03-2024,12117,12826,11300,12826
01-03-2024,11881,12615,11000,12615
29-02-2024,12631,12993,11600,12993
28-02-2024,11997,12210,11500,12210
27-02-2024,11230,12219,11400,12219
26-02-2024,11247,12703,10000,12703
25-02-2024,11219,12381,11500,12381
24-02-2024,11308,12423,11250,12423
23-02-2024,10951,11832,10500,11832
22-02-2024,11809,12291,11000,12291
21-02-2024,11815,12456,11000,12456
20-02-2024,11790,12297,11700,12297
19-02-2024,10719,11750,11500,11750
18-02-2024,11217,12236,11400,12236
17-02-2024,11135,12201,11000,12201
16-02-2024,11168,11803,10300,11803
15-02-2024,11373,12054,11000,12054
14-02-2024,11281,12246,11000,12246
13-02-2024,11394,12276,11300,12276
12-02-2024,11048,12383,11500,12383
11-02-2024,10960,12377,11000,12377
10-02-2024,11223,12455,10800,12455
09-02-2024,11942,13183,10000,13183
08-02-2024,11056,12615,11200,12615
07-02-2024,10571,12107,11000,12107
06-02-2024,10021,10995,10900,10995
05-02-2024,10188,11007,10900,11007
04-02-2024,10181,10986,10800,10986
03-02-2024,10484,11340,10300,11340
02-02-2024,10401,11091,10300,11091
01-02-2024,10520,11300,10850,11300
29-01-2024,11135,11703,10700,11703
29-01-2024,11135,11703,10700,11703
27-01-2024,10507,11216,10000,11216
26-01-2024,10570,11416,9700,11416
25-01-2024,10316,11308,10800,11308
24-01-2024,10583,10818,10800,10818
23-01-2024,10377,11008,10600,11008
22-01-2024,10330,11175,10800,11175
22-01-2024,10330,11175,10800,11175
22-01-2024,10330,11175,10800,11175
21-01-2024,9531,10608,10900,10608
20-01-2024,10060,10725,10600,10725
19-01-2024,10088,11006,10300,11006
18-01-2024,10923,11822,10700,11822
17-01-2024,10539,11559,10600,11559
16-01-2024,10042,11269,10600,11269
15-01-2024,10012,10864,10600,10864
14-01-2024,10476,11400,10600,11400
13-01-2024,11156,11963,10300,11963
12-01-2024,10470,11411,9300,11411
10-01-2024,10772,11780,10000,11780
09-01-2024,10797,11878,10000,11878
08-01-2024,10104,11492,10500,11492
07-01-2024,10100,12011,9000,12011
06-01-2024,10567,11656,9700,11656
05-01-2024,11051,11881,10000,11881
04-01-2024,10992,11819,10200,11819
31-12-2023,10738,11775,10500,11775
29-12-2023,10542,11490,10200,11490
28-12-2023,10724,11610,10600,11610
27-12-2023,10846,11896,10500,11896
26-12-2023,11015,11816,10200,11816
25-12-2023,10912,11580,10000,11580
24-12-2023,10602,11895,10200,11895
23-12-2023,10517,11779,9500,11779
22-12-2023,11018,12311,9600,12311
21-12-2023,11198,11956,10000,11956
20-12-2023,10880,11927,10300,11927
19-12-2023,11040,12132,10500,12132
18-12-2023,10490,11734,9800,11734
17-12-2023,10466,11371,9800,11371
16-12-2023,10105,11323,8800,11323
15-12-2023,10118,11071,9800,11071
14-12-2023,10686,11540,10500,11540
13-12-2023,10564,11385,10300,11385
12-12-2023,10514,11256,10000,11256
11-12-2023,11234,12016,10000,12016
10-12-2023,11839,12695,11000,12695
09-12-2023,11420,12358,10500,12358
08-12-2023,11595,12664,10000,12664
07-12-2023,11284,12515,10700,12515
06-12-2023,11563,12216,11000,12216
05-12-2023,12044,13774,10800,13774
04-12-2023,12602,13916,11000,13916
03-12-2023,11875,13550,10900,13550
02-12-2023,11189,13655,10500,13655
01-12-2023,11590,12971,10000,12971
30-11-2023,12413,13713,11000,13713
30-11-2023,12413,13713,11000,13713
29-11-2023,12236,14048,11000,14048
28-11-2023,11668,13408,11100,13408
27-11-2023,11677,13772,11000,13772
26-11-2023,11430,13406,11000,13406
25-11-2023,11389,13049,10200,13049
24-11-2023,11990,13598,10000,13598
23-11-2023,12328,14190,11500,14190
22-11-2023,11842,14050,10900,14050
21-11-2023,11754,13166,11500,13166
20-11-2023,10514,13360,11500,13360
19-11-2023,10700,13270,11500,13270
18-11-2023,10724,13121,10500,13121
17-11-2023,12219,13946,10000,13946
16-11-2023,12557,14066,12000,14066
15-11-2023,12090,14121,12000,14121
14-11-2023,12063,14223,12000,14223
13-11-2023,11600,13655,12000,13655
12-11-2023,11760,13667,11800,13667
11-11-2023,11963,13557,11000,13557
10-11-2023,11431,13324,10800,13324
09-11-2023,10983,12382,11500,12382
08-11-2023,10663,12352,12000,12352
07-11-2023,11001,12742,12200,12742
06-11-2023,12451,14227,12000,14227
05-11-2023,11929,13604,12800,13604
04-11-2023,12205,14361,12500,14361
03-11-2023,12497,14708,12000,14708
02-11-2023,12961,15045,12700,15045
01-11-2023,13229,14901,12700,14901
31-10-2023,12644,14555,12000,14555
30-10-2023,11987,14532,13000,14532
29-10-2023,11558,14344,13000,14344
28-10-2023,11890,14419,12500,14419
27-10-2023,12315,14818,11800,14818
26-10-2023,12207,14510,13500,14510
25-10-2023,12842,15228,13000,15228
24-10-2023,12441,14727,12000,14727
23-10-2023,12293,14536,13600,14536
22-10-2023,11854,14068,14000,14068
21-10-2023,11780,14105,13000,14105
20-10-2023,12177,14505,12500,14505
19-10-2023,12445,14737,14000,14737
18-10-2023,12608,14730,14000,14730
17-10-2023,12553,14627,14000,14627
16-10-2023,12508,14964,14000,14964
15-10-2023,12587,14937,14500,14937
14-10-2023,12610,15295,13500,15295
13-10-2023,12624,15125,13000,15125
12-10-2023,12379,14982,14350,14982
11-10-2023,13164,15252,14500,15252
10-10-2023,13357,15303,14500,15303
09-10-2023,13072,15582,14500,15582
08-10-2023,12795,14955,14500,14955
07-10-2023,12931,14859,12500,14859
06-10-2023,12664,15116,11500,15116
05-10-2023,13829,16017,13200,16017
04-10-2023,14055,16350,13600,16350
03-10-2023,14748,16982,14100,16982
02-10-2023,14864,17101,14000,17101
01-10-2023,15481,17205,15300,17205
30-09-2023,14817,16909,14000,16909
29-09-2023,15410,17091,14700,17091
28-09-2023,14958,16878,14500,16878
27-09-2023,15115,17046,15000,17046
26-09-2023,14789,16581,14500,16581
25-09-2023,14160,16267,14400,16267
24-09-2023,14075,15974,14200,15974
23-09-2023,13964,16200,13500,16200
22-09-2023,14346,16072,13000,16072
21-09-2023,14490,16140,14500,16140
20-09-2023,13880,15985,15000,15985
19-09-2023,14108,15935,14900,15935
18-09-2023,13581,15329,15000,15329
17-09-2023,13702,15453,15400,15453
16-09-2023,13412,15335,14500,15335
15-09-2023,13469,15187,13500,15187
14-09-2023,13907,15643,15000,15643
13-09-2023,13888,15431,15000,15431
12-09-2023,14253,15641,15200,15641
11-09-2023,13960,15505,15500,15505
10-09-2023,13667,16167,15500,16167
09-09-2023,12818,14857,14300,14857
08-09-2023,12799,14876,13000,14876
07-09-2023,13436,14840,15000,14840
06-09-2023,13127,15445,14500,15445
05-09-2023,14254,15425,15500,15425
04-09-2023,14005,15300,15300,15300
03-09-2023,14039,15710,15000,15710
02-09-2023,13996,15730,15000,15730
01-09-2023,13333,14955,14500,14955
31-08-2023,14102,15518,15500,15518
30-08-2023,13608,15255,15250,15255
29-08-2023,13426,14955,15200,14955
28-08-2023,12899,15012,14500,15012
27-08-2023,13594,14925,14500,14925
26-08-2023,13013,14573,13100,14573
25-08-2023,12655,14659,13000,14659
24-08-2023,12980,14931,14500,14931
23-08-2023,13388,15135,14600,15135
22-08-2023,12951,14760,15500,14760
21-08-2023,12830,14799,15500,14799
20-08-2023,12022,14191,15200,14191
19-08-2023,12409,15001,14400,15001
18-08-2023,13178,15312,14300,15312
17-08-2023,12503,14909,14900,14909
16-08-2023,13529,15469,14800,15469
15-08-2023,13461,15167,13900,15167
14-08-2023,12551,14799,14300,14799
13-08-2023,12480,14635,13500,14635
12-08-2023,12358,14482,14000,14482
11-08-2023,12499,14344,13000,14344
10-08-2023,12502,14472,14400,14472
09-08-2023,12510,14777,14200,14777
08-08-2023,13432,15536,13500,15536
07-08-2023,13179,15141,14000,15141
06-08-2023,12841,14542,14500,14542
05-08-2023,13102,14855,14500,14855
04-08-2023,13249,15162,14200,15162
03-08-2023,13675,15448,14500,15448
02-08-2023,13637,15549,14800,15549
01-08-2023,13081,15307,15500,15307
30-07-2023,13380,15455,15700,15455
30-07-2023,13380,15455,15700,15455
29-07-2023,14056,16111,15200,16111
28-07-2023,13982,16062,14500,16062
27-07-2023,13982,16021,15500,16021
26-07-2023,14040,16086,15600,16086
25-07-2023,13864,16010,15600,16010
24-07-2023,13507,15735,15300,15735
23-07-2023,13312,15536,15500,15536
22-07-2023,13188,15628,15000,15628
21-07-2023,13403,15634,14300,15634
20-07-2023,13296,15338,15800,15338
19-07-2023,13185,15300,15500,15300
18-07-2023,13278,15173,15100,15173
17-07-2023,13244,15179,15000,15179
16-07-2023,13420,15540,15200,15540
15-07-2023,13710,15812,14400,15812
14-07-2023,13589,15651,14000,15651
13-07-2023,12841,15280,14800,15280
12-07-2023,13387,15429,15000,15429
11-07-2023,12889,15074,15000,15074
10-07-2023,12470,14605,14800,14605
09-07-2023,13480,15427,14500,15427
08-07-2023,13026,15318,13100,15318
07-07-2023,12799,15076,12600,15076
05-07-2023,12586,14891,13900,14891
04-07-2023,13601,15616,13000,15616
03-07-2023,13068,14937,12500,14937
02-07-2023,12549,14653,11800,14653
01-07-2023,11720,13997,11000,13997
30-06-2023,12011,14614,11500,14614
29-06-2023,12198,14413,10500,14413
28-06-2023,12303,14433,12000,14433
27-06-2023,12686,14502,11300,14502
26-06-2023,12121,14061,14600,14061
25-06-2023,12164,14080,14800,14080
24-06-2023,12929,14837,14500,14837
23-06-2023,12743,14615,13800,14615
22-06-2023,12662,14792,14300,14792
21-06-2023,12364,14460,14200,14460
20-06-2023,12467,14644,14200,14644
19-06-2023,12642,14973,14800,14973
18-06-2023,12555,15074,14500,15074
17-06-2023,12614,14928,14500,14928
16-06-2023,12158,14693,14000,14693
15-06-2023,12493,14803,14800,14803
14-06-2023,12759,15213,14200,15213
13-06-2023,13291,15476,14200,15476
12-06-2023,13053,15288,14600,15288
11-06-2023,12810,15051,14800,15051
10-06-2023,12753,15281,14000,15281
09-06-2023,13382,15216,14500,15216
08-06-2023,13131,15001,15200,15001
07-06-2023,13159,14979,16000,14979
06-06-2023,12509,14389,15800,14389
05-06-2023,12368,14173,15800,14173
04-06-2023,12709,14696,15700,14696
03-06-2023,12525,14567,15500,14567
02-06-2023,12295,14441,14800,14441
01-06-2023,13087,14756,15500,14756
31-05-2023,13058,15031,15200,15031
30-05-2023,12703,14937,14900,14937
29-05-2023,12483,14894,14500,14894
28-05-2023,12624,14324,13800,14324
27-05-2023,12059,13883,13500,13883
26-05-2023,13089,15362,12000,15362
25-05-2023,12907,14866,13500,14866
24-05-2023,12188,15355,13500,15355
23-05-2023,13413,15081,14500,15081
22-05-2023,12430,14663,13900,14663
21-05-2023,12111,14231,14500,14231
20-05-2023,11399,13841,13000,13841
19-05-2023,11403,14052,12000,14052
18-05-2023,11574,13254,12500,13254
16-05-2023,10662,12126,14300,12126
15-05-2023,10838,12421,12000,12421
14-05-2023,10892,12563,12500,12563
13-05-2023,11179,13062,14000,13062
12-05-2023,12633,14400,14000,14400
11-05-2023,13199,14660,15500,14660
10-05-2023,13200,14761,15600,14761
08-05-2023,12766,14826,15000,14826
07-05-2023,13069,14635,14600,14635
06-05-2023,13402,14974,14000,14974
05-05-2023,13088,14821,11800,14821
04-05-2023,12892,14397,13200,14397
03-05-2023,13166,14712,14500,14712
02-05-2023,13248,15278,14800,15278
01-05-2023,12615,14950,11500,14950
30-04-2023,12973,15313,14500,15313
29-04-2023,12728,15228,12500,15228
28-04-2023,11725,14443,11000,14443
27-04-2023,12961,15840,13000,15840
26-04-2023,13191,15469,13000,15469
25-04-2023,13295,15462,11000,15462
24-04-2023,13224,15249,11000,15249
23-04-2023,13271,15386,11000,15386
22-04-2023,13543,15229,11200,15229
21-04-2023,14286,16033,13800,16033
20-04-2023,14150,16030,15500,16030
19-04-2023,14222,15948,15500,15948
18-04-2023,13863,15617,16000,15617
17-04-2023,13140,15160,16000,15160
16-04-2023,13286,14999,16000,14999
15-04-2023,13058,15046,15000,15046
14-04-2023,13559,15639,14500,15639
13-04-2023,13356,15303,15200,15303
12-04-2023,13000,15040,15000,15040
11-04-2023,12798,15182,14700,15182
10-04-2023,12716,15238,14500,15238
09-04-2023,12504,14902,14300,14902
08-04-2023,12145,14027,13500,14027
07-04-2023,12540,14350,13000,14350
06-04-2023,12771,14450,13800,14450
05-04-2023,13035,14279,13800,14279
04-04-2023,12771,14131,12800,14131
03-04-2023,12260,14121,12100,14121
01-04-2023,12649,14026,11900,14026
31-03-2023,12905,14162,11000,14162
30-03-2023,12840,13971,12500,13971
29-03-2023,12263,13640,12400,13640
28-03-2023,11885,14000,12500,14000
27-03-2023,12011,13796,11900,13796
26-03-2023,12141,13912,11200,13912
25-03-2023,11365,13917,11500,13917
24-03-2023,11740,13919,11000,13919
23-03-2023,11737,13770,11800,13770
22-03-2023,11472,13252,11600,13252
21-03-2023,12404,14093,11000,14093
20-03-2023,11878,13735,11500,13735
19-03-2023,11599,13884,12000,13884
18-03-2023,11186,13034,12000,13034
17-03-2023,11366,13474,12000,13474
15-03-2023,11850,13118,12500,13118
14-03-2023,12005,13336,13200,13336
13-03-2023,11698,13158,12900,13158
12-03-2023,11907,13453,12700,13453
11-03-2023,11688,13546,12000,13546
10-03-2023,12359,14059,11500,14059
09-03-2023,11719,13729,12600,13729
08-03-2023,11312,13507,12000,13507
07-03-2023,11192,13058,12700,13058
06-03-2023,11223,12936,12500,12936
05-03-2023,11825,13367,12400,13367
04-03-2023,11579,13134,11800,13134
03-03-2023,10390,12700,11000,12700
02-03-2023,10476,12785,12000,12785
01-03-2023,11329,13269,11800,13269
28-02-2023,10818,12821,11800,12821
27-02-2023,10627,12664,11700,12664
26-02-2023,10330,11975,11900,11975
25-02-2023,10166,11525,11100,11525
24-02-2023,10883,12378,10800,12378
23-02-2023,10629,12233,11500,12233
22-02-2023,9397,10763,11000,10763
21-02-2023,8972,10898,10500,10898
20-02-2023,9809,11241,11000,11241
19-02-2023,9933,11440,10800,11440
18-02-2023,9569,11199,10500,11199
17-02-2023,9488,10924,10000,10924
16-02-2023,9758,11396,10850,11396
15-02-2023,9458,10862,10750,10862
14-02-2023,9685,11157,10700,11157
13-02-2023,9352,10888,10750,10888
12-02-2023,8914,10651,10800,10651
11-02-2023,8954,10449,10300,10449
10-02-2023,9043,10660,10000,10660
09-02-2023,9639,11158,10600,11158
08-02-2023,9727,11210,10600,11210
07-02-2023,9149,10958,10500,10958
06-02-2023,9538,11092,10700,11092
05-02-2023,9645,10945,10700,10945
04-02-2023,9814,11263,10300,11263
03-02-2023,9147,10899,10000,10899
02-02-2023,9681,10824,10500,10824
01-02-2023,9632,10873,10500,10873
31-01-2023,9568,10834,10500,10834
30-01-2023,9536,10855,10500,10855
29-01-2023,9198,10482,10300,10482
28-01-2023,9064,10184,10000,10184
27-01-2023,8832,10398,10300,10398
26-01-2023,9005,10300,10300,10300
25-01-2023,9320,10703,10300,10703
23-01-2023,8934,9932,10200,9932
22-01-2023,8634,9675,10000,9675
21-01-2023,8803,9837,9800,9837
20-01-2023,8521,9707,9500,9707
19-01-2023,8761,10004,10200,10004
18-01-2023,8166,9629,10300,9629
17-01-2023,8428,9565,10200,9565
16-01-2023,8659,9640,10100,9640
15-01-2023,8926,9673,10300,9673
14-01-2023,8620,9917,9700,9917
13-01-2023,9481,10418,9000,10418
12-01-2023,8933,10300,10300,10300
11-01-2023,8758,10421,10300,10421
10-01-2023,8571,10174,10100,10174
09-01-2023,8279,9482,10200,9482
08-01-2023,8691,9879,10000,9879
07-01-2023,8475,10460,9300,10460
06-01-2023,8568,10681,9300,10681
05-01-2023,8844,10902,9900,10902
04-01-2023,9144,10746,10200,10746
03-01-2023,10289,11259,10400,11259
03-01-2023,8508,10061,9800,10061
02-01-2023,8553,10145,9800,10145
02-01-2023,10186,11299,10400,11299
01-01-2023,8463,10512,9900,10512
01-01-2023,10553,11673,10400,11673
31-12-2022,8257,10244,9500,10244
30-12-2022,7966,10199,8700,10199
29-12-2022,8562,10255,9800,10255
28-12-2022,8709,10343,9900,10343
27-12-2022,8180,10484,9800,10484
26-12-2022,8144,10432,10000,10432
25-12-2022,8373,10602,10000,10602
24-12-2022,8000,10209,9500,10209
23-12-2022,8615,10806,8500,10806
22-12-2022,8770,10911,9800,10911
21-12-2022,8888,11313,9900,11313
20-12-2022,8600,10952,10000,10952
19-12-2022,8369,10974,10200,10974
18-12-2022,8479,11117,10200,11117
17-12-2022,8561,10962,9900,10962
16-12-2022,8568,11234,9000,11234
15-12-2022,8854,11242,10000,11242
14-12-2022,8887,11389,10000,11389
13-12-2022,8944,11312,10100,11312
12-12-2022,8894,11234,10000,11234
11-12-2022,8939,11345,10200,11345
10-12-2022,9146,11461,9700,11461
09-12-2022,9054,11281,9300,11281
08-12-2022,8804,11061,10200,11061
07-12-2022,8814,11112,10200,11112
06-12-2022,8982,11199,10200,11199
05-12-2022,9236,11907,10200,11907
04-12-2022,9393,11914,10500,11914
03-12-2022,9091,11691,10000,11691
02-12-2022,8510,11321,10000,11321
01-12-2022,9737,11784,10500,11784
30-11-2022,9397,11201,10500,11201
29-11-2022,8841,10638,10400,10638
28-11-2022,8678,10491,10200,10491
27-11-2022,8941,10935,10500,10935
26-11-2022,8924,10923,10000,10923
25-11-2022,8783,10688,10200,10688
24-11-2022,9438,11106,10500,11106
23-11-2022,9506,11217,10800,11217
22-11-2022,9716,11313,10800,11313
21-11-2022,10134,11678,10800,11678
20-11-2022,10075,11775,10900,11775
19-11-2022,9280,11136,10800,11136
18-11-2022,9750,11340,10200,11340
17-11-2022,9781,11360,10700,11360
16-11-2022,10230,11903,10800,11903
15-11-2022,9707,11340,10800,11340
14-11-2022,9839,11284,11200,11284
13-11-2022,9740,11530,11400,11530
12-11-2022,10141,11930,11000,11930
11-11-2022,10297,11942,10800,11942
10-11-2022,10189,11562,11300,11562
09-11-2022,10300,11731,11500,11731
08-11-2022,9800,11840,11800,11840
07-11-2022,9607,11971,11600,11971
06-11-2022,9531,12188,12400,12188
05-11-2022,9602,12166,11800,12166
04-11-2022,10058,12211,11000,12211
03-11-2022,10125,12140,12600,12140
02-11-2022,10398,12164,12500,12164
01-11-2022,10426,12088,12400,12088
31-10-2022,10226,11849,11800,11849
30-10-2022,9879,11892,12800,11892
29-10-2022,9929,12002,11000,12002
28-10-2022,9918,11915,11000,11915
27-10-2022,10210,12531,13200,12531
26-10-2022,9827,12433,12900,12433
25-10-2022,8842,11962,11000,11962
24-10-2022,9397,11815,8500,11815
23-10-2022,9966,12380,13500,12380
22-10-2022,10325,12787,13300,12787
21-10-2022,10298,12516,12700,12516
20-10-2022,10803,12761,13800,12761
19-10-2022,10405,12325,13800,12325
18-10-2022,10315,12560,13800,12560
17-10-2022,10391,12480,13700,12480
16-10-2022,10456,12688,13800,12688
15-10-2022,10370,12813,13500,12813
14-10-2022,10715,12880,13200,12880
13-10-2022,11104,12962,12800,12962
12-10-2022,10525,12637,14200,12637
11-10-2022,10781,12867,14200,12867
10-10-2022,10643,12686,14200,12686
09-10-2022,10403,12925,13800,12925
08-10-2022,9882,12435,13600,12435
07-10-2022,11195,12889,13900,12889
06-10-2022,10638,12808,14000,12808
05-10-2022,10114,12398,13000,12398
04-10-2022,10250,12370,13800,12370
03-10-2022,10581,12621,13600,12621
02-10-2022,11741,13187,13800,13187
01-10-2022,12037,13585,14300,13585
30-09-2022,11934,13501,13500,13501
29-09-2022,11723,13143,14400,13143
28-09-2022,12103,13264,14300,13264
27-09-2022,12109,13368,14200,13368
26-09-2022,11854,13035,14200,13035
25-09-2022,11819,13016,14000,13016
24-09-2022,11579,13467,14000,13467
23-09-2022,11893,13273,13700,13273
22-09-2022,12481,14218,14200,14218
21-09-2022,12176,13979,14200,13979
20-09-2022,11931,13785,14000,13785
19-09-2022,11985,13908,14000,13908
18-09-2022,11397,14011,14000,14011
17-09-2022,11980,14561,13400,14561
16-09-2022,11556,14283,12400,14283
15-09-2022,11925,14440,12600,14440
14-09-2022,11881,14186,12500,14186
13-09-2022,12072,14085,12400,14085
12-09-2022,12070,14257,13300,14257
11-09-2022,12499,14127,13800,14127
10-09-2022,12251,14009,13800,14009
09-09-2022,11650,13445,13700,13445
08-09-2022,12097,13856,14200,13856
07-09-2022,11945,13805,13800,13805
06-09-2022,12373,14114,13400,14114
05-09-2022,12171,14075,14200,14075
04-09-2022,11767,14301,13900,14301
03-09-2022,12107,14460,14200,14460
02-09-2022,12057,13967,14200,13967
01-09-2022,12100,14071,14700,14071
31-08-2022,11728,13614,14800,13614
30-08-2022,12045,13664,14300,13664
29-08-2022,12329,13735,14200,13735
28-08-2022,12540,14186,14100,14186
27-08-2022,12931,14555,14400,14555
26-08-2022,12828,14405,13800,14405
25-08-2022,12678,14372,14100,14372
24-08-2022,11760,14033,14200,14033
23-08-2022,11966,13737,14200,13737
22-08-2022,11683,13663,14300,13663
21-08-2022,11693,13638,14200,13638
20-08-2022,11323,13826,14000,13826
19-08-2022,11364,13613,13600,13613
18-08-2022,12292,14423,14000,14423
17-08-2022,11905,13880,14300,13880
16-08-2022,11734,13950,14200,13950
15-08-2022,11470,13830,13600,13830
14-08-2022,11649,13590,14000,13590
13-08-2022,11328,13314,14700,13314
12-08-2022,10932,12925,14200,12925
11-08-2022,11033,13246,13800,13246
10-08-2022,10805,13200,13800,13200
09-08-2022,11360,13615,13600,13615
07-08-2022,11730,13539,14200,13539
07-08-2022,10523,12380,14000,12380
06-08-2022,10893,12778,13800,12778
05-08-2022,10700,12580,13000,12580
04-08-2022,11106,12591,14000,12591
03-08-2022,11315,12982,14000,12982
02-08-2022,11054,12898,13900,12898
01-08-2022,10934,12700,14000,12700
31-07-2022,11040,12935,14000,12935
30-07-2022,11240,13105,13800,13105
29-07-2022,11299,12994,12800,12994
28-07-2022,10912,12876,14000,12876
27-07-2022,10696,11965,14400,11965
26-07-2022,10660,11810,13850,11810
25-07-2022,10664,11831,14000,11831
24-07-2022,11242,12313,14000,12313
23-07-2022,11405,12758,14000,12758
22-07-2022,11407,12635,12900,12635
21-07-2022,11640,12570,14200,12570
20-07-2022,11520,12051,14200,12051
19-07-2022,11813,12482,14400,12482
18-07-2022,13309,14919,14500,14919
17-07-2022,13928,15251,14600,15251
16-07-2022,14190,15730,13600,15730
15-07-2022,13891,15811,12900,15811
14-07-2022,13358,15416,12800,15416
13-07-2022,13431,15107,13000,15107
12-07-2022,12630,14255,12500,14255
11-07-2022,12525,14080,12800,14080
10-07-2022,13311,14873,11500,14873
09-07-2022,12825,14230,12500,14230
08-07-2022,12681,14002,12500,14002
07-07-2022,13048,14175,14000,14175
06-07-2022,12823,13878,14000,13878
05-07-2022,11820,13070,14000,13070
04-07-2022,11761,12818,14000,12818
03-07-2022,12771,13440,14250,13440
02-07-2022,12419,13792,13800,13792
01-07-2022,12705,14025,13000,14025
30-06-2022,13013,14241,13900,14241
29-06-2022,13472,14811,14000,14811
28-06-2022,13502,14755,14100,14755
27-06-2022,13649,14960,13900,14960
26-06-2022,13380,14920,14000,14920
25-06-2022,13579,15039,13500,15039
24-06-2022,13559,14967,12800,14967
23-06-2022,13415,14681,13500,14681
22-06-2022,13470,14693,13200,14693
21-06-2022,13284,14787,13900,14787
20-06-2022,13358,14718,12700,14718
19-06-2022,13492,14916,13000,14916
18-06-2022,13859,14919,12300,14919
17-06-2022,13789,15096,11000,15096
16-06-2022,13032,14696,14000,14696
15-06-2022,12634,14134,14000,14134
14-06-2022,12536,14181,14100,14181
13-06-2022,13473,14215,14200,14215
12-06-2022,13770,14510,14400,14510
11-06-2022,14082,14763,13600,14763
10-06-2022,13841,14349,12700,14349
09-06-2022,13866,14376,13500,14376
08-06-2022,13492,14381,13934,14381
07-06-2022,13516,14057,13900,14057
06-06-2022,14349,15151,14200,15151
05-06-2022,13861,15361,14000,15361
04-06-2022,14235,15274,14100,15274
03-06-2022,14108,15128,12500,15128
02-06-2022,13923,14994,13900,14994
01-06-2022,13869,14953,14000,14953
31-05-2022,14353,15367,14000,15367
30-05-2022,13831,14808,14000,14808
29-05-2022,13857,14964,13800,14964
28-05-2022,13675,14559,13800,14559
27-05-2022,13648,14782,12500,14782
26-05-2022,13895,14906,14000,14906
25-05-2022,13890,14762,14100,14762
24-05-2022,13568,14668,14200,14668
23-05-2022,14133,14732,14000,14732
22-05-2022,14372,14978,13500,14978
21-05-2022,13950,15250,12000,15250
20-05-2022,14760,15307,12700,15307
19-05-2022,14878,15331,14000,15331
18-05-2022,14332,15066,14000,15066
17-05-2022,14493,15063,14000,15063
16-05-2022,14851,15519,14000,15519
15-05-2022,14814,15420,13500,15420
14-05-2022,14717,15291,12900,15291
13-05-2022,14828,15408,12300,15408
12-05-2022,15370,15995,12900,15995
11-05-2022,14943,15406,12500,15406
10-05-2022,14762,15324,12500,15324
09-05-2022,14958,15559,12900,15559
08-05-2022,15646,16205,13000,16205
07-05-2022,15230,16170,12000,16170
06-05-2022,15065,16197,12000,16197
05-05-2022,14302,15239,11200,15239
04-05-2022,13427,14787,8200,14787
03-05-2022,14050,15361,9200,15361
02-05-2022,14863,15746,12300,15746
01-05-2022,14850,15821,12000,15821
30-04-2022,14624,15410,14000,15410
29-04-2022,15258,15495,13700,15495
28-04-2022,15116,15547,14600,15547
27-04-2022,15296,15536,14800,15536
26-04-2022,15359,15542,15200,15542
25-04-2022,14758,14981,14800,14981
24-04-2022,14982,15121,14600,15121
23-04-2022,14594,15004,12000,15004
22-04-2022,14590,15340,13000,15340
21-04-2022,14947,15431,14000,15431
20-04-2022,14975,15380,13000,15380
19-04-2022,14422,14933,14800,14933
18-04-2022,14453,15150,14700,15150
17-04-2022,15050,15740,15000,15740
16-04-2022,14960,15493,14500,15493
15-04-2022,14607,15498,13800,15498
14-04-2022,15010,15487,14000,15487
13-04-2022,14379,15309,14600,15309
12-04-2022,14690,15460,14200,15460
11-04-2022,14434,15196,14200,15196
10-04-2022,13732,14751,14500,14751
09-04-2022,13582,14631,14500,14631
08-04-2022,14058,14781,13600,14781
07-04-2022,13675,14490,14400,14490
06-04-2022,13332,14251,14600,14251
05-04-2022,13130,14048,14600,14048
04-04-2022,12806,13695,14300,13695
03-04-2022,13060,13854,13800,13854
02-04-2022,14005,14682,13000,14682
01-04-2022,14042,14912,12900,14912
31-03-2022,13891,14815,13500,14815
30-03-2022,13898,14560,13400,14560
29-03-2022,13910,14525,13400,14525
28-03-2022,14040,14685,13600,14685
27-03-2022,13784,14495,13800,14495
26-03-2022,13305,13901,12600,13901
25-03-2022,13156,13846,12600,13846
24-03-2022,13249,13801,13800,13801
23-03-2022,13165,13755,13500,13755
22-03-2022,13459,14017,13500,14017
21-03-2022,13549,14062,13300,14062
20-03-2022,13558,13987,12900,13987
19-03-2022,13272,14043,11500,14043
18-03-2022,13036,13600,12000,13600
17-03-2022,13217,13674,12400,13674
16-03-2022,12313,12903,12300,12903
15-03-2022,11916,12391,12100,12391
14-03-2022,12499,13055,12400,13055
13-03-2022,12691,13132,12500,13132
12-03-2022,12545,12984,11100,12984
11-03-2022,12478,13053,11000,13053
10-03-2022,12882,13488,12000,13488
09-03-2022,12816,13480,12000,13480
08-03-2022,12645,13340,11700,13340
07-03-2022,12884,13494,11500,13494
06-03-2022,12246,12790,11400,12790
05-03-2022,12042,12720,10500,12720
04-03-2022,11959,12360,10000,12360
03-03-2022,11775,12360,10800,12360
02-03-2022,12017,12512,10900,12512
01-03-2022,11982,12562,11000,12562
28-02-2022,11896,12463,10400,12463
27-02-2022,11839,12431,10500,12431
26-02-2022,11850,12615,10400,12615
25-02-2022,11728,12248,9300,12248
24-02-2022,12050,12650,10500,12650
23-02-2022,11722,12218,10100,12218
22-02-2022,11538,12170,10100,12170
21-02-2022,11888,12555,9200,12555
20-02-2022,12064,12703,10600,12703
19-02-2022,11928,12656,10100,12656
18-02-2022,11920,12423,9000,12423
17-02-2022,12030,12526,10000,12526
16-02-2022,11871,12369,10250,12369
15-02-2022,11493,12387,10000,12387
14-02-2022,12018,12576,10000,12576
13-02-2022,11879,12595,10300,12595
12-02-2022,12051,12787,9600,12787
11-02-2022,11870,12580,9500,12580
10-02-2022,11840,12445,9800,12445
09-02-2022,11980,12649,10000,12649
08-02-2022,11967,12674,9800,12674
07-02-2022,11460,12267,9700,12267
06-02-2022,11852,12677,10000,12677
05-02-2022,11706,12484,9100,12484
04-02-2022,11754,12447,8500,12447
03-02-2022,11511,12204,10200,12204
02-02-2022,11112,11752,10000,11752
01-02-2022,11235,12010,10000,12010
31-01-2022,11220,11955,10000,11955
30-01-2022,11577,12401,10200,12401
29-01-2022,11516,12341,9800,12341
28-01-2022,11423,12218,8800,12218
27-01-2022,11320,12140,10200,12140
26-01-2022,11408,12076,10200,12076
25-01-2022,11489,12117,10000,12117
24-01-2022,11469,12107,9800,12107
23-01-2022,11383,12030,9750,12030
22-01-2022,11750,12470,9800,12470
21-01-2022,11635,12375,8800,12375
20-01-2022,11590,12255,10000,12255
19-01-2022,11530,12186,10000,12186
18-01-2022,11514,12165,9900,12165
17-01-2022,11290,11965,9900,11965
16-01-2022,11399,12077,9800,12077
15-01-2022,11266,12072,9300,12072
14-01-2022,10929,11767,8600,11767
13-01-2022,10606,11511,9900,11511
12-01-2022,10255,11250,9850,11250
11-01-2022,10930,11767,9900,11767
10-01-2022,11116,11907,9600,11907
09-01-2022,10881,11677,9800,11677
08-01-2022,11197,12061,9200,12061
07-01-2022,11240,12210,8500,12210
06-01-2022,11582,12473,9500,12473
05-01-2022,11458,12501,9500,12501
04-01-2022,11089,11982,9300,11982
03-01-2022,11556,12813,9000,12813
03-01-2022,11052,11967,9300,11967
02-01-2022,11165,12090,9600,12090
01-01-2022,11496,12422,9200,12422
31-12-2021,11219,12355,8500,12355
30-12-2021,10918,12076,9500,12076
29-12-2021,11383,12253,9500,12253
28-12-2021,11433,12361,9800,12361
27-12-2021,11613,12950,9800,12950
26-12-2021,11778,13215,9500,13215
25-12-2021,11796,13034,9200,13034
24-12-2021,11262,12635,8300,12635
23-12-2021,11075,12470,9400,12470
22-12-2021,11720,13080,9500,13080
21-12-2021,11600,12966,9200,12966
20-12-2021,11731,12929,9200,12929
19-12-2021,11962,13282,9300,13282
18-12-2021,11721,13055,9100,13055
17-12-2021,11456,12792,8300,12792
16-12-2021,11807,13138,8600,13138
15-12-2021,11355,13042,9200,13042
14-12-2021,11842,13176,9600,13176
13-12-2021,11768,13104,9600,13104
12-12-2021,11640,12980,9800,12980
11-12-2021,12096,13484,9000,13484
10-12-2021,11559,12992,8500,12992
09-12-2021,11950,13400,9700,13400
08-12-2021,11700,13060,9700,13060
07-12-2021,11795,13171,9200,13171
06-12-2021,11755,13078,9500,13078
05-12-2021,11581,12926,9600,12926
04-12-2021,11140,12415,9000,12415
03-12-2021,11040,12380,9000,12380
02-12-2021,12492,13781,9700,13781
01-12-2021,12330,13760,9600,13760
30-11-2021,12509,13923,9300,13923
29-11-2021,11868,13301,9300,13301
28-11-2021,11925,13218,9700,13218
27-11-2021,11913,13207,8800,13207
26-11-2021,11810,13209,9000,13209
25-11-2021,12387,13615,9900,13615
24-11-2021,12259,13553,10300,13553
23-11-2021,12350,13720,10000,13720
22-11-2021,12837,14263,9700,14263
21-11-2021,13106,14618,10200,14618
20-11-2021,12993,14514,9200,14514
19-11-2021,12888,14484,9000,14484
18-11-2021,12870,14353,9900,14353
17-11-2021,12450,13953,9700,13953
16-11-2021,12318,13864,9800,13864
15-11-2021,12163,13663,9300,13663
14-11-2021,12128,13624,9800,13624
13-11-2021,12741,14233,10500,14233
12-11-2021,12967,14434,10000,14434
11-11-2021,12659,14075,10500,14075
10-11-2021,12709,14185,10500,14185
08-11-2021,12465,13765,10000,13765
07-11-2021,12797,14099,10400,14099
07-11-2021,12797,14099,10400,14099
06-11-2021,13043,14387,10300,14387
05-11-2021,12831,14087,9600,14087
04-11-2021,12827,14362,10500,14362
03-11-2021,13260,14571,10500,14571
02-11-2021,13635,15038,11000,15038
01-11-2021,13529,14872,11000,14872
31-10-2021,13495,14758,12000,14758
30-10-2021,13595,14749,11700,14749
29-10-2021,13488,14776,10700,14776
28-10-2021,13532,14684,12000,14684
27-10-2021,13471,14687,12000,14687
25-10-2021,13898,15057,12000,15057
24-10-2021,13578,14773,12600,14773
23-10-2021,13375,14460,11500,14460
22-10-2021,13367,14404,11000,14404
21-10-2021,13551,14579,12400,14579
20-10-2021,13486,14569,11500,14569
19-10-2021,13457,14534,12000,14534
18-10-2021,13663,14762,12600,14762
17-10-2021,13550,14754,13600,14754
16-10-2021,13466,14618,13500,14618
15-10-2021,13614,14700,12900,14700
14-10-2021,13528,14618,13800,14618
13-10-2021,13158,14215,13700,14215
12-10-2021,13362,14350,13800,14350
11-10-2021,13213,14081,13800,14081
09-10-2021,13298,14426,12800,14426
09-10-2021,13298,14426,12800,14426
08-10-2021,13219,14300,12200,14300
07-10-2021,13415,14551,13000,14551
06-10-2021,13490,14505,12500,14505
05-10-2021,13846,14860,12500,14860
04-10-2021,13555,14830,13000,14830
03-10-2021,13901,14955,13800,14955
02-10-2021,13587,14718,13000,14718
01-10-2021,13866,14891,12800,14891
30-09-2021,14110,15149,13000,15149
29-09-2021,13810,14840,13000,14840
28-09-2021,13740,14934,13200,14934
27-09-2021,13927,14894,13800,14894
26-09-2021,13988,14930,13300,14930
26-09-2021,13988,14930,13300,14930
25-09-2021,13987,14938,13200,14938
22-09-2021,13995,14842,13200,14842
21-09-2021,13803,14620,13200,14620
20-09-2021,13756,14564,13300,14564
19-09-2021,13778,14618,13200,14618
18-09-2021,13816,14577,12800,14577
17-09-2021,13955,14721,12900,14721
16-09-2021,13842,14619,13500,14619
15-09-2021,13675,14390,13400,14390
14-09-2021,13540,14230,13500,14230
13-09-2021,13749,14523,13800,14523
12-09-2021,13923,14720,13800,14720
10-09-2021,13540,14238,12500,14238
09-09-2021,13370,14180,13500,14180
08-09-2021,13409,14315,13500,14315
07-09-2021,13381,14395,13300,14395
06-09-2021,13186,14280,13800,14280
05-09-2021,13460,14592,13800,14592
04-09-2021,13578,14697,13000,14697
03-09-2021,13257,14311,12300,14311
02-09-2021,12863,14205,13300,14205
01-09-2021,13308,14170,13500,14170
31-08-2021,13266,14241,13500,14241
30-08-2021,13490,14234,13000,14234
29-08-2021,13680,14423,13500,14423
28-08-2021,13705,14448,13000,14448
27-08-2021,13239,14432,12000,14432
26-08-2021,13746,14669,13000,14669
25-08-2021,13615,14507,13300,14507
24-08-2021,13742,14679,13000,14679
23-08-2021,13914,14883,13500,14883
22-08-2021,14250,15255,13200,15255
21-08-2021,14223,15250,12400,15250
20-08-2021,13832,14924,12200,14924
19-08-2021,13818,14777,12800,14777
18-08-2021,14417,15431,13100,15431
17-08-2021,14065,15255,13000,15255
16-08-2021,14084,15036,13200,15036
15-08-2021,14195,15185,12500,15185
14-08-2021,14225,15200,12600,15200
13-08-2021,14226,15044,12800,15044
12-08-2021,14310,14945,13000,14945
11-08-2021,13821,14895,13000,14895
10-08-2021,14060,14879,13000,14879
09-08-2021,14060,14879,13000,14879
08-08-2021,14454,14931,13200,14931
07-08-2021,14258,14902,12700,14902
06-08-2021,14119,14744,11700,14744
05-08-2021,13980,14619,13000,14619
04-08-2021,13784,14448,12400,14448
03-08-2021,14106,14863,13000,14863
02-08-2021,14106,14930,12000,14930
01-08-2021,14453,15220,12000,15220
31-07-2021,14180,14980,11000,14980
30-07-2021,14021,14813,9500,14813
29-07-2021,13962,14733,10000,14733
28-07-2021,14147,14994,11000,14994
27-07-2021,14610,15430,11500,15430
26-07-2021,14290,15180,12200,15180
25-07-2021,14225,15089,11500,15089
24-07-2021,14325,15185,12800,15185
23-07-2021,14308,15144,12700,15144
22-07-2021,13512,14542,11500,14542
21-07-2021,13814,14844,11500,14844
20-07-2021,14087,15283,10600,15283
19-07-2021,13967,14920,13000,14920
18-07-2021,14535,15478,13300,15478
17-07-2021,14484,15427,13300,15427
16-07-2021,14606,15407,12800,15407
15-07-2021,14095,15387,13700,15387
14-07-2021,13980,15171,13000,15171
13-07-2021,14245,15331,13400,15331
12-07-2021,14163,15270,13500,15270
11-07-2021,14200,15385,13300,15385
10-07-2021,14144,15299,12700,15299
09-07-2021,13884,15105,11900,15105
08-07-2021,13849,15050,12000,15050
07-07-2021,13739,14924,12600,14924
06-07-2021,13780,14980,13000,14980
05-07-2021,13869,15216,12500,15216
04-07-2021,14134,15507,12000,15507
03-07-2021,14203,15430,12400,15430
02-07-2021,14143,15193,11000,15193
01-07-2021,14650,15390,11500,15390
30-06-2021,14476,15304,12800,15304
29-06-2021,14589,15524,13000,15524
28-06-2021,14366,15566,13400,15566
27-06-2021,14253,15612,13600,15612
26-06-2021,14712,15598,12800,15598
25-06-2021,14861,15711,11800,15711
24-06-2021,14828,15802,13200,15802
23-06-2021,14655,15715,13000,15715
22-06-2021,13903,15299,12500,15299
21-06-2021,14187,15113,12900,15113
20-06-2021,14247,15190,11800,15190
19-06-2021,14478,15411,12700,15411
18-06-2021,13085,13960,11000,13960
17-06-2021,14012,14897,12000,14897
16-06-2021,13615,14580,12800,14580
15-06-2021,13929,14854,13000,14854
14-06-2021,13887,14863,13000,14863
13-06-2021,14266,15227,13500,15227
12-06-2021,14057,15539,13700,15539
11-06-2021,14509,15511,12000,15511
10-06-2021,14491,15487,13500,15487
09-06-2021,14466,15482,13000,15482
08-06-2021,14053,15420,11500,15420
07-06-2021,13980,15246,13200,15246
06-06-2021,14791,15748,13500,15748
05-06-2021,14553,15570,12800,15570
04-06-2021,15099,16011,12000,16011
03-06-2021,14339,15283,13800,15283
02-06-2021,13960,14766,13000,14766
01-06-2021,13585,14261,12200,14261
31-05-2021,13446,14397,13200,14397
30-05-2021,13758,14571,13700,14571
29-05-2021,14268,15133,13000,15133
28-05-2021,14138,14956,11500,14956
27-05-2021,14045,15225,12500,15225
26-05-2021,14392,15623,11500,15623
25-05-2021,14986,16053,11800,16053
24-05-2021,14986,15881,14500,15881
23-05-2021,14923,15861,14500,15861
22-05-2021,14470,15750,13000,15750
21-05-2021,14458,15504,12300,15504
20-05-2021,14800,15717,13200,15717
19-05-2021,14305,15161,12500,15161
18-05-2021,14358,15278,13000,15278
17-05-2021,14400,15350,11600,15350
16-05-2021,14275,15285,11200,15285
15-05-2021,13777,14686,11000,14686
14-05-2021,14741,15720,10500,15720
13-05-2021,14914,15761,10700,15761
12-05-2021,14545,15766,11000,15766
11-05-2021,14985,15748,11000,15748
10-05-2021,14829,15724,11800,15724
09-05-2021,15002,15780,13000,15780
08-05-2021,14855,15773,12000,15773
07-05-2021,14256,15418,11800,15418
06-05-2021,14669,15467,12200,15467
05-05-2021,14624,15462,13000,15462
04-05-2021,14667,15616,13000,15616
03-05-2021,14975,16086,13200,16086
02-05-2021,15070,15965,13700,15965
01-05-2021,14867,15732,11800,15732
30-04-2021,14867,15821,13300,15821
29-04-2021,14922,16101,13500,16101
28-04-2021,14469,15398,14100,15398
27-04-2021,14370,15300,13950,15300
26-04-2021,14358,15425,13700,15425
25-04-2021,14978,15687,13400,15687
24-04-2021,15039,15828,13300,15828
23-04-2021,14726,15546,12900,15546
22-04-2021,14495,15545,13000,15545
21-04-2021,14746,15595,13500,15595
20-04-2021,14926,15739,13300,15739
19-04-2021,14846,16041,12900,16041
18-04-2021,15009,15834,12000,15834
17-04-2021,15075,15995,13000,15995
16-04-2021,14376,15459,12200,15459
15-04-2021,14691,15434,13200,15434
14-04-2021,14755,15498,13200,15498
13-04-2021,14598,15354,13300,15354
12-04-2021,14430,15175,13100,15175
11-04-2021,14257,14996,13100,14996
10-04-2021,14129,15072,12800,15072
09-04-2021,14401,15293,12200,15293
08-04-2021,14883,15688,12900,15688
07-04-2021,14669,15373,12700,15373
06-04-2021,15315,16000,12000,16000
05-04-2021,15318,15995,12800,15995
04-04-2021,15138,15995,13200,15995
03-04-2021,14768,15846,12800,15846
02-04-2021,14766,15662,12500,15662
01-04-2021,15265,16287,13000,16287
31-03-2021,14940,15619,12900,15619
30-03-2021,15281,15938,11500,15938
29-03-2021,15332,16054,12800,16054
28-03-2021,14823,15725,13000,15725
27-03-2021,15163,15935,12400,15935
26-03-2021,14478,15385,12200,15385
25-03-2021,14129,15061,12800,15061
24-03-2021,14219,15114,12800,15114
23-03-2021,14308,15203,12800,15203
22-03-2021,14293,15253,12800,15253
21-03-2021,14744,15629,12500,15629
20-03-2021,14649,15689,11300,15689
19-03-2021,14460,15605,11000,15605
18-03-2021,14625,15655,11800,15655
17-03-2021,14463,15367,11200,15367
16-03-2021,14629,15593,11600,15593
15-03-2021,14389,15439,11400,15439
14-03-2021,14421,15521,11800,15521
13-03-2021,14305,15445,11800,15445
12-03-2021,14224,15147,10900,15147
11-03-2021,13738,14811,11200,14811
10-03-2021,13887,14911,11400,14911
09-03-2021,14263,15283,11200,15283
08-03-2021,14910,15905,11400,15905
07-03-2021,15180,16180,11400,16180
06-03-2021,14410,15350,11000,15350
05-03-2021,13714,14581,9600,14581
04-03-2021,13081,13951,10800,13951
03-03-2021,13400,14330,11000,14330
02-03-2021,13029,13896,11200,13896
01-03-2021,13365,14240,10800,14240
28-02-2021,13360,14478,10800,14478
27-02-2021,13229,14488,10100,14488
26-02-2021,13135,14349,9200,14349
25-02-2021,13091,14145,9800,14145
24-02-2021,12949,14149,10000,14149
23-02-2021,13060,14281,9700,14281
22-02-2021,12782,13837,9700,13837
21-02-2021,12190,13467,8700,13467
20-02-2021,12584,13545,9100,13545
19-02-2021,12405,13530,9000,13530
18-02-2021,13137,14125,9700,14125
17-02-2021,13175,14144,9700,14144
16-02-2021,12768,13740,9600,13740
15-02-2021,12019,13360,9500,13360
14-02-2021,12806,14021,9600,14021
13-02-2021,12679,14091,9300,14091
12-02-2021,12575,14068,9000,14068
11-02-2021,12511,13897,9600,13897
08-02-2021,12200,13425,9300,13425
07-02-2021,12398,13622,9300,13622
06-02-2021,12413,13707,9300,13707
05-02-2021,12430,13750,8200,13750
04-02-2021,11837,13069,9300,13069
03-02-2021,12064,13211,9300,13211
02-02-2021,11761,12933,9300,12933
01-02-2021,11864,12962,9200,12962
31-01-2021,12156,13415,9300,13415
30-01-2021,12248,13722,9300,13722
29-01-2021,11771,13011,8400,13011
28-01-2021,11442,13155,9400,13155
27-01-2021,11405,12498,9400,12498
26-01-2021,11051,12269,9500,12269
25-01-2021,10876,12048,9300,12048
24-01-2021,10644,11765,9700,11765
23-01-2021,10819,11956,9500,11956
22-01-2021,11336,12573,8000,12573
21-01-2021,11931,13051,9500,13051
20-01-2021,11812,12946,9500,12946
19-01-2021,12323,13459,9400,13459
18-01-2021,11662,12797,9500,12797
17-01-2021,12170,13353,9500,13353
16-01-2021,12003,13221,9200,13221
15-01-2021,11899,13161,8600,13161
14-01-2021,11812,13004,9300,13004
13-01-2021,11643,12836,9500,12836
12-01-2021,11836,13148,9500,13148
11-01-2021,12135,13464,9500,13464
10-01-2021,12459,13631,9500,13631
10-01-2021,12459,13631,9500,13631
09-01-2021,12413,13677,9100,13677
09-01-2021,12413,13677,9100,13677
08-01-2021,12057,13273,8400,13273
07-01-2021,11965,13150,9200,13150
06-01-2021,12019,13194,9200,13194
05-01-2021,12245,13621,9200,13621
04-01-2021,12271,13529,9000,13529
02-01-2021,11285,12675,9000,12675
01-01-2021,11483,12833,8000,12833
31-12-2020,11686,12866,9000,12866
30-12-2020,11800,13053,9000,13053
29-12-2020,12382,13822,8900,13822
28-12-2020,12323,13586,9000,13586
27-12-2020,12302,13547,9000,13547
26-12-2020,12469,13673,8800,13673
25-12-2020,11935,13198,8100,13198
24-12-2020,11926,13152,8900,13152
23-12-2020,11796,13091,9000,13091
22-12-2020,11429,12764,9000,12764
21-12-2020,12223,13481,8800,13481
20-12-2020,12532,13841,9000,13841
19-12-2020,12396,13632,8500,13632
18-12-2020,12234,13526,7800,13526
17-12-2020,12210,13510,8400,13510
16-12-2020,12245,13495,8000,13495
15-12-2020,11586,13405,9000,13405
14-12-2020,11976,13483,9100,13483
13-12-2020,11751,13407,9200,13407
12-12-2020,11744,13643,8500,13643
11-12-2020,12001,13382,8000,13382
10-12-2020,12441,13630,8900,13630
09-12-2020,12493,13683,9000,13683
08-12-2020,12240,13500,9000,13500
07-12-2020,12467,13791,9000,13791
06-12-2020,12155,13453,9200,13453
05-12-2020,12431,13509,8800,13509
04-12-2020,12307,13397,7800,13397
03-12-2020,12369,13524,9200,13524
02-12-2020,13072,14425,9200,14425
01-12-2020,13398,14533,9200,14533
30-11-2020,13289,14474,9200,14474
29-11-2020,13121,14246,9200,14246
28-11-2020,12936,14126,8800,14126
27-11-2020,12807,14211,8000,14211
26-11-2020,12788,14142,9000,14142
25-11-2020,12780,14096,9000,14096
24-11-2020,12603,13903,9200,13903
23-11-2020,13041,14336,9300,14336
22-11-2020,12984,14314,9600,14314
21-11-2020,12448,14081,9500,14081
20-11-2020,11940,13670,8500,13670
19-11-2020,13111,14422,9800,14422
18-11-2020,12828,14139,10000,14139
17-11-2020,13128,14439,9800,14439
16-11-2020,13186,14496,10000,14496
15-11-2020,12936,14363,10300,14363
14-11-2020,13178,14511,9800,14511
13-11-2020,13030,14216,10000,14216
12-11-2020,13237,14582,10300,14582
11-11-2020,13464,14783,10400,14783
10-11-2020,12666,13965,10400,13965
09-11-2020,12767,14164,10200,14164
08-11-2020,12931,14103,10200,14103
07-11-2020,12585,13980,9200,13980
06-11-2020,13084,14220,10300,14220
05-11-2020,13248,14497,10800,14497
04-11-2020,13785,14697,11700,14697
03-11-2020,13948,14767,11800,14767
02-11-2020,13889,14659,11700,14659
01-11-2020,13881,14804,11900,14804
31-10-2020,13867,14948,12000,14948
30-10-2020,13787,14868,11300,14868
29-10-2020,13841,14942,11800,14942
28-10-2020,13925,15043,11500,15043
27-10-2020,14012,15137,11700,15137
26-10-2020,13810,14658,11000,14658
25-10-2020,13692,14550,11200,14550
24-10-2020,13209,14356,10500,14356
23-10-2020,13291,14449,8800,14449
22-10-2020,13589,14534,11700,14534
21-10-2020,13871,14849,12800,14849
20-10-2020,13861,14789,12800,14789
19-10-2020,13826,14726,12800,14726
18-10-2020,13862,14804,13000,14804
17-10-2020,13712,14620,12500,14620
16-10-2020,13597,14419,12000,14419
15-10-2020,13934,14569,13000,14569
14-10-2020,13834,14722,13100,14722
13-10-2020,14145,15017,13100,15017
12-10-2020,14125,14997,13100,14997
11-10-2020,13640,14604,13000,14604
10-10-2020,13979,14953,12500,14953
09-10-2020,13105,14150,12000,14150
08-10-2020,13379,14513,12400,14513
07-10-2020,13309,14201,12300,14201
06-10-2020,13446,14288,12400,14288
05-10-2020,13428,14573,12700,14573
04-10-2020,13188,14068,12700,14068
03-10-2020,13052,13893,11800,13893
02-10-2020,12996,13855,11500,13855
01-10-2020,13545,14405,12600,14405
30-09-2020,13337,14541,12800,14541
29-09-2020,13000,13950,12500,13950
28-09-2020,13620,14458,11900,14458
27-09-2020,13509,14415,11500,14415
26-09-2020,13305,14271,11000,14271
25-09-2020,13287,14153,10500,14153
24-09-2020,12730,13620,11400,13620
23-09-2020,13055,13971,11900,13971
22-09-2020,12963,14018,11900,14018
21-09-2020,13326,14346,12200,14346
20-09-2020,13304,14381,13000,14381
19-09-2020,12860,13900,12000,13900
18-09-2020,12486,14004,11500,14004
17-09-2020,12778,13758,12500,13758
16-09-2020,13672,14484,12300,14484
15-09-2020,14230,15045,12500,15045
14-09-2020,14383,15189,12700,15189
13-09-2020,13985,15100,12700,15100
12-09-2020,14235,15026,12000,15026
11-09-2020,13847,14997,11500,14997
10-09-2020,13499,14870,12700,14870
09-09-2020,14443,15249,13000,15249
08-09-2020,14390,15199,12000,15199
07-09-2020,14364,15171,12400,15171
06-09-2020,14022,14859,13000,14859
05-09-2020,13939,14876,12500,14876
04-09-2020,14013,14870,11800,14870
03-09-2020,13428,14722,12400,14722
02-09-2020,13481,14508,12500,14508
01-09-2020,13743,14642,12200,14642
31-08-2020,13547,14478,12600,14478
30-08-2020,13201,14178,12200,14178
29-08-2020,13142,14184,11500,14184
28-08-2020,12822,13804,11000,13804
27-08-2020,13097,14009,11800,14009
26-08-2020,13313,14264,12000,14264
25-08-2020,13480,14445,12500,14445
24-08-2020,13581,14576,11900,14576
23-08-2020,12790,14510,11800,14510
22-08-2020,13118,14759,11500,14759
21-08-2020,13190,14481,10500,14481
20-08-2020,13266,14452,12000,14452
19-08-2020,13288,14632,12000,14632
18-08-2020,13698,14851,11900,14851
17-08-2020,13822,14887,11900,14887
16-08-2020,13903,14876,11900,14876
15-08-2020,13827,14860,11500,14860
14-08-2020,14050,15040,11900,15040
13-08-2020,13919,14914,12600,14914
12-08-2020,13699,14794,12500,14794
11-08-2020,13808,14803,12500,14803
10-08-2020,13744,14829,12400,14829
09-08-2020,13589,14702,12400,14702
08-08-2020,13347,14502,12000,14502
07-08-2020,13254,14409,10800,14409
06-08-2020,13348,14508,11300,14508
05-08-2020,13314,14582,11000,14582
04-08-2020,13095,14604,11400,14604
03-08-2020,11940,13324,11500,13324
02-08-2020,13354,14707,11000,14707
01-08-2020,13790,15135,9500,15135
31-07-2020,13268,14579,11000,14579
30-07-2020,13191,14795,11500,14795
29-07-2020,13824,15001,11500,15001
28-07-2020,13684,14861,12000,14861
27-07-2020,13762,14942,12700,14942
26-07-2020,13599,14775,12500,14775
25-07-2020,13487,14684,11600,14684
24-07-2020,13375,14572,10800,14572
23-07-2020,13020,14563,11800,14563
22-07-2020,13150,14569,11300,14569
21-07-2020,13603,14832,11000,14832
20-07-2020,13298,14537,11500,14537
19-07-2020,13643,14914,12400,14914
18-07-2020,13682,14986,11800,14986
17-07-2020,13409,14918,11000,14918
16-07-2020,13433,14868,12500,14868
15-07-2020,13488,14979,11800,14979
14-07-2020,13148,14545,11500,14545
13-07-2020,13629,15235,11000,15235
12-07-2020,13602,15198,11800,15198
11-07-2020,13222,14655,11500,14655
10-07-2020,13752,15214,10500,15214
09-07-2020,13290,15103,12300,15103
08-07-2020,13743,15221,12500,15221
07-07-2020,13739,15272,11500,15272
06-07-2020,13740,15275,11900,15275
05-07-2020,13466,15149,12000,15149
04-07-2020,13553,15265,12000,15265
03-07-2020,13545,15060,11500,15060
02-07-2020,13577,15206,12500,15206
01-07-2020,13852,15383,11800,15383
30-06-2020,14038,15620,11200,15620
29-06-2020,13705,15232,11000,15232
28-06-2020,13625,15202,11600,15202
27-06-2020,13685,15398,11000,15398
26-06-2020,13437,14920,11000,14920
25-06-2020,13700,15285,12200,15285
24-06-2020,12670,14790,12000,14790
23-06-2020,12719,14198,11700,14198
22-06-2020,13407,14865,11500,14865
21-06-2020,13413,14867,12000,14867
20-06-2020,13585,15070,11000,15070
19-06-2020,13636,15071,10000,15071
18-06-2020,13565,15025,10700,15025
17-06-2020,13563,15023,11500,15023
16-06-2020,13352,14817,11800,14817
15-06-2020,13339,15025,12000,15025
14-06-2020,13275,14957,12000,14957
13-06-2020,12970,15115,11000,15115
12-06-2020,12889,14997,10500,14997
11-06-2020,13284,15314,12000,15314
10-06-2020,12855,15223,12200,15223
09-06-2020,13066,15689,12000,15689
08-06-2020,12862,15316,11600,15316
07-06-2020,13234,15438,11500,15438
06-06-2020,12613,15053,10800,15053
05-06-2020,12511,15065,9000,15065
04-06-2020,12390,15053,11000,15053
03-06-2020,12258,14747,11000,14747
02-06-2020,11700,14765,11000,14765
11-12-2019,11352,13787,8700,13787
10-12-2019,11485,14046,8700,14046
09-12-2019,11390,13990,8700,13990
08-12-2019,11515,14038,8800,14038
07-12-2019,11341,13883,8500,13883
06-12-2019,11540,14072,8000,14072
05-12-2019,11715,14273,8900,14273
04-12-2019,11300,13800,8600,13800
03-12-2019,11416,13845,8700,13845
02-12-2019,11501,13939,9000,13939
01-12-2019,11302,13747,9100,13747
30-11-2019,11654,14223,9100,14223
29-11-2019,12130,14615,8400,14615
28-11-2019,12000,14483,9300,14483
27-11-2019,12105,14594,9100,14594
26-11-2019,12321,14675,9000,14675
25-11-2019,12271,14625,9000,14625
24-11-2019,12228,14893,7200,14893
23-11-2019,12230,15020,8500,15020
22-11-2019,12691,15215,8000,15215
