Date,Demand(MW),Generation(MW),Temp(C),Year,Month,Season,IsHoliday,DemandGenGap(MW),humidity,feelslike
2024-12-31,10600,14949,18.7,2024,12,0,0,4349,77.9,18.7
2024-12-30,10800,15475,21.8,2024,12,0,0,4675,61.4,21.7
2024-12-29,10800,14729,21.2,2024,12,0,0,3929,65.4,21.2
2024-12-28,9850,14492,21.2,2024,12,0,0,4642,66.0,21.2
2024-12-27,10600,14419,21.4,2024,12,0,1,3819,59.5,21.3
2024-12-26,10600,14092,21.9,2024,12,0,0,3492,58.3,21.8
2024-12-25,10500,13683,21.2,2024,12,0,0,3183,58.8,21.2
2024-12-24,10700,13349,20.5,2024,12,0,0,2649,65.3,20.5
2024-12-23,10700,13515,20.4,2024,12,0,0,2815,68.1,20.4
2024-12-22,10600,14032,19.8,2024,12,0,0,3432,75.6,19.8
2024-12-21,9200,13812,20.1,2024,12,0,0,4612,74.1,20.1
2024-12-19,10500,14157,20.3,2024,12,0,0,3657,68.6,20.3
2024-12-17,10250,13722,20.9,2024,12,0,0,3472,60.4,20.8
2024-12-16,9500,13296,19.9,2024,12,0,0,3796,64.5,19.8
2024-12-15,10200,13833,19.4,2024,12,0,0,3633,69.3,19.4
2024-12-14,10000,13256,18.8,2024,12,0,0,3256,73.6,18.8
2024-12-13,10000,13521,18.5,2024,12,0,1,3521,82.1,18.5
2024-12-12,10300,13840,16.8,2024,12,0,0,3540,87.5,16.8
2024-12-11,10300,13314,19.0,2024,12,0,0,3014,71.2,19.0
2024-12-10,10300,13745,20.6,2024,12,0,0,3445,74.5,20.6
2024-12-09,10600,13757,20.3,2024,12,0,0,3157,75.7,20.3
2024-12-08,10800,13341,20.5,2024,12,0,0,2541,57.0,20.5
2024-12-07,10000,13200,20.8,2024,12,0,0,3200,50.5,20.8
2024-12-06,9500,12855,21.3,2024,12,0,1,3355,56.2,21.3
2024-12-05,10900,13455,22.6,2024,12,0,0,2555,63.6,22.5
2024-12-04,11200,13262,22.5,2024,12,0,0,2062,62.5,22.4
2024-12-03,10800,13220,23.5,2024,12,0,0,2420,61.0,23.4
2024-12-02,10900,13607,23.5,2024,12,0,0,2707,60.1,23.4
2024-12-01,10900,14080,23.9,2024,12,0,0,3180,61.5,23.8
2024-11-30,10600,13990,24.2,2024,11,0,0,3390,66.2,24.3
2024-11-29,9200,14206,24.9,2024,11,0,1,5006,57.4,24.8
2024-11-28,10800,13564,23.6,2024,11,0,0,2764,61.4,23.5
2024-11-27,10800,14013,23.1,2024,11,0,0,3213,65.6,23.0
2024-11-26,10600,13778,22.7,2024,11,0,0,3178,64.8,22.7
2024-11-25,10700,14393,22.9,2024,11,0,0,3693,62.1,22.9
2024-11-24,11000,13187,23.5,2024,11,0,0,2187,64.8,23.4
2024-11-23,10500,13187,24.1,2024,11,0,0,2687,65.9,24.2
2024-11-22,10800,13325,23.8,2024,11,0,1,2525,61.2,23.7
2024-11-21,11000,13298,23.7,2024,11,0,0,2298,62.8,23.5
2024-11-20,11500,12715,23.9,2024,11,0,0,1215,63.3,23.7
2024-11-19,11100,13158,24.2,2024,11,0,0,2058,64.7,24.1
2024-11-18,11300,13453,23.8,2024,11,0,0,2153,62.2,23.8
2024-11-17,11800,13684,24.3,2024,11,0,0,1884,54.6,24.1
2024-11-15,11500,13315,25.6,2024,11,0,1,1815,69.7,25.9
2024-11-14,12400,13141,26.2,2024,11,0,0,741,68.5,26.6
2024-11-13,12800,13213,26.3,2024,11,0,0,413,65.1,26.7
2024-11-12,12550,12850,27.3,2024,11,0,0,300,57.7,27.6
2024-11-11,12500,12962,27.2,2024,11,0,0,462,63.7,27.8
2024-11-10,13000,12812,26.7,2024,11,0,0,-188,65.8,27.2
2024-11-09,12000,13801,26.5,2024,11,0,0,1801,64.3,26.9
2024-11-08,12000,13493,26.9,2024,11,0,1,1493,65.9,27.4
2024-11-07,13000,13535,26.5,2024,11,0,0,535,71.4,27.5
2024-11-06,13000,13807,25.3,2024,11,0,0,807,73.1,25.7
2024-11-05,13500,14022,27.7,2024,11,0,0,522,68.8,28.9
2024-11-04,13500,13974,27.9,2024,11,0,0,474,71.3,29.6
2024-11-03,14000,13476,27.8,2024,11,0,0,-524,75.0,29.7
2024-11-02,13000,13162,28.2,2024,11,0,0,162,73.8,30.6
2024-11-01,13200,13366,28.8,2024,11,0,1,166,74.7,32.4
2024-10-31,14000,13171,29.2,2024,10,1,0,-829,77.7,34.4
2024-10-30,14000,13623,29.3,2024,10,1,0,-377,75.6,34.1
2024-10-29,14800,14041,28.8,2024,10,1,0,-759,74.0,31.9
2024-10-28,14300,14186,29.2,2024,10,1,0,-114,71.4,32.4
2024-10-27,14300,14073,28.9,2024,10,1,0,-227,77.4,32.5
2024-10-26,13200,13792,28.6,2024,10,1,0,592,79.5,32.7
2024-10-25,11000,13677,27.4,2024,10,1,1,2677,80.9,30.3
2024-10-24,12800,14218,25.2,2024,10,1,0,1418,87.6,25.9
2024-10-23,14650,14651,28.0,2024,10,1,0,1,83.7,32.4
2024-10-22,14500,14851,29.5,2024,10,1,0,351,76.3,34.0
2024-10-21,13800,14732,28.1,2024,10,1,0,932,74.1,30.1
2024-10-20,13800,14787,27.8,2024,10,1,0,987,79.1,30.1
2024-10-19,13700,14360,28.0,2024,10,1,0,660,82.5,31.0
2024-10-18,12800,14830,26.9,2024,10,1,1,2030,90.7,29.4
2024-10-17,14300,14614,27.8,2024,10,1,0,314,83.5,31.7
2024-10-16,14500,14894,28.7,2024,10,1,0,394,77.3,32.3
2024-10-15,14400,14693,28.5,2024,10,1,0,293,74.6,31.4
2024-10-14,15000,14854,28.9,2024,10,1,0,-146,77.1,32.7
2024-10-13,14500,15020,29.1,2024,10,1,0,520,76.8,33.3
2024-10-12,14000,15227,28.4,2024,10,1,0,1227,82.0,32.2
2024-10-11,14000,14798,28.6,2024,10,1,1,798,82.3,33.3
2024-10-10,13500,14579,28.1,2024,10,1,0,1079,84.1,31.9
2024-10-09,14500,14985,27.4,2024,10,1,0,485,88.6,30.9
2024-10-08,15000,15000,28.3,2024,10,1,0,0,86.1,33.0
2024-10-07,15000,15535,28.3,2024,10,1,0,535,86.8,33.6
2024-10-06,14500,15415,28.7,2024,10,1,0,915,84.0,34.0
2024-10-05,12500,15330,26.1,2024,10,1,0,2830,94.4,27.4
2024-10-04,13000,15227,27.2,2024,10,1,1,2227,91.5,31.2
2024-10-03,14500,15030,26.8,2024,10,1,0,530,93.5,30.0
2024-10-02,15400,15202,28.9,2024,10,1,0,-198,87.0,35.2
2024-10-01,15200,15299,29.0,2024,10,1,0,99,86.6,35.6
2024-09-30,15500,16327,29.3,2024,9,1,0,827,90.8,38.2
2024-09-29,15500,16444,29.6,2024,9,1,0,944,85.9,37.4
2024-09-28,13500,16339,29.5,2024,9,1,0,2839,81.7,35.2
2024-09-27,13200,16228,27.4,2024,9,1,1,3028,90.2,30.9
2024-09-26,14000,16122,26.0,2024,9,1,0,2122,93.6,26.8
2024-09-25,14000,16474,27.0,2024,9,1,0,2474,93.1,31.1
2024-09-24,15600,16563,30.4,2024,9,1,0,963,78.6,38.0
2024-09-23,16300,15869,31.5,2024,9,1,0,-431,80.7,42.7
2024-09-22,15900,15760,30.7,2024,9,1,0,-140,71.5,36.0
2024-09-21,15700,16312,29.0,2024,9,1,0,612,79.2,34.7
2024-09-20,15500,16449,33.0,2024,9,1,1,949,73.7,44.3
2024-09-19,16000,16456,32.2,2024,9,1,0,456,76.3,42.7
2024-09-18,15400,16131,31.0,2024,9,1,0,731,77.3,39.5
2024-09-17,15500,16266,29.9,2024,9,1,0,766,79.2,35.9
2024-09-16,12600,16420,28.1,2024,9,1,0,3820,85.5,32.4
2024-09-15,12000,16012,26.1,2024,9,1,0,4012,94.9,27.1
2024-09-14,13000,16174,26.0,2024,9,1,0,3174,92.0,26.3
2024-09-13,15000,16409,30.6,2024,9,1,1,1409,72.8,37.1
2024-09-12,15700,16001,31.8,2024,9,1,0,301,75.3,40.8
2024-09-11,15900,15614,30.8,2024,9,1,0,-286,80.5,40.2
2024-09-10,16200,14681,29.7,2024,9,1,0,-1519,82.9,36.9
2024-09-09,16200,15482,30.7,2024,9,1,0,-718,75.4,38.0
2024-09-08,15900,15540,31.0,2024,9,1,0,-360,75.8,38.9
2024-09-07,15500,15915,30.5,2024,9,1,0,415,81.8,39.2
2024-09-06,14000,15385,29.9,2024,9,1,1,1385,78.5,36.3
2024-09-05,15600,15004,29.3,2024,9,1,0,-596,86.9,37.1
2024-09-04,15500,15298,30.0,2024,9,1,0,-202,81.4,37.2
2024-09-03,15200,15859,28.0,2024,9,1,0,659,89.0,33.5
2024-09-02,15600,16914,29.4,2024,9,1,0,1314,85.2,37.1
2024-09-01,15500,16936,29.5,2024,9,1,0,1436,82.3,36.6
2024-08-31,15000,16656,30.4,2024,8,1,0,1656,76.8,37.7
2024-08-30,14000,16003,30.6,2024,8,1,1,2003,76.9,37.6
2024-08-29,15000,16447,30.6,2024,8,1,0,1447,77.1,37.7
2024-08-28,14600,16406,28.8,2024,8,1,0,1806,85.0,35.1
2024-08-27,14000,15756,28.3,2024,8,1,0,1756,85.8,33.3
2024-08-26,12800,15434,27.0,2024,8,1,0,2634,89.6,29.8
2024-08-25,14200,15191,27.3,2024,8,1,0,991,89.3,30.5
2024-08-24,13700,15510,29.2,2024,8,1,0,1810,80.1,34.9
2024-08-23,12300,14982,28.1,2024,8,1,1,2682,88.6,33.5
2024-08-22,14000,15164,26.9,2024,8,1,0,1164,94.1,30.5
2024-08-21,13500,14974,27.4,2024,8,1,0,1474,94.4,32.4
2024-08-20,13500,15601,28.5,2024,8,1,0,2101,85.9,33.3
2024-08-19,15000,15777,26.7,2024,8,1,0,777,90.9,28.8
2024-08-18,15000,15623,27.6,2024,8,1,0,623,88.7,31.7
2024-08-17,14500,15100,28.1,2024,8,1,0,600,81.7,32.3
2024-08-16,14500,15022,28.8,2024,8,1,1,522,84.8,34.8
2024-08-15,16000,15152,30.6,2024,8,1,0,-848,78.2,38.3
2024-08-14,15500,15516,30.5,2024,8,1,0,16,80.5,38.8
2024-08-13,14700,16286,29.6,2024,8,1,0,1586,85.8,37.7
2024-08-12,14500,15918,28.8,2024,8,1,0,1418,88.5,35.9
2024-08-11,15000,15287,28.8,2024,8,1,0,287,86.9,35.4
2024-08-10,14500,15540,29.0,2024,8,1,0,1040,84.9,35.6
2024-08-09,13500,16595,28.7,2024,8,1,1,3095,84.4,34.4
2024-08-08,14100,17615,29.0,2024,8,1,0,3515,83.2,35.1
2024-08-07,14000,17638,29.2,2024,8,1,0,3638,83.7,35.9
2024-08-06,14000,15856,29.2,2024,8,1,0,1856,82.5,35.6
2024-08-05,13000,15969,28.9,2024,8,1,0,2969,84.3,35.3
2024-08-04,14800,15695,29.0,2024,8,1,0,895,82.4,34.5
2024-08-03,13600,16532,27.7,2024,8,1,0,2932,91.1,32.6
2024-08-02,12500,16152,26.5,2024,8,1,1,3652,94.1,28.2
2024-08-01,15500,15671,27.1,2024,8,1,0,171,93.0,30.4
2024-07-31,16000,16160,29.8,2024,7,1,0,160,84.1,37.6
2024-07-30,16000,16084,29.1,2024,7,1,0,84,86.2,36.5
2024-07-29,16000,16212,30.0,2024,7,1,0,212,80.1,37.5
2024-07-28,16000,16178,31.1,2024,7,1,0,178,74.6,39.0
2024-07-27,15500,16666,31.2,2024,7,1,0,1166,74.9,39.5
2024-07-26,15000,15527,30.8,2024,7,1,1,527,75.9,38.5
2024-07-25,15200,16521,30.6,2024,7,1,0,1321,78.6,38.4
2024-07-18,16000,16126,32.6,2024,7,1,0,126,69.6,41.5
2024-07-17,15800,16630,31.1,2024,7,1,0,830,77.3,39.7
2024-07-16,16500,15837,30.3,2024,7,1,0,-663,78.6,38.0
2024-07-15,16000,15535,30.9,2024,7,1,0,-465,75.6,38.7
2024-07-14,15900,16746,30.1,2024,7,1,0,846,79.7,37.6
2024-07-13,14800,16225,29.1,2024,7,1,0,1425,84.9,36.0
2024-07-12,13500,16036,27.9,2024,7,1,1,2536,89.2,32.9
2024-07-11,15500,15012,29.4,2024,7,1,0,-488,84.6,36.6
2024-07-10,15800,15794,30.4,2024,7,1,0,-6,79.9,38.4
2024-07-09,15700,15732,29.5,2024,7,1,0,32,82.7,36.8
2024-07-08,15500,15530,30.3,2024,7,1,0,30,77.9,37.5
2024-07-07,15000,16076,30.3,2024,7,1,0,1076,77.4,37.1
2024-07-06,14500,15150,29.3,2024,7,1,0,650,83.4,35.9
2024-07-05,13500,14980,28.2,2024,7,1,1,1480,87.1,33.8
2024-07-04,14500,15980,28.1,2024,7,1,0,1480,89.8,33.9
2024-07-03,14200,16697,27.9,2024,7,1,0,2497,88.6,33.0
2024-07-01,14300,14825,28.0,2024,7,1,0,525,93.6,34.1
2024-06-30,15200,14029,28.3,2024,6,1,0,-1171,88.9,34.4
2024-06-29,14000,14614,29.0,2024,6,1,0,614,87.8,36.5
2024-06-28,14200,14555,29.1,2024,6,1,1,355,84.8,36.0
2024-06-27,16000,14691,30.2,2024,6,1,0,-1309,78.4,37.4
2024-06-26,15600,14520,29.7,2024,6,1,0,-1080,84.0,37.8
2024-06-25,15700,14103,31.1,2024,6,1,0,-1597,74.5,38.7
2024-06-23,15000,17026,30.8,2024,6,1,0,2026,76.4,38.4
2024-06-22,13700,16274,29.4,2024,6,1,0,2574,84.7,36.7
2024-06-21,12000,16324,29.4,2024,6,1,1,4324,80.7,34.8
2024-06-20,12000,16048,27.1,2024,6,1,0,4048,86.7,30.1
2024-06-19,12500,16012,28.2,2024,6,1,0,3512,82.5,32.9
2024-06-18,13500,16760,29.9,2024,6,1,0,3260,83.5,38.3
2024-06-17,12500,16682,31.1,2024,6,1,0,4182,79.2,40.9
2024-06-16,13600,16170,30.8,2024,6,1,0,2570,78.2,39.3
2024-06-15,14600,16078,30.3,2024,6,1,0,1478,84.6,39.8
2024-06-14,14000,15759,28.6,2024,6,1,1,1759,87.4,34.7
2024-06-13,16400,17185,29.4,2024,6,1,0,785,83.0,36.2
2024-06-12,16800,16836,31.5,2024,6,1,0,36,77.4,41.0
2024-06-11,16500,16840,31.4,2024,6,1,0,340,76.8,40.1
2024-06-10,15900,16659,28.3,2024,6,1,0,759,83.4,33.0
2024-06-09,16900,16300,30.2,2024,6,1,0,-600,84.9,39.8
2024-06-08,15000,16402,30.4,2024,6,1,0,1402,77.6,37.8
2024-06-07,15000,16114,29.6,2024,6,1,1,1114,83.3,36.9
2024-06-06,15800,16076,29.5,2024,6,1,0,276,79.7,35.5
2024-06-05,15900,15985,30.2,2024,6,1,0,85,78.1,37.7
2024-06-03,16000,16121,30.5,2024,6,1,0,121,77.4,38.1
2024-06-02,16500,16807,31.6,2024,6,1,0,307,76.1,41.0
2024-06-01,15200,15987,31.5,2024,6,1,0,787,75.6,40.4
2024-05-31,15000,16106,30.3,2024,5,1,1,1106,77.4,37.7
2024-05-30,15000,15897,31.4,2024,5,1,0,897,79.8,41.9
2024-05-29,15000,15326,31.2,2024,5,1,0,326,82.5,42.2
2024-05-28,12000,13704,28.5,2024,5,1,0,1704,83.8,33.0
2024-05-27,8500,12772,26.7,2024,5,1,0,4272,92.2,29.2
2024-05-26,15000,15838,29.9,2024,5,1,0,838,76.7,36.2
2024-05-25,16300,17239,32.8,2024,5,1,0,939,66.7,40.9
2024-05-24,15500,16376,33.0,2024,5,1,1,876,62.2,39.4
2024-05-23,16000,16810,31.6,2024,5,1,0,810,69.1,38.2
2024-05-21,14600,17069,30.3,2024,5,1,0,2469,69.3,34.3
2024-05-20,15000,16950,28.0,2024,5,1,0,1950,80.0,31.2
2024-05-19,15000,16896,29.3,2024,5,1,0,1896,79.2,35.1
2024-05-18,14800,16818,28.4,2024,5,1,0,2018,80.2,33.2
2024-05-17,15600,16717,32.4,2024,5,1,1,1117,68.0,40.4
2024-05-16,16400,16686,32.6,2024,5,1,0,286,61.4,38.2
2024-05-15,16000,17130,31.6,2024,5,1,0,1130,65.9,37.4
2024-05-14,16000,16954,31.0,2024,5,1,0,954,68.2,36.5
2024-05-13,14800,16092,29.4,2024,5,1,0,1292,70.3,32.7
2024-05-12,13800,16958,28.1,2024,5,1,0,3158,72.1,30.0
2024-05-11,13000,17145,27.0,2024,5,1,0,4145,77.8,29.0
2024-05-10,12000,16632,29.1,2024,5,1,1,4632,59.3,30.5
2024-05-09,13000,16252,28.2,2024,5,1,0,3252,67.9,29.8
2024-05-08,13500,16678,26.9,2024,5,1,0,3178,73.5,28.2
2024-05-07,14000,16421,26.9,2024,5,1,0,2421,67.4,27.8
2024-05-06,14000,16789,25.1,2024,5,1,0,2789,78.9,25.8
2024-05-05,15000,16704,30.4,2024,5,1,0,1704,69.1,35.1
2024-05-04,15500,16951,32.0,2024,5,1,0,1451,64.1,37.4
2024-05-03,16000,17276,31.2,2024,5,1,1,1276,62.6,34.7
2024-05-02,17000,17442,33.2,2024,5,1,0,442,57.8,38.5
2024-05-01,16200,16882,33.6,2024,5,1,0,682,59.2,39.2
2024-04-30,17300,16667,33.0,2024,4,1,0,-633,67.7,41.7
2024-04-29,17200,16890,33.8,2024,4,1,0,-310,62.0,40.9
2024-04-28,16900,17213,33.0,2024,4,1,0,313,68.3,41.6
2024-04-27,16600,16908,32.2,2024,4,1,0,308,69.2,39.9
2024-04-26,16000,16878,32.6,2024,4,1,1,878,67.8,40.0
2024-04-25,16800,17492,33.2,2024,4,1,0,692,56.8,37.9
2024-04-24,16800,16915,33.2,2024,4,1,0,115,52.6,36.8
2024-04-23,16800,16530,32.8,2024,4,1,0,-270,62.5,38.6
2024-04-22,16200,16697,32.7,2024,4,1,0,497,65.9,39.7
2024-04-21,16200,16660,32.5,2024,4,1,0,460,67.9,40.1
2024-04-20,15500,16246,33.3,2024,4,1,0,746,59.6,38.4
2024-04-19,14800,16980,32.4,2024,4,1,1,2180,63.2,37.7
2024-04-18,15000,16568,30.2,2024,4,1,0,1568,68.8,34.6
2024-04-17,14700,16411,29.7,2024,4,1,0,1711,72.1,34.6
2024-04-16,15000,15890,30.5,2024,4,1,0,890,60.1,33.2
2024-04-15,14000,15543,32.0,2024,4,1,0,1543,46.7,33.3
2024-04-14,12800,15514,31.1,2024,4,1,0,2714,50.6,32.7
2024-04-13,12800,15709,31.0,2024,4,1,0,2909,50.8,32.3
2024-04-12,11800,15827,31.0,2024,4,1,1,4027,49.7,31.9
2024-04-11,11300,15897,29.6,2024,4,1,0,4597,60.5,31.0
2024-04-10,12800,15548,29.0,2024,4,1,0,2748,64.9,31.0
2024-04-09,12500,15580,28.2,2024,4,1,0,3080,58.0,28.8
2024-04-08,14300,15568,27.3,2024,4,1,0,1268,67.3,28.7
2024-04-07,15200,15201,28.5,2024,4,1,0,1,75.4,32.8
2024-04-06,15500,15048,31.0,2024,4,1,0,-452,70.5,36.7
2024-04-05,15300,14692,29.5,2024,4,1,1,-608,79.8,36.1
2024-04-04,15000,14782,30.2,2024,4,1,0,-218,71.5,35.4
2024-04-03,15300,14344,30.6,2024,4,1,0,-956,69.0,35.4
2024-04-02,14700,14204,29.9,2024,4,1,0,-496,67.3,32.8
2024-04-01,14200,13740,30.2,2024,4,1,0,-460,63.1,32.4
2024-03-31,13800,13440,27.5,2024,3,1,0,-360,73.9,30.0
2024-03-30,12500,14102,29.2,2024,3,1,0,1602,77.9,33.7
2024-03-29,11200,13708,26.8,2024,3,1,1,2508,77.2,28.7
2024-03-28,13300,13585,26.2,2024,3,1,0,285,75.1,27.5
2024-03-27,12700,13377,27.0,2024,3,1,0,677,73.0,28.6
2024-03-26,11500,13315,26.9,2024,3,1,0,1815,65.1,27.6
2024-03-25,12500,13325,26.6,2024,3,1,0,825,75.1,28.7
2024-03-24,12200,13210,24.4,2024,3,1,0,1010,78.8,25.3
2024-03-23,12000,13143,25.7,2024,3,1,0,1143,66.4,25.8
2024-03-22,10700,13365,23.4,2024,3,1,1,2665,70.0,23.4
2024-03-21,11500,13717,22.5,2024,3,1,0,2217,75.7,22.5
2024-03-20,12500,13817,23.3,2024,3,1,0,1317,74.9,23.3
2024-03-19,13600,13662,26.7,2024,3,1,0,62,63.9,26.9
2024-03-18,13300,13834,27.9,2024,3,1,0,534,60.4,28.5
2024-03-17,12800,12831,27.3,2024,3,1,0,31,60.3,27.8
2024-03-16,12600,13333,28.1,2024,3,1,0,733,65.4,28.9
2024-03-15,11800,13221,27.4,2024,3,1,1,1421,64.2,27.8
2024-03-14,13000,14206,26.8,2024,3,1,0,1206,76.5,28.1
2024-03-13,12700,13474,28.2,2024,3,1,0,774,57.7,28.2
2024-03-12,12700,13198,26.5,2024,3,1,0,498,54.5,26.7
2024-03-11,12300,13179,25.0,2024,3,1,0,879,48.2,24.6
2024-03-10,12300,13131,23.9,2024,3,1,0,831,43.6,23.5
2024-03-09,11600,12694,24.0,2024,3,1,0,1094,45.1,23.7
2024-03-08,11000,13258,23.9,2024,3,1,1,2258,45.7,23.6
2024-03-07,12250,13859,23.5,2024,3,1,0,1609,44.0,23.2
2024-03-06,12300,13503,23.6,2024,3,1,0,1203,47.8,23.4
2024-03-05,12000,13635,25.4,2024,3,1,0,1635,55.6,25.1
2024-03-04,12000,13609,24.1,2024,3,1,0,1609,62.7,24.2
2024-03-03,11800,12962,24.9,2024,3,1,0,1162,53.5,24.7
2024-03-02,11300,12826,24.3,2024,3,1,0,1526,48.5,23.9
2024-03-01,11000,12615,24.7,2024,3,1,1,1615,50.6,24.3
2024-02-29,11600,12993,24.4,2024,2,0,0,1393,55.7,24.2
2024-02-28,11500,12210,24.0,2024,2,0,0,710,50.0,23.7
2024-02-27,11400,12219,22.9,2024,2,0,0,819,51.9,22.8
2024-02-26,10000,12703,22.5,2024,2,0,0,2703,51.8,22.3
2024-02-25,11500,12381,22.2,2024,2,0,0,881,59.7,22.2
2024-02-24,11250,12423,23.5,2024,2,0,0,1173,65.2,23.5
2024-02-23,10500,11832,22.5,2024,2,0,1,1332,71.8,22.5
2024-02-22,11000,12291,23.8,2024,2,0,0,1291,79.9,24.1
2024-02-21,11000,12456,25.7,2024,2,0,0,1456,67.8,25.9
2024-02-20,11700,12297,23.9,2024,2,0,0,597,75.0,24.3
2024-02-19,11500,11750,23.4,2024,2,0,0,250,60.0,23.4
2024-02-18,11400,12236,22.4,2024,2,0,0,836,61.2,22.2
2024-02-17,11000,12201,22.6,2024,2,0,0,1201,61.3,22.6
2024-02-16,10300,11803,23.8,2024,2,0,1,1503,63.1,23.7
2024-02-15,11000,12054,23.9,2024,2,0,0,1054,62.0,24.0
2024-02-14,11000,12246,22.5,2024,2,0,0,1246,59.5,22.4
2024-02-13,11300,12276,22.1,2024,2,0,0,976,50.7,21.8
2024-02-12,11500,12383,22.1,2024,2,0,0,883,54.4,21.9
2024-02-11,11000,12377,21.3,2024,2,0,0,1377,59.6,21.2
2024-02-10,10800,12455,20.5,2024,2,0,0,1655,59.9,20.5
2024-02-09,10000,13183,19.4,2024,2,0,1,3183,52.2,19.4
2024-02-08,11200,12615,19.4,2024,2,0,0,1415,56.4,19.4
2024-02-07,11000,12107,21.2,2024,2,0,0,1107,61.2,21.2
2024-02-06,10900,10995,21.4,2024,2,0,0,95,67.6,21.4
2024-02-05,10900,11007,21.0,2024,2,0,0,107,59.9,21.0
2024-02-04,10800,10986,20.6,2024,2,0,0,186,60.4,20.6
2024-02-03,10300,11340,21.1,2024,2,0,0,1040,64.0,21.1
2024-02-02,10300,11091,21.5,2024,2,0,1,791,76.5,21.5
2024-02-01,10850,11300,21.3,2024,2,0,0,450,73.6,21.3
2024-01-29,10700,11703,18.2,2024,1,0,0,1003,58.7,18.2
2024-01-27,10000,11216,17.4,2024,1,0,0,1216,65.1,17.4
2024-01-26,9700,11416,18.6,2024,1,0,1,1716,71.5,18.6
2024-01-25,10800,11308,18.4,2024,1,0,0,508,79.4,18.4
2024-01-24,10800,10818,16.9,2024,1,0,0,18,80.8,16.9
2024-01-23,10600,11008,15.8,2024,1,0,0,408,81.1,15.8
2024-01-22,10800,11175,14.0,2024,1,0,0,375,84.1,14.0
2024-01-21,10900,10608,17.0,2024,1,0,0,-292,79.7,17.0
2024-01-20,10600,10725,17.7,2024,1,0,0,125,78.8,17.7
2024-01-19,10300,11006,19.4,2024,1,0,1,706,73.3,19.4
2024-01-18,10700,11822,16.7,2024,1,0,0,1122,80.9,16.7
2024-01-17,10600,11559,14.8,2024,1,0,0,959,87.5,14.8
2024-01-16,10600,11269,15.5,2024,1,0,0,669,82.2,15.5
2024-01-15,10600,10864,17.3,2024,1,0,0,264,79.4,17.3
2024-01-14,10600,11400,15.9,2024,1,0,0,800,85.5,15.9
2024-01-13,10300,11963,15.9,2024,1,0,0,1663,79.8,15.9
2024-01-12,9300,11411,15.7,2024,1,0,1,2111,81.2,15.7
2024-01-10,10000,11780,18.3,2024,1,0,0,1780,81.0,18.3
2024-01-09,10000,11878,19.0,2024,1,0,0,1878,79.9,19.0
2024-01-08,10500,11492,19.8,2024,1,0,0,992,76.4,19.8
2024-01-07,9000,12011,20.4,2024,1,0,0,3011,69.8,20.4
2024-01-06,9700,11656,19.8,2024,1,0,0,1956,73.4,19.8
2024-01-05,10000,11881,17.5,2024,1,0,1,1881,87.6,17.5
2024-01-04,10200,11819,18.4,2024,1,0,0,1619,82.1,18.4
2023-12-31,10500,11775,19.7,2023,12,0,0,1275,82.0,19.7
2023-12-29,10200,11490,22.3,2023,12,0,1,1290,71.2,22.4
2023-12-28,10600,11610,22.2,2023,12,0,0,1010,70.6,22.3
2023-12-27,10500,11896,22.0,2023,12,0,0,1396,73.7,22.0
2023-12-26,10200,11816,21.7,2023,12,0,0,1616,72.8,21.7
2023-12-25,10000,11580,21.9,2023,12,0,0,1580,73.6,21.9
2023-12-24,10200,11895,21.7,2023,12,0,0,1695,75.4,21.7
2023-12-23,9500,11779,21.6,2023,12,0,0,2279,75.2,21.6
2023-12-22,9600,12311,22.0,2023,12,0,1,2711,71.2,22.0
2023-12-21,10000,11956,21.9,2023,12,0,0,1956,68.2,22.0
2023-12-20,10300,11927,21.1,2023,12,0,0,1627,70.8,21.1
2023-12-19,10500,12132,20.8,2023,12,0,0,1632,68.5,20.8
2023-12-18,9800,11734,21.1,2023,12,0,0,1934,68.5,21.1
2023-12-17,9800,11371,20.8,2023,12,0,0,1571,68.5,20.8
2023-12-16,8800,11323,20.4,2023,12,0,0,2523,72.1,20.4
2023-12-15,9800,11071,19.7,2023,12,0,1,1271,70.0,19.7
2023-12-14,10500,11540,19.9,2023,12,0,0,1040,68.7,19.9
2023-12-13,10300,11385,20.9,2023,12,0,0,1085,76.6,20.9
2023-12-12,10000,11256,20.0,2023,12,0,0,1256,86.7,20.0
2023-12-11,10000,12016,20.3,2023,12,0,0,2016,82.4,20.3
2023-12-10,11000,12695,21.6,2023,12,0,0,1695,77.0,21.6
2023-12-09,10500,12358,23.0,2023,12,0,0,1858,75.1,23.2
2023-12-08,10000,12664,21.9,2023,12,0,1,2664,82.3,21.9
2023-12-07,10700,12515,21.2,2023,12,0,0,1815,87.9,21.2
2023-12-06,11000,12216,24.5,2023,12,0,0,1216,75.9,24.7
2023-12-05,10800,13774,24.8,2023,12,0,0,2974,71.0,24.8
2023-12-04,11000,13916,25.0,2023,12,0,0,2916,66.3,25.3
2023-12-03,10900,13550,25.3,2023,12,0,0,2650,64.5,25.4
2023-12-02,10500,13655,25.5,2023,12,0,0,3155,63.9,25.7
2023-12-01,10000,12971,25.8,2023,12,0,1,2971,63.2,26.0
2023-11-30,11000,13713,25.3,2023,11,0,0,2713,66.9,25.5
2023-11-29,11000,14048,25.6,2023,11,0,0,3048,67.3,26.0
2023-11-28,11100,13408,26.1,2023,11,0,0,2308,65.8,26.5
2023-11-27,11000,13772,25.6,2023,11,0,0,2772,66.1,25.9
2023-11-26,11000,13406,24.7,2023,11,0,0,2406,63.1,24.7
2023-11-25,10200,13049,24.3,2023,11,0,0,2849,67.2,24.4
2023-11-24,10000,13598,24.3,2023,11,0,1,3598,70.7,24.6
2023-11-23,11500,14190,24.5,2023,11,0,0,2690,67.0,24.6
2023-11-22,10900,14050,25.1,2023,11,0,0,3150,65.0,25.2
2023-11-21,11500,13166,26.2,2023,11,0,0,1666,67.4,26.7
2023-11-20,11500,13360,26.5,2023,11,0,0,1860,68.5,27.2
2023-11-19,11500,13270,26.0,2023,11,0,0,1770,71.0,26.7
2023-11-18,10500,13121,24.6,2023,11,0,0,2621,73.9,25.1
2023-11-17,10000,13946,22.8,2023,11,0,1,3946,88.5,22.8
2023-11-16,12000,14066,25.7,2023,11,0,0,2066,72.2,26.1
2023-11-15,12000,14121,26.8,2023,11,0,0,2121,62.1,27.4
2023-11-14,12000,14223,26.8,2023,11,0,0,2223,63.4,27.4
2023-11-13,12000,13655,26.8,2023,11,0,0,1655,61.1,27.4
2023-11-12,11800,13667,26.4,2023,11,0,0,1867,62.8,26.8
2023-11-11,11000,13557,26.2,2023,11,0,0,2557,65.1,26.7
2023-11-10,10800,13324,26.1,2023,11,0,1,2524,64.7,26.6
2023-11-09,11500,12382,26.8,2023,11,0,0,882,64.6,27.4
2023-11-08,12000,12352,26.6,2023,11,0,0,352,65.0,27.4
2023-11-07,12200,12742,26.5,2023,11,0,0,542,64.1,27.0
2023-11-06,12000,14227,27.1,2023,11,0,0,2227,64.7,27.8
2023-11-05,12800,13604,27.8,2023,11,0,0,804,66.2,29.0
2023-11-04,12500,14361,28.3,2023,11,0,0,1861,63.4,29.8
2023-11-03,12000,14708,28.5,2023,11,0,1,2708,64.6,30.2
2023-11-02,12700,15045,29.1,2023,11,0,0,2345,62.3,30.9
2023-11-01,12700,14901,28.7,2023,11,0,0,2201,65.6,30.9
2023-10-31,12000,14555,27.6,2023,10,1,0,2555,66.8,28.8
2023-10-30,13000,14532,27.3,2023,10,1,0,1532,70.3,28.5
2023-10-29,13000,14344,27.4,2023,10,1,0,1344,60.8,28.0
2023-10-28,12500,14419,27.7,2023,10,1,0,1919,62.7,28.3
2023-10-27,11800,14818,27.9,2023,10,1,1,3018,68.9,29.1
2023-10-26,13500,14510,27.9,2023,10,1,0,1010,70.7,29.5
2023-10-25,13000,15228,28.2,2023,10,1,0,2228,70.7,30.2
2023-10-24,12000,14727,27.1,2023,10,1,0,2727,76.4,28.7
2023-10-23,13600,14536,26.7,2023,10,1,0,936,80.2,28.0
2023-10-22,14000,14068,28.5,2023,10,1,0,68,65.0,30.3
2023-10-21,13000,14105,28.3,2023,10,1,0,1105,64.9,29.9
2023-10-20,12500,14505,28.7,2023,10,1,1,2005,64.5,30.5
2023-10-19,14000,14737,28.4,2023,10,1,0,737,68.5,30.7
2023-10-18,14000,14730,28.9,2023,10,1,0,730,67.5,31.3
2023-10-17,14000,14627,28.8,2023,10,1,0,627,72.1,31.8
2023-10-16,14000,14964,28.7,2023,10,1,0,964,71.8,31.6
2023-10-15,14500,14937,29.2,2023,10,1,0,437,68.4,32.7
2023-10-14,13500,15295,29.3,2023,10,1,0,1795,67.6,32.1
2023-10-13,13000,15125,29.8,2023,10,1,1,2125,68.6,33.6
2023-10-12,14350,14982,30.1,2023,10,1,0,632,71.8,35.2
2023-10-11,14500,15252,29.8,2023,10,1,0,752,74.9,35.6
2023-10-10,14500,15303,29.4,2023,10,1,0,803,75.3,34.5
2023-10-09,14500,15582,29.9,2023,10,1,0,1082,72.5,35.2
2023-10-08,14500,14955,29.8,2023,10,1,0,455,73.5,35.2
2023-10-07,12500,14859,29.1,2023,10,1,0,2359,78.5,34.3
2023-10-06,11500,15116,26.8,2023,10,1,1,3616,90.7,29.6
2023-10-05,13200,16017,27.1,2023,10,1,0,2817,88.9,30.1
2023-10-04,13600,16350,27.6,2023,10,1,0,2750,84.3,31.2
2023-10-03,14100,16982,28.2,2023,10,1,0,2882,78.6,32.3
2023-10-02,14000,17101,30.0,2023,10,1,0,3101,73.3,35.5
2023-10-01,15300,17205,30.2,2023,10,1,0,1905,73.5,36.3
2023-09-30,14000,16909,29.9,2023,9,1,0,2909,73.2,35.2
2023-09-29,14700,17091,30.9,2023,9,1,1,2391,70.9,37.2
2023-09-28,14500,16878,31.5,2023,9,1,0,2378,70.1,38.5
2023-09-27,15000,17046,30.3,2023,9,1,0,2046,75.0,36.9
2023-09-26,14500,16581,29.9,2023,9,1,0,2081,76.7,36.4
2023-09-25,14400,16267,29.7,2023,9,1,0,1867,75.3,35.4
2023-09-24,14200,15974,28.9,2023,9,1,0,1774,77.3,33.7
2023-09-23,13500,16200,28.5,2023,9,1,0,2700,80.5,33.6
2023-09-22,13000,16072,29.0,2023,9,1,1,3072,81.1,34.3
2023-09-21,14500,16140,28.6,2023,9,1,0,1640,81.5,33.6
2023-09-20,15000,15985,28.1,2023,9,1,0,985,82.3,32.7
2023-09-19,14900,15935,28.3,2023,9,1,0,1035,83.5,33.0
2023-09-18,15000,15329,28.9,2023,9,1,0,329,77.3,33.4
2023-09-17,15400,15453,31.0,2023,9,1,0,53,69.8,37.1
2023-09-16,14500,15335,30.5,2023,9,1,0,835,70.7,36.0
2023-09-15,13500,15187,30.1,2023,9,1,1,1687,72.9,35.7
2023-09-14,15000,15643,29.5,2023,9,1,0,643,73.5,34.4
2023-09-13,15000,15431,30.2,2023,9,1,0,431,74.0,36.1
2023-09-12,15200,15641,29.7,2023,9,1,0,441,78.8,36.3
2023-09-11,15500,15505,29.8,2023,9,1,0,5,77.0,36.2
2023-09-10,15500,16167,30.1,2023,9,1,0,667,75.3,36.7
2023-09-09,14300,14857,29.6,2023,9,1,0,557,75.2,35.2
2023-09-08,13000,14876,29.0,2023,9,1,1,1876,78.1,34.1
2023-09-07,15000,14840,30.2,2023,9,1,0,-160,72.8,35.9
2023-09-06,14500,15445,30.6,2023,9,1,0,945,72.8,37.1
2023-09-05,15500,15425,31.3,2023,9,1,0,-75,69.4,37.8
2023-09-04,15300,15300,30.0,2023,9,1,0,0,74.0,35.6
2023-09-03,15000,15710,30.2,2023,9,1,0,710,73.9,35.8
2023-09-02,15000,15730,30.4,2023,9,1,0,730,74.5,37.1
2023-09-01,14500,14955,30.1,2023,9,1,1,455,78.2,37.4
2023-08-31,15500,15518,30.2,2023,8,1,0,18,78.1,37.4
2023-08-30,15250,15255,31.5,2023,8,1,0,5,65.6,37.1
2023-08-29,15200,14955,30.1,2023,8,1,0,-245,73.4,35.9
2023-08-28,14500,15012,30.3,2023,8,1,0,512,73.1,36.4
2023-08-27,14500,14925,29.7,2023,8,1,0,425,74.5,35.1
2023-08-26,13100,14573,28.7,2023,8,1,0,1473,80.2,33.6
2023-08-25,13000,14659,28.5,2023,8,1,1,1659,83.1,33.7
2023-08-24,14500,14931,28.7,2023,8,1,0,431,82.8,34.4
2023-08-23,14600,15135,29.1,2023,8,1,0,535,79.5,34.7
2023-08-22,15500,14760,29.1,2023,8,1,0,-740,79.1,34.7
2023-08-21,15500,14799,30.9,2023,8,1,0,-701,66.6,36.0
2023-08-20,15200,14191,30.8,2023,8,1,0,-1009,69.2,36.7
2023-08-19,14400,15001,29.9,2023,8,1,0,601,74.6,35.6
2023-08-18,14300,15312,31.3,2023,8,1,1,1012,68.9,37.7
2023-08-17,14900,14909,30.6,2023,8,1,0,9,72.9,37.0
2023-08-16,14800,15469,29.0,2023,8,1,0,669,83.5,35.4
2023-08-15,13900,15167,29.3,2023,8,1,0,1267,80.0,35.6
2023-08-14,14300,14799,28.2,2023,8,1,0,499,80.3,32.5
2023-08-13,13500,14635,27.5,2023,8,1,0,1135,91.3,32.5
2023-08-12,14000,14482,29.5,2023,8,1,0,482,78.5,35.5
2023-08-11,13000,14344,28.3,2023,8,1,1,1344,83.3,33.5
2023-08-10,14400,14472,28.6,2023,8,1,0,72,81.4,33.5
2023-08-09,14200,14777,28.8,2023,8,1,0,577,80.3,33.9
2023-08-08,13500,15536,27.7,2023,8,1,0,2036,87.0,31.7
2023-08-07,14000,15141,27.8,2023,8,1,0,1141,91.2,32.8
2023-08-06,14500,14542,28.4,2023,8,1,0,42,83.0,33.6
2023-08-05,14500,14855,29.5,2023,8,1,0,355,77.4,35.4
2023-08-04,14200,15162,28.3,2023,8,1,1,962,82.6,33.1
2023-08-03,14500,15448,29.1,2023,8,1,0,948,77.3,34.3
2023-08-02,14800,15549,28.8,2023,8,1,0,749,80.9,34.5
2023-08-01,15500,15307,30.4,2023,8,1,0,-193,74.2,36.9
2023-07-30,15700,15455,31.5,2023,7,1,0,-245,68.0,37.8
2023-07-29,15200,16111,30.6,2023,7,1,0,911,73.1,37.3
2023-07-28,14500,16062,29.8,2023,7,1,1,1562,74.7,35.5
2023-07-27,15500,16021,30.2,2023,7,1,0,521,75.0,36.8
2023-07-26,15600,16086,31.1,2023,7,1,0,486,66.9,36.8
2023-07-25,15600,16010,31.6,2023,7,1,0,410,66.9,37.8
2023-07-24,15300,15735,31.8,2023,7,1,0,435,65.1,37.8
2023-07-23,15500,15536,31.2,2023,7,1,0,36,68.3,37.4
2023-07-22,15000,15628,31.1,2023,7,1,0,628,70.0,37.5
2023-07-21,14300,15634,31.2,2023,7,1,1,1334,67.4,37.2
2023-07-20,15800,15338,31.3,2023,7,1,0,-462,65.8,37.0
2023-07-19,15500,15300,31.6,2023,7,1,0,-200,64.0,37.2
2023-07-18,15100,15173,30.8,2023,7,1,0,73,66.9,35.8
2023-07-17,15000,15179,29.8,2023,7,1,0,179,73.5,35.2
2023-07-16,15200,15540,28.6,2023,7,1,0,340,77.1,32.9
2023-07-15,14400,15812,29.5,2023,7,1,0,1412,72.5,34.1
2023-07-14,14000,15651,30.3,2023,7,1,1,1651,71.2,36.1
2023-07-13,14800,15280,30.0,2023,7,1,0,480,71.7,35.1
2023-07-12,15000,15429,30.1,2023,7,1,0,429,71.9,35.6
2023-07-11,15000,15074,30.0,2023,7,1,0,74,73.6,35.8
2023-07-10,14800,14605,30.1,2023,7,1,0,-195,73.9,36.2
2023-07-09,14500,15427,30.1,2023,7,1,0,927,72.6,35.8
2023-07-08,13100,15318,29.6,2023,7,1,0,2218,75.3,35.0
2023-07-07,12600,15076,29.3,2023,7,1,1,2476,78.1,34.9
2023-07-05,13900,14891,30.3,2023,7,1,0,991,74.6,36.5
2023-07-04,13000,15616,31.4,2023,7,1,0,2616,69.7,37.9
2023-07-03,12500,14937,30.0,2023,7,1,0,2437,80.1,37.4
2023-07-02,11800,14653,28.8,2023,7,1,0,2853,82.1,34.1
2023-07-01,11000,13997,27.0,2023,7,1,0,2997,88.8,29.9
2023-06-30,11500,14614,28.0,2023,6,1,1,3114,82.1,31.3
2023-06-29,10500,14413,27.0,2023,6,1,0,3913,88.4,29.9
2023-06-28,12000,14433,27.0,2023,6,1,0,2433,85.8,29.2
2023-06-27,11300,14502,27.2,2023,6,1,0,3202,82.9,30.5
2023-06-26,14600,14061,28.9,2023,6,1,0,-539,72.7,33.0
2023-06-25,14800,14080,29.8,2023,6,1,0,-720,70.8,34.6
2023-06-24,14500,14837,30.2,2023,6,1,0,337,71.9,35.7
2023-06-23,13800,14615,29.8,2023,6,1,1,815,73.9,35.4
2023-06-22,14300,14792,29.7,2023,6,1,0,492,75.5,35.4
2023-06-21,14200,14460,29.5,2023,6,1,0,260,78.9,35.7
2023-06-20,14200,14644,28.2,2023,6,1,0,444,80.5,32.5
2023-06-19,14800,14973,29.2,2023,6,1,0,173,75.9,34.4
2023-06-18,14500,15074,28.4,2023,6,1,0,574,81.7,33.5
2023-06-17,14500,14928,30.1,2023,6,1,0,428,73.9,35.3
2023-06-16,14000,14693,30.9,2023,6,1,1,693,75.4,38.8
2023-06-15,14800,14803,30.8,2023,6,1,0,3,72.2,38.0
2023-06-14,14200,15213,31.1,2023,6,1,0,1013,68.4,37.3
2023-06-13,14200,15476,29.7,2023,6,1,0,1276,71.6,34.2
2023-06-12,14600,15288,28.3,2023,6,1,0,688,79.1,32.6
2023-06-11,14800,15051,29.0,2023,6,1,0,251,75.1,33.5
2023-06-10,14000,15281,28.3,2023,6,1,0,1281,78.8,32.3
2023-06-09,14500,15216,27.8,2023,6,1,1,716,79.1,31.3
2023-06-08,15200,15001,30.6,2023,6,1,0,-199,74.4,38.0
2023-06-07,16000,14979,33.1,2023,6,1,0,-1021,63.2,40.7
2023-06-06,15800,14389,33.5,2023,6,1,0,-1411,59.1,40.3
2023-06-05,15800,14173,32.9,2023,6,1,0,-1627,58.3,38.2
2023-06-04,15700,14696,32.8,2023,6,1,0,-1004,59.1,38.5
2023-06-03,15500,14567,32.4,2023,6,1,0,-933,61.7,38.3
2023-06-02,14800,14441,32.7,2023,6,1,1,-359,63.1,39.3
2023-06-01,15500,14756,32.8,2023,6,1,0,-744,60.6,39.1
2023-05-31,15200,15031,32.5,2023,5,1,0,-169,56.7,36.9
2023-05-30,14900,14937,32.3,2023,5,1,0,37,57.0,36.4
2023-05-29,14500,14894,31.2,2023,5,1,0,394,59.6,34.7
2023-05-28,13800,14324,29.5,2023,5,1,0,524,65.2,31.8
2023-05-27,13500,13883,28.0,2023,5,1,0,383,76.2,31.0
2023-05-26,12000,15362,29.8,2023,5,1,1,3362,64.2,32.6
2023-05-25,13500,14866,28.9,2023,5,1,0,1366,69.7,32.0
2023-05-24,13500,15355,28.0,2023,5,1,0,1855,73.0,29.8
2023-05-23,14500,15081,28.4,2023,5,1,0,581,78.7,32.8
2023-05-22,13900,14663,29.5,2023,5,1,0,763,72.0,33.4
2023-05-21,14500,14231,30.2,2023,5,1,0,-269,70.1,35.1
2023-05-20,13000,13841,30.4,2023,5,1,0,841,64.0,34.1
2023-05-19,12000,14052,29.2,2023,5,1,1,2052,71.3,33.1
2023-05-18,12500,13254,27.3,2023,5,1,0,754,74.1,28.9
2023-05-16,14300,12126,29.5,2023,5,1,0,-2174,67.9,32.9
2023-05-15,12000,12421,29.7,2023,5,1,0,421,55.3,31.1
2023-05-14,12500,12563,29.0,2023,5,1,0,63,61.2,31.2
2023-05-13,14000,13062,30.8,2023,5,1,0,-938,65.5,35.5
2023-05-12,14000,14400,31.4,2023,5,1,1,400,59.4,35.4
2023-05-11,15500,14660,31.5,2023,5,1,0,-840,58.8,35.1
2023-05-10,15600,14761,31.8,2023,5,1,0,-839,57.6,35.8
2023-05-08,15000,14826,33.0,2023,5,1,0,-174,55.6,37.6
2023-05-07,14600,14635,31.1,2023,5,1,0,35,59.4,34.5
2023-05-06,14000,14974,30.2,2023,5,1,0,974,63.3,33.6
2023-05-05,11800,14821,30.3,2023,5,1,1,3021,62.6,33.2
2023-05-04,13200,14397,28.3,2023,5,1,0,1197,70.0,30.4
2023-05-03,14500,14712,29.2,2023,5,1,0,212,66.5,32.2
2023-05-02,14800,15278,29.9,2023,5,1,0,478,59.6,31.7
2023-05-01,11500,14950,28.7,2023,5,1,0,3450,66.0,30.6
2023-04-30,14500,15313,29.5,2023,4,1,0,813,63.0,31.6
2023-04-29,12500,15228,29.7,2023,4,1,0,2728,66.1,32.9
2023-04-28,11000,14443,29.0,2023,4,1,1,3443,59.5,30.7
2023-04-27,13000,15840,30.3,2023,4,1,0,2840,60.8,32.9
2023-04-26,13000,15469,31.0,2023,4,1,0,2469,52.0,32.3
2023-04-25,11000,15462,30.3,2023,4,1,0,4462,55.5,31.9
2023-04-24,11000,15249,28.0,2023,4,1,0,4249,63.8,29.5
2023-04-23,11000,15386,27.5,2023,4,1,0,4386,65.3,28.9
2023-04-22,11200,15229,29.1,2023,4,1,0,4029,60.1,31.1
2023-04-21,13800,16033,30.4,2023,4,1,1,2233,67.2,35.2
2023-04-20,15500,16030,32.3,2023,4,1,0,530,65.9,39.5
2023-04-19,15500,15948,32.3,2023,4,1,0,448,62.5,37.7
2023-04-18,16000,15617,32.4,2023,4,1,0,-383,63.4,38.4
2023-04-17,16000,15160,32.7,2023,4,1,0,-840,58.7,38.1
2023-04-16,16000,14999,33.5,2023,4,1,0,-1001,49.8,36.7
2023-04-15,15000,15046,33.5,2023,4,1,0,46,50.5,36.9
2023-04-14,14500,15639,32.4,2023,4,1,1,1139,44.9,33.6
2023-04-13,15200,15303,32.1,2023,4,1,0,103,46.8,33.8
2023-04-12,15000,15040,31.2,2023,4,1,0,40,47.7,32.2
2023-04-11,14700,15182,31.0,2023,4,1,0,482,50.7,32.0
2023-04-10,14500,15238,30.9,2023,4,1,0,738,52.0,32.5
2023-04-09,14300,14902,30.5,2023,4,1,0,602,50.0,31.5
2023-04-08,13500,14027,30.4,2023,4,1,0,527,52.0,31.9
2023-04-07,13000,14350,30.5,2023,4,1,1,1350,51.4,31.8
2023-04-06,13800,14450,29.8,2023,4,1,0,650,59.4,31.5
2023-04-05,13800,14279,29.6,2023,4,1,0,479,66.6,33.3
2023-04-04,12800,14131,29.0,2023,4,1,0,1331,62.7,30.9
2023-04-03,12100,14121,27.9,2023,4,1,0,2021,64.1,29.0
2023-04-01,11900,14026,25.1,2023,4,1,0,2126,75.3,25.4
2023-03-31,11000,14162,26.3,2023,3,1,1,3162,68.3,27.2
2023-03-30,12500,13971,27.2,2023,3,1,0,1471,69.8,28.4
2023-03-29,12400,13640,26.5,2023,3,1,0,1240,75.6,27.4
2023-03-28,12500,14000,27.9,2023,3,1,0,1500,64.5,29.2
2023-03-27,11900,13796,27.4,2023,3,1,0,1896,64.6,28.3
2023-03-26,11200,13912,27.6,2023,3,1,0,2712,67.0,29.1
2023-03-25,11500,13917,26.5,2023,3,1,0,2417,74.6,27.8
2023-03-24,11000,13919,26.0,2023,3,1,1,2919,71.8,27.1
2023-03-23,11800,13770,26.5,2023,3,1,0,1970,67.2,27.2
2023-03-22,11600,13252,25.8,2023,3,1,0,1652,68.8,26.3
2023-03-21,11000,14093,25.8,2023,3,1,0,3093,68.1,26.4
2023-03-20,11500,13735,25.5,2023,3,1,0,2235,74.0,26.0
2023-03-19,12000,13884,24.1,2023,3,1,0,1884,80.1,24.1
2023-03-18,12000,13034,26.0,2023,3,1,0,1034,69.7,26.9
2023-03-17,12000,13474,26.0,2023,3,1,1,1474,73.0,26.8
2023-03-15,12500,13118,27.6,2023,3,1,0,618,66.9,29.3
2023-03-14,13200,13336,28.3,2023,3,1,0,136,58.7,29.4
2023-03-13,12900,13158,28.8,2023,3,1,0,258,55.2,29.5
2023-03-12,12700,13453,28.2,2023,3,1,0,753,56.6,28.8
2023-03-11,12000,13546,27.8,2023,3,1,0,1546,58.2,28.5
2023-03-10,11500,14059,27.8,2023,3,1,1,2559,51.0,27.9
2023-03-09,12600,13729,28.1,2023,3,1,0,1129,60.0,29.4
2023-03-08,12000,13507,27.9,2023,3,1,0,1507,52.8,27.8
2023-03-07,12700,13058,28.1,2023,3,1,0,358,55.9,28.6
2023-03-06,12500,12936,28.1,2023,3,1,0,436,54.8,28.5
2023-03-05,12400,13367,27.8,2023,3,1,0,967,56.6,28.3
2023-03-04,11800,13134,27.1,2023,3,1,0,1334,65.5,28.3
2023-03-03,11000,12700,27.6,2023,3,1,1,1700,59.3,28.4
2023-03-02,12000,12785,26.7,2023,3,1,0,785,62.1,27.2
2023-03-01,11800,13269,27.2,2023,3,1,0,1469,52.1,27.2
2023-02-28,11800,12821,26.2,2023,2,0,0,1021,57.1,26.3
2023-02-27,11700,12664,26.2,2023,2,0,0,964,59.0,26.5
2023-02-26,11900,11975,25.9,2023,2,0,0,75,52.5,25.9
2023-02-25,11100,11525,26.6,2023,2,0,0,425,62.4,27.0
2023-02-24,10800,12378,27.3,2023,2,0,1,1578,64.4,28.3
2023-02-23,11500,12233,26.9,2023,2,0,0,733,65.8,27.5
2023-02-22,11000,10763,26.5,2023,2,0,0,-237,66.7,27.4
2023-02-21,10500,10898,25.5,2023,2,0,0,398,69.3,26.2
2023-02-20,11000,11241,24.8,2023,2,0,0,241,70.5,25.3
2023-02-19,10800,11440,24.7,2023,2,0,0,640,65.6,25.0
2023-02-18,10500,11199,23.8,2023,2,0,0,699,66.0,24.0
2023-02-17,10000,10924,22.8,2023,2,0,1,924,62.9,22.8
2023-02-16,10850,11396,22.4,2023,2,0,0,546,61.0,22.5
2023-02-15,10750,10862,22.2,2023,2,0,0,112,60.2,22.2
2023-02-14,10700,11157,22.4,2023,2,0,0,457,53.3,22.3
2023-02-13,10750,10888,23.6,2023,2,0,0,138,52.8,23.6
2023-02-12,10800,10651,24.5,2023,2,0,0,-149,64.3,24.7
2023-02-11,10300,10449,23.6,2023,2,0,0,149,64.7,23.8
2023-02-10,10000,10660,23.4,2023,2,0,1,660,63.3,23.4
2023-02-09,10600,11158,23.7,2023,2,0,0,558,66.1,23.8
2023-02-08,10600,11210,22.7,2023,2,0,0,610,68.4,22.7
2023-02-07,10500,10958,21.8,2023,2,0,0,458,65.8,21.9
2023-02-06,10700,11092,21.3,2023,2,0,0,392,67.9,21.3
2023-02-05,10700,10945,21.4,2023,2,0,0,245,67.5,21.4
2023-02-04,10300,11263,21.7,2023,2,0,0,963,63.4,21.8
2023-02-03,10000,10899,21.4,2023,2,0,1,899,63.8,21.4
2023-02-02,10500,10824,21.4,2023,2,0,0,324,65.9,21.4
2023-02-01,10500,10873,23.4,2023,2,0,0,373,66.0,23.4
2023-01-31,10500,10834,23.1,2023,1,0,0,334,72.9,23.2
2023-01-30,10500,10855,22.0,2023,1,0,0,355,71.6,22.1
2023-01-29,10300,10482,21.1,2023,1,0,0,182,70.0,21.1
2023-01-28,10000,10184,22.8,2023,1,0,0,184,68.3,22.9
2023-01-27,10300,10398,23.2,2023,1,0,1,98,75.3,23.4
2023-01-26,10300,10300,22.0,2023,1,0,0,0,75.8,22.2
2023-01-25,10300,10703,22.6,2023,1,0,0,403,67.2,22.6
2023-01-23,10200,9932,21.0,2023,1,0,0,-268,72.3,21.0
2023-01-22,10000,9675,20.5,2023,1,0,0,-325,70.3,20.5
2023-01-21,9800,9837,20.0,2023,1,0,0,37,67.4,20.0
2023-01-20,9500,9707,19.8,2023,1,0,1,207,64.1,19.8
2023-01-19,10200,10004,19.1,2023,1,0,0,-196,64.1,19.1
2023-01-18,10300,9629,18.9,2023,1,0,0,-671,66.6,18.9
2023-01-17,10200,9565,19.4,2023,1,0,0,-635,67.1,19.4
2023-01-16,10100,9640,20.6,2023,1,0,0,-460,67.8,20.6
2023-01-15,10300,9673,21.2,2023,1,0,0,-627,74.2,21.2
2023-01-14,9700,9917,20.1,2023,1,0,0,217,81.6,20.1
2023-01-13,9000,10418,18.9,2023,1,0,1,1418,74.0,18.9
2023-01-12,10300,10300,18.3,2023,1,0,0,0,72.9,18.3
2023-01-11,10300,10421,20.2,2023,1,0,0,121,65.0,20.2
2023-01-10,10100,10174,21.2,2023,1,0,0,74,65.6,21.2
2023-01-09,10200,9482,19.7,2023,1,0,0,-718,74.2,19.8
2023-01-08,10000,9879,16.5,2023,1,0,0,-121,87.0,16.5
2023-01-07,9300,10460,16.5,2023,1,0,0,1160,86.1,16.5
2023-01-06,9300,10681,16.2,2023,1,0,1,1381,85.3,16.2
2023-01-05,9900,10902,16.5,2023,1,0,0,1002,86.1,16.5
2023-01-04,10200,10746,17.0,2023,1,0,0,546,85.4,17.0
2023-01-03,9800,10061,19.5,2023,1,0,0,261,79.6,19.5
2023-01-02,10400,11299,20.0,2023,1,0,0,899,73.5,20.0
2023-01-01,10400,11673,18.8,2023,1,0,0,1273,79.6,18.8
2022-12-31,9500,10244,18.6,2022,12,0,0,744,80.6,18.6
2022-12-30,8700,10199,19.1,2022,12,0,1,1499,81.3,19.1
2022-12-29,9800,10255,20.0,2022,12,0,0,455,79.7,20.0
2022-12-28,9900,10343,21.5,2022,12,0,0,443,81.2,21.5
2022-12-27,9800,10484,22.0,2022,12,0,0,684,79.1,22.0
2022-12-26,10000,10432,22.8,2022,12,0,0,432,68.7,22.9
2022-12-25,10000,10602,22.1,2022,12,0,0,602,67.7,22.2
2022-12-24,9500,10209,21.5,2022,12,0,0,709,67.6,21.5
2022-12-23,8500,10806,22.0,2022,12,0,1,2306,66.4,22.0
2022-12-22,9800,10911,22.4,2022,12,0,0,1111,73.0,22.4
2022-12-21,9900,11313,22.5,2022,12,0,0,1413,70.8,22.6
2022-12-20,10000,10952,22.6,2022,12,0,0,952,69.1,22.6
2022-12-19,10200,10974,21.8,2022,12,0,0,774,70.7,21.9
2022-12-18,10200,11117,21.5,2022,12,0,0,917,77.5,21.5
2022-12-17,9900,10962,21.9,2022,12,0,0,1062,71.9,21.9
2022-12-16,9000,11234,21.8,2022,12,0,1,2234,72.6,21.8
2022-12-15,10000,11242,22.9,2022,12,0,0,1242,70.3,23.0
2022-12-14,10000,11389,22.6,2022,12,0,0,1389,73.1,22.8
2022-12-13,10100,11312,23.0,2022,12,0,0,1212,68.9,23.1
2022-12-12,10000,11234,23.0,2022,12,0,0,1234,66.3,23.0
2022-12-11,10200,11345,24.0,2022,12,0,0,1145,63.8,24.1
2022-12-10,9700,11461,23.5,2022,12,0,0,1761,64.0,23.6
2022-12-09,9300,11281,23.2,2022,12,0,1,1981,65.3,23.3
2022-12-08,10200,11061,23.5,2022,12,0,0,861,65.6,23.6
2022-12-07,10200,11112,23.4,2022,12,0,0,912,64.9,23.5
2022-12-06,10200,11199,23.5,2022,12,0,0,999,67.7,23.6
2022-12-05,10200,11907,23.6,2022,12,0,0,1707,65.2,23.6
2022-12-04,10500,11914,23.8,2022,12,0,0,1414,63.3,23.9
2022-12-03,10000,11691,24.5,2022,12,0,0,1691,61.4,24.6
2022-12-02,10000,11321,25.0,2022,12,0,1,1321,61.9,25.0
2022-12-01,10500,11784,25.6,2022,12,0,0,1284,60.6,25.7
2022-11-30,10500,11201,26.9,2022,11,0,0,701,56.3,27.1
2022-11-29,10400,10638,25.7,2022,11,0,0,238,59.3,25.8
2022-11-28,10200,10491,25.2,2022,11,0,0,291,63.2,25.4
2022-11-27,10500,10935,25.7,2022,11,0,0,435,63.0,25.9
2022-11-26,10000,10923,25.6,2022,11,0,0,923,63.5,25.6
2022-11-25,10200,10688,25.5,2022,11,0,1,488,65.8,26.1
2022-11-24,10500,11106,24.6,2022,11,0,0,606,63.2,24.7
2022-11-23,10800,11217,24.4,2022,11,0,0,417,64.3,24.4
2022-11-22,10800,11313,25.1,2022,11,0,0,513,64.9,25.3
2022-11-21,10800,11678,25.9,2022,11,0,0,878,59.0,26.0
2022-11-20,10900,11775,25.4,2022,11,0,0,875,64.4,25.7
2022-11-19,10800,11136,24.5,2022,11,0,0,336,66.1,24.6
2022-11-18,10200,11340,25.4,2022,11,0,1,1140,65.1,25.7
2022-11-17,10700,11360,25.3,2022,11,0,0,660,64.0,25.3
2022-11-16,10800,11903,25.7,2022,11,0,0,1103,64.4,26.1
2022-11-15,10800,11340,25.3,2022,11,0,0,540,65.1,25.5
2022-11-14,11200,11284,25.7,2022,11,0,0,84,64.2,26.2
2022-11-13,11400,11530,25.7,2022,11,0,0,130,65.1,25.9
2022-11-12,11000,11930,26.4,2022,11,0,0,930,64.5,26.8
2022-11-11,10800,11942,26.6,2022,11,0,1,1142,62.9,27.0
2022-11-10,11300,11562,26.7,2022,11,0,0,262,61.3,27.1
2022-11-09,11500,11731,27.2,2022,11,0,0,231,63.9,28.0
2022-11-08,11800,11840,27.1,2022,11,0,0,40,65.1,28.0
2022-11-07,11600,11971,27.4,2022,11,0,0,371,63.1,28.3
2022-11-06,12400,12188,27.5,2022,11,0,0,-212,66.8,28.7
2022-11-05,11800,12166,26.9,2022,11,0,0,366,66.6,27.9
2022-11-04,11000,12211,26.4,2022,11,0,1,1211,65.7,27.1
2022-11-03,12600,12140,27.3,2022,11,0,0,-460,69.1,28.6
2022-11-02,12500,12164,28.8,2022,11,0,0,-336,66.1,31.1
2022-11-01,12400,12088,29.0,2022,11,0,0,-312,67.6,31.9
2022-10-31,11800,11849,28.1,2022,10,1,0,49,66.1,29.8
2022-10-30,12800,11892,27.4,2022,10,1,0,-908,67.3,28.9
2022-10-29,11000,12002,27.1,2022,10,1,0,1002,67.7,28.2
2022-10-28,11000,11915,27.2,2022,10,1,1,915,66.9,28.2
2022-10-27,13200,12531,27.8,2022,10,1,0,-669,66.9,29.3
2022-10-26,12900,12433,27.9,2022,10,1,0,-467,67.1,29.3
2022-10-25,11000,11962,24.7,2022,10,1,0,962,79.4,25.4
2022-10-24,8500,11815,24.5,2022,10,1,0,3315,90.3,24.8
2022-10-23,13500,12380,28.2,2022,10,1,0,-1120,77.1,32.2
2022-10-22,13300,12787,30.1,2022,10,1,0,-513,63.5,33.4
2022-10-21,12700,12516,30.0,2022,10,1,1,-184,61.7,33.0
2022-10-20,13800,12761,29.5,2022,10,1,0,-1039,62.6,32.1
2022-10-19,13800,12325,29.4,2022,10,1,0,-1475,64.8,32.3
2022-10-18,13800,12560,29.7,2022,10,1,0,-1240,69.0,34.0
2022-10-17,13700,12480,30.1,2022,10,1,0,-1220,62.7,33.3
2022-10-16,13800,12688,30.0,2022,10,1,0,-1112,60.1,32.7
2022-10-15,13500,12813,29.6,2022,10,1,0,-687,68.6,33.4
2022-10-14,13200,12880,29.1,2022,10,1,1,-320,70.2,32.7
2022-10-13,12800,12962,28.7,2022,10,1,0,162,76.6,32.9
2022-10-12,14200,12637,28.2,2022,10,1,0,-1563,77.6,32.2
2022-10-11,14200,12867,29.9,2022,10,1,0,-1333,70.6,34.7
2022-10-10,14200,12686,30.1,2022,10,1,0,-1514,68.4,34.7
2022-10-09,13800,12925,29.9,2022,10,1,0,-875,71.9,35.1
2022-10-08,13600,12435,30.6,2022,10,1,0,-1165,66.5,35.0
2022-10-07,13900,12889,30.2,2022,10,1,1,-1011,66.3,34.3
2022-10-06,14000,12808,30.6,2022,10,1,0,-1192,68.6,36.0
2022-10-05,13000,12398,29.8,2022,10,1,0,-602,71.3,34.0
2022-10-04,13800,12370,29.0,2022,10,1,0,-1430,74.9,33.0
2022-10-03,13600,12621,27.6,2022,10,1,0,-979,82.2,30.9
2022-10-02,13800,13187,28.2,2022,10,1,0,-613,79.0,31.5
2022-10-01,14300,13585,30.6,2022,10,1,0,-715,68.9,36.1
2022-09-30,13500,13501,30.9,2022,9,1,1,1,66.6,35.9
2022-09-29,14400,13143,29.5,2022,9,1,0,-1257,75.9,35.1
2022-09-28,14300,13264,29.6,2022,9,1,0,-1036,74.2,34.9
2022-09-27,14200,13368,29.5,2022,9,1,0,-832,71.2,33.8
2022-09-26,14200,13035,29.3,2022,9,1,0,-1165,72.1,33.7
2022-09-25,14000,13016,29.3,2022,9,1,0,-984,73.5,34.0
2022-09-24,14000,13467,29.3,2022,9,1,0,-533,74.1,34.0
2022-09-23,13700,13273,29.3,2022,9,1,1,-427,73.0,34.0
2022-09-22,14200,14218,30.6,2022,9,1,0,18,67.8,35.8
2022-09-21,14200,13979,30.8,2022,9,1,0,-221,66.9,36.0
2022-09-20,14000,13785,30.1,2022,9,1,0,-215,68.8,34.7
2022-09-19,14000,13908,29.9,2022,9,1,0,-92,71.7,35.0
2022-09-18,14000,14011,28.8,2022,9,1,0,11,75.9,33.2
2022-09-17,13400,14561,30.2,2022,9,1,0,1161,69.5,35.4
2022-09-16,12400,14283,30.4,2022,9,1,1,1883,67.6,35.3
2022-09-15,12600,14440,29.3,2022,9,1,0,1840,69.3,32.7
2022-09-14,12500,14186,26.3,2022,9,1,0,1686,84.5,27.2
2022-09-13,12400,14085,26.7,2022,9,1,0,1685,86.9,28.5
2022-09-12,13300,14257,27.7,2022,9,1,0,957,82.8,31.0
2022-09-11,13800,14127,29.5,2022,9,1,0,327,73.3,34.3
2022-09-10,13800,14009,29.9,2022,9,1,0,209,71.8,35.2
2022-09-09,13700,13445,31.0,2022,9,1,1,-255,68.5,36.9
2022-09-08,14200,13856,29.7,2022,9,1,0,-344,75.8,35.5
2022-09-07,13800,13805,30.3,2022,9,1,0,5,72.5,35.9
2022-09-06,13400,14114,28.4,2022,9,1,0,714,82.2,33.5
2022-09-05,14200,14075,29.2,2022,9,1,0,-125,79.7,34.9
2022-09-04,13900,14301,28.8,2022,9,1,0,401,80.6,33.9
2022-09-03,14200,14460,28.8,2022,9,1,0,260,80.3,33.3
2022-09-02,14200,13967,30.7,2022,9,1,1,-233,70.9,36.6
2022-09-01,14700,14071,31.5,2022,9,1,0,-629,65.9,37.5
2022-08-31,14800,13614,31.3,2022,8,1,0,-1186,64.3,36.6
2022-08-30,14300,13664,31.5,2022,8,1,0,-636,67.2,37.7
2022-08-29,14200,13735,30.5,2022,8,1,0,-465,68.3,35.5
2022-08-28,14100,14186,29.8,2022,8,1,0,86,73.3,35.3
2022-08-27,14400,14555,30.9,2022,8,1,0,155,68.7,36.9
2022-08-26,13800,14405,30.8,2022,8,1,1,605,66.9,35.9
2022-08-25,14100,14372,29.9,2022,8,1,0,272,69.4,34.5
2022-08-24,14200,14033,29.9,2022,8,1,0,-167,71.2,34.7
2022-08-23,14200,13737,30.2,2022,8,1,0,-463,75.3,36.5
2022-08-22,14300,13663,30.9,2022,8,1,0,-637,69.3,37.1
2022-08-21,14200,13638,30.8,2022,8,1,0,-562,66.9,36.0
2022-08-20,14000,13826,30.2,2022,8,1,0,-174,70.6,35.4
2022-08-19,13600,13613,30.0,2022,8,1,1,13,72.1,35.1
2022-08-18,14000,14423,32.0,2022,8,1,0,423,69.9,39.9
2022-08-17,14300,13880,30.6,2022,8,1,0,-420,70.7,36.8
2022-08-16,14200,13950,30.8,2022,8,1,0,-250,65.5,35.7
2022-08-15,13600,13830,30.1,2022,8,1,0,230,70.8,35.1
2022-08-14,14000,13590,27.9,2022,8,1,0,-410,81.4,32.0
2022-08-13,14700,13314,29.5,2022,8,1,0,-1386,75.0,34.6
2022-08-12,14200,12925,30.0,2022,8,1,1,-1275,69.0,34.5
2022-08-11,13800,13246,30.0,2022,8,1,0,-554,66.4,34.0
2022-08-10,13800,13200,29.1,2022,8,1,0,-600,75.5,33.9
2022-08-09,13600,13615,30.2,2022,8,1,0,15,70.6,35.4
2022-08-07,14200,13539,31.4,2022,8,1,0,-661,65.9,37.0
2022-08-06,13800,12778,30.2,2022,8,1,0,-1022,69.9,35.2
2022-08-05,13000,12580,31.2,2022,8,1,1,-420,67.9,37.2
2022-08-04,14000,12591,29.1,2022,8,1,0,-1409,76.3,34.1
2022-08-03,14000,12982,30.3,2022,8,1,0,-1018,73.6,36.7
2022-08-02,13900,12898,29.4,2022,8,1,0,-1002,73.6,34.4
2022-08-01,14000,12700,29.4,2022,8,1,0,-1300,74.0,34.4
2022-07-31,14000,12935,30.1,2022,7,1,0,-1065,71.5,35.7
2022-07-30,13800,13105,30.5,2022,7,1,0,-695,71.7,36.5
2022-07-29,12800,12994,31.0,2022,7,1,1,194,71.2,37.9
2022-07-28,14000,12876,30.5,2022,7,1,0,-1124,70.5,36.2
2022-07-27,14400,11965,30.6,2022,7,1,0,-2435,67.8,35.8
2022-07-26,13850,11810,28.5,2022,7,1,0,-2040,77.8,32.9
2022-07-25,14000,11831,28.4,2022,7,1,0,-2169,78.0,32.7
2022-07-24,14000,12313,28.5,2022,7,1,0,-1687,75.7,32.5
2022-07-23,14000,12758,31.4,2022,7,1,0,-1242,65.5,37.0
2022-07-22,12900,12635,31.3,2022,7,1,1,-265,67.7,37.4
2022-07-21,14200,12570,30.7,2022,7,1,0,-1630,72.6,37.2
2022-07-20,14200,12051,29.2,2022,7,1,0,-2149,76.5,34.5
2022-07-19,14400,12482,30.8,2022,7,1,0,-1918,70.9,37.4
2022-07-18,14500,14919,31.2,2022,7,1,0,419,69.3,37.7
2022-07-17,14600,15251,31.3,2022,7,1,0,651,66.9,37.4
2022-07-16,13600,15730,31.7,2022,7,1,0,2130,65.2,37.8
2022-07-15,12900,15811,31.8,2022,7,1,1,2911,66.8,38.5
2022-07-14,12800,15416,32.1,2022,7,1,0,2616,61.3,37.5
2022-07-13,13000,15107,32.0,2022,7,1,0,2107,63.3,37.8
2022-07-12,12500,14255,31.3,2022,7,1,0,1755,64.8,36.5
2022-07-11,12800,14080,31.3,2022,7,1,0,1280,68.7,37.9
2022-07-10,11500,14873,30.8,2022,7,1,0,3373,67.0,36.1
2022-07-09,12500,14230,31.6,2022,7,1,0,1730,66.9,37.9
2022-07-08,12500,14002,30.5,2022,7,1,1,1502,69.4,36.1
2022-07-07,14000,14175,30.8,2022,7,1,0,175,70.5,36.8
2022-07-06,14000,13878,28.9,2022,7,1,0,-122,81.9,34.4
2022-07-05,14000,13070,30.8,2022,7,1,0,-930,70.2,36.9
2022-07-04,14000,12818,30.3,2022,7,1,0,-1182,71.2,35.9
2022-07-03,14250,13440,30.7,2022,7,1,0,-810,71.0,37.0
2022-07-02,13800,13792,31.2,2022,7,1,0,-8,65.9,36.6
2022-07-01,13000,14025,29.8,2022,7,1,1,1025,75.7,35.7
2022-06-30,13900,14241,28.0,2022,6,1,0,341,84.5,32.9
2022-06-29,14000,14811,29.5,2022,6,1,0,811,76.1,35.3
2022-06-28,14100,14755,30.6,2022,6,1,0,655,70.4,36.6
2022-06-27,13900,14960,31.6,2022,6,1,0,1060,65.7,37.8
2022-06-26,14000,14920,30.5,2022,6,1,0,920,65.4,35.0
2022-06-25,13500,15039,30.3,2022,6,1,0,1539,69.8,35.8
2022-06-24,12800,14967,31.0,2022,6,1,1,2167,69.4,37.3
2022-06-23,13500,14681,29.6,2022,6,1,0,1181,73.8,34.9
2022-06-22,13200,14693,29.5,2022,6,1,0,1493,71.6,34.1
2022-06-21,13900,14787,28.6,2022,6,1,0,887,73.9,32.5
2022-06-20,12700,14718,28.8,2022,6,1,0,2018,74.1,33.0
2022-06-19,13000,14916,28.8,2022,6,1,0,1916,72.5,32.7
2022-06-18,12300,14919,26.4,2022,6,1,0,2619,84.7,29.0
2022-06-17,11000,15096,26.8,2022,6,1,1,4096,84.8,29.3
2022-06-16,14000,14696,30.3,2022,6,1,0,696,70.3,35.8
2022-06-15,14000,14134,29.8,2022,6,1,0,134,69.2,34.3
2022-06-14,14100,14181,31.0,2022,6,1,0,81,69.6,37.4
2022-06-13,14200,14215,31.5,2022,6,1,0,15,67.3,38.1
2022-06-12,14400,14510,31.6,2022,6,1,0,110,68.2,38.4
2022-06-11,13600,14763,30.6,2022,6,1,0,1163,66.3,35.4
2022-06-10,12700,14349,29.5,2022,6,1,1,1649,68.3,33.0
2022-06-09,13500,14376,28.1,2022,6,1,0,876,79.2,31.5
2022-06-08,13934,14381,31.1,2022,6,1,0,447,67.8,37.0
2022-06-07,13900,14057,30.5,2022,6,1,0,157,69.4,35.7
2022-06-06,14200,15151,31.3,2022,6,1,0,951,68.1,37.7
2022-06-05,14000,15361,30.4,2022,6,1,0,1361,69.4,36.1
2022-06-04,14100,15274,28.7,2022,6,1,0,1174,73.0,32.6
2022-06-03,12500,15128,28.8,2022,6,1,1,2628,76.6,32.9
2022-06-02,13900,14994,29.5,2022,6,1,0,1094,73.1,34.2
2022-06-01,14000,14953,29.2,2022,6,1,0,953,73.3,33.9
2022-05-31,14000,15367,30.0,2022,5,1,0,1367,70.2,35.4
2022-05-30,14000,14808,29.2,2022,5,1,0,808,73.9,33.8
2022-05-29,13800,14964,30.3,2022,5,1,0,1164,70.6,35.7
2022-05-28,13800,14559,30.2,2022,5,1,0,759,69.3,35.1
2022-05-27,12500,14782,29.9,2022,5,1,1,2282,70.6,34.5
2022-05-26,14000,14906,29.7,2022,5,1,0,906,70.7,33.6
2022-05-25,14100,14762,29.0,2022,5,1,0,662,73.4,33.4
2022-05-24,14200,14668,30.7,2022,5,1,0,468,68.5,36.1
2022-05-23,14000,14732,31.1,2022,5,1,0,732,64.9,36.1
2022-05-22,13500,14978,29.8,2022,5,1,0,1478,70.8,34.4
2022-05-21,12000,15250,28.7,2022,5,1,0,3250,77.2,32.7
2022-05-20,12700,15307,29.8,2022,5,1,1,2607,69.1,34.1
2022-05-19,14000,15331,31.0,2022,5,1,0,1331,69.4,37.2
2022-05-18,14000,15066,31.7,2022,5,1,0,1066,66.8,38.0
2022-05-17,14000,15063,31.1,2022,5,1,0,1063,71.7,38.1
2022-05-16,14000,15519,30.9,2022,5,1,0,1519,67.1,36.4
2022-05-15,13500,15420,31.2,2022,5,1,0,1920,66.9,36.9
2022-05-14,12900,15291,29.6,2022,5,1,0,2391,72.2,34.1
2022-05-13,12300,15408,29.4,2022,5,1,1,3108,73.8,34.5
2022-05-12,12900,15995,28.1,2022,5,1,0,3095,73.7,31.2
2022-05-11,12500,15406,27.1,2022,5,1,0,2906,81.0,29.4
2022-05-10,12500,15324,27.7,2022,5,1,0,2824,80.1,31.4
2022-05-09,12900,15559,29.5,2022,5,1,0,2659,70.8,34.2
2022-05-08,13000,16205,30.9,2022,5,1,0,3205,64.2,35.6
2022-05-07,12000,16170,29.3,2022,5,1,0,4170,67.9,32.8
2022-05-06,12000,16197,28.5,2022,5,1,1,4197,70.2,31.3
2022-05-05,11200,15239,29.5,2022,5,1,0,4039,65.4,32.5
2022-05-04,8200,14787,27.7,2022,5,1,0,6587,73.0,29.6
2022-05-03,9200,15361,27.5,2022,5,1,0,6161,78.1,30.3
2022-05-02,12300,15746,29.9,2022,5,1,0,3446,67.5,34.1
2022-05-01,12000,15821,30.6,2022,5,1,0,3821,62.3,34.4
2022-04-30,14000,15410,30.8,2022,4,1,0,1410,60.7,34.2
2022-04-29,13700,15495,32.7,2022,4,1,1,1795,61.4,39.0
2022-04-28,14600,15547,32.0,2022,4,1,0,947,62.4,37.5
2022-04-27,14800,15536,32.2,2022,4,1,0,736,62.5,38.0
2022-04-26,15200,15542,31.5,2022,4,1,0,342,66.0,37.5
2022-04-25,14800,14981,31.8,2022,4,1,0,181,67.0,38.6
2022-04-24,14600,15121,30.8,2022,4,1,0,521,66.7,35.9
2022-04-23,12000,15004,29.0,2022,4,1,0,3004,67.6,31.8
2022-04-22,13000,15340,28.5,2022,4,1,1,2340,71.1,31.6
2022-04-21,14000,15431,26.8,2022,4,1,0,1431,68.3,28.4
2022-04-20,13000,15380,25.5,2022,4,1,0,2380,78.0,26.7
2022-04-19,14800,14933,31.8,2022,4,1,0,133,63.3,37.3
2022-04-18,14700,15150,31.0,2022,4,1,0,450,65.5,35.8
2022-04-17,15000,15740,30.5,2022,4,1,0,740,66.9,35.6
2022-04-16,14500,15493,30.5,2022,4,1,0,993,64.8,35.0
2022-04-15,13800,15498,31.2,2022,4,1,1,1698,65.0,36.3
2022-04-14,14000,15487,30.7,2022,4,1,1,1487,65.6,35.0
2022-04-13,14600,15309,31.1,2022,4,1,0,709,62.8,35.5
2022-04-12,14200,15460,30.2,2022,4,1,0,1260,68.9,35.0
2022-04-11,14200,15196,30.5,2022,4,1,0,996,64.4,34.9
2022-04-10,14500,14751,30.4,2022,4,1,0,251,63.9,34.4
2022-04-09,14500,14631,30.8,2022,4,1,0,131,60.5,34.3
2022-04-08,13600,14781,30.8,2022,4,1,1,1181,61.2,34.1
2022-04-07,14400,14490,31.3,2022,4,1,0,90,59.3,35.0
2022-04-06,14600,14251,30.6,2022,4,1,0,-349,61.2,34.2
2022-04-05,14600,14048,31.0,2022,4,1,0,-552,59.2,34.4
2022-04-04,14300,13695,30.9,2022,4,1,0,-605,62.8,35.1
2022-04-03,13800,13854,30.4,2022,4,1,0,54,62.7,33.8
2022-04-02,13000,14682,30.6,2022,4,1,0,1682,61.6,33.9
2022-04-01,12900,14912,30.1,2022,4,1,1,2012,61.3,33.3
2022-03-31,13500,14815,30.0,2022,3,1,0,1315,60.6,32.6
2022-03-30,13400,14560,29.8,2022,3,1,0,1160,62.9,32.1
2022-03-29,13400,14525,29.2,2022,3,1,0,1125,67.5,31.8
2022-03-28,13600,14685,29.9,2022,3,1,0,1085,66.6,33.7
2022-03-27,13800,14495,29.4,2022,3,1,0,695,70.3,33.4
2022-03-26,12600,13901,29.8,2022,3,1,0,1301,63.5,33.1
2022-03-25,12600,13846,30.7,2022,3,1,1,1246,60.0,34.3
2022-03-24,13800,13801,30.7,2022,3,1,0,1,56.7,33.1
2022-03-23,13500,13755,30.8,2022,3,1,0,255,54.2,32.5
2022-03-22,13500,14017,29.4,2022,3,1,0,517,58.0,31.1
2022-03-21,13300,14062,29.5,2022,3,1,0,762,57.5,31.0
2022-03-20,12900,13987,30.3,2022,3,1,0,1087,51.6,31.5
2022-03-19,11500,14043,29.8,2022,3,1,0,2543,55.0,31.0
2022-03-18,12000,13600,29.8,2022,3,1,1,1600,55.0,31.0
2022-03-17,12400,13674,29.3,2022,3,1,0,1274,55.9,30.2
2022-03-16,12300,12903,29.4,2022,3,1,0,603,55.4,30.1
2022-03-15,12100,12391,29.3,2022,3,1,0,291,53.2,29.9
2022-03-14,12400,13055,28.7,2022,3,1,0,655,57.1,29.8
2022-03-13,12500,13132,28.3,2022,3,1,0,632,52.0,28.6
2022-03-12,11100,12984,28.3,2022,3,1,0,1884,55.2,28.7
2022-03-11,11000,13053,28.9,2022,3,1,1,2053,54.4,29.7
2022-03-10,12000,13488,28.3,2022,3,1,0,1488,54.8,28.7
2022-03-09,12000,13480,28.3,2022,3,1,0,1480,57.4,29.2
2022-03-08,11700,13340,27.6,2022,3,1,0,1640,56.9,28.0
2022-03-07,11500,13494,27.3,2022,3,1,0,1994,58.5,27.5
2022-03-06,11400,12790,27.5,2022,3,1,0,1390,53.0,27.4
2022-03-05,10500,12720,26.7,2022,3,1,0,2220,52.1,26.7
2022-03-04,10000,12360,26.2,2022,3,1,1,2360,58.0,26.5
2022-03-03,10800,12360,26.2,2022,3,1,0,1560,52.9,26.1
2022-03-02,10900,12512,26.3,2022,3,1,0,1612,57.1,26.3
2022-03-01,11000,12562,26.3,2022,3,1,0,1562,57.2,26.3
2022-02-28,10400,12463,25.9,2022,2,0,0,2063,62.1,26.2
2022-02-27,10500,12431,26.0,2022,2,0,0,1931,64.0,26.4
2022-02-26,10400,12615,25.9,2022,2,0,0,2215,60.0,26.0
2022-02-25,9300,12248,24.4,2022,2,0,1,2948,67.9,24.5
2022-02-24,10500,12650,25.0,2022,2,0,0,2150,64.7,25.5
2022-02-23,10100,12218,23.5,2022,2,0,0,2118,59.6,23.5
2022-02-22,10100,12170,22.6,2022,2,0,0,2070,61.3,22.6
2022-02-21,9200,12555,22.4,2022,2,0,0,3355,64.2,22.4
2022-02-20,10600,12703,21.9,2022,2,0,0,2103,65.6,21.9
2022-02-19,10100,12656,22.9,2022,2,0,0,2556,56.5,22.8
2022-02-18,9000,12423,22.6,2022,2,0,1,3423,57.0,22.4
2022-02-17,10000,12526,22.1,2022,2,0,0,2526,62.4,22.1
2022-02-16,10250,12369,22.5,2022,2,0,0,2119,64.9,22.6
2022-02-15,10000,12387,22.9,2022,2,0,0,2387,61.6,22.9
2022-02-14,10000,12576,21.8,2022,2,0,0,2576,59.4,21.8
2022-02-13,10300,12595,21.2,2022,2,0,0,2295,56.7,21.2
2022-02-12,9600,12787,20.3,2022,2,0,0,3187,65.4,20.3
2022-02-11,9500,12580,20.2,2022,2,0,1,3080,73.9,20.2
2022-02-10,9800,12445,19.1,2022,2,0,0,2645,78.3,19.1
2022-02-09,10000,12649,20.8,2022,2,0,0,2649,62.2,20.8
2022-02-08,9800,12674,20.1,2022,2,0,0,2874,62.6,20.1
2022-02-07,9700,12267,19.5,2022,2,0,0,2567,66.2,19.5
2022-02-06,10000,12677,18.7,2022,2,0,0,2677,68.3,18.7
2022-02-05,9100,12484,20.0,2022,2,0,0,3384,68.4,20.0
2022-02-04,8500,12447,19.4,2022,2,0,1,3947,82.3,19.4
2022-02-03,10200,12204,21.9,2022,2,0,0,2004,67.2,21.9
2022-02-02,10000,11752,21.7,2022,2,0,0,1752,64.1,21.7
2022-02-01,10000,12010,20.0,2022,2,0,0,2010,67.4,20.0
2022-01-31,10000,11955,19.8,2022,1,0,0,1955,74.8,19.8
2022-01-30,10200,12401,18.3,2022,1,0,0,2201,66.2,18.3
2022-01-29,9800,12341,17.3,2022,1,0,0,2541,64.8,17.3
2022-01-28,8800,12218,19.4,2022,1,0,1,3418,65.1,19.4
2022-01-27,10200,12140,20.0,2022,1,0,0,1940,73.1,20.0
2022-01-26,10200,12076,20.8,2022,1,0,0,1876,78.1,20.8
2022-01-25,10000,12117,20.8,2022,1,0,0,2117,71.1,20.8
2022-01-24,9800,12107,21.2,2022,1,0,0,2307,70.8,21.2
2022-01-23,9750,12030,21.0,2022,1,0,0,2280,72.2,21.0
2022-01-22,9800,12470,20.4,2022,1,0,0,2670,73.6,20.4
2022-01-21,8800,12375,20.1,2022,1,0,1,3575,73.2,20.1
2022-01-20,10000,12255,19.7,2022,1,0,0,2255,72.5,19.7
2022-01-19,10000,12186,20.8,2022,1,0,0,2186,67.9,20.8
2022-01-18,9900,12165,20.8,2022,1,0,0,2265,67.3,20.8
2022-01-17,9900,11965,20.5,2022,1,0,0,2065,69.6,20.5
2022-01-16,9800,12077,20.8,2022,1,0,0,2277,68.2,20.8
2022-01-15,9300,12072,20.7,2022,1,0,0,2772,71.6,20.7
2022-01-14,8600,11767,20.3,2022,1,0,1,3167,72.4,20.3
2022-01-13,9900,11511,22.6,2022,1,0,0,1611,66.8,22.6
2022-01-12,9850,11250,21.9,2022,1,0,0,1400,71.2,21.9
2022-01-11,9900,11767,23.1,2022,1,0,0,1867,70.3,23.2
2022-01-10,9600,11907,23.1,2022,1,0,0,2307,65.3,23.1
2022-01-09,9800,11677,22.1,2022,1,0,0,1877,66.9,22.1
2022-01-08,9200,12061,22.5,2022,1,0,0,2861,67.0,22.6
2022-01-07,8500,12210,22.5,2022,1,0,1,3710,70.4,22.7
2022-01-06,9500,12473,19.9,2022,1,0,0,2973,75.8,19.9
2022-01-05,9500,12501,19.7,2022,1,0,0,3001,79.5,19.7
2022-01-04,9300,11982,20.6,2022,1,0,0,2682,71.5,20.6
2022-01-03,9000,12813,20.8,2022,1,0,0,3813,70.3,20.8
2022-01-02,9600,12090,19.9,2022,1,0,0,2490,77.1,19.9
2022-01-01,9200,12422,20.4,2022,1,0,0,3222,68.7,20.4
2021-12-31,8500,12355,22.4,2021,12,0,1,3855,60.0,22.4
2021-12-30,9500,12076,21.9,2021,12,0,0,2576,65.0,21.9
2021-12-29,9500,12253,21.7,2021,12,0,0,2753,66.2,21.7
2021-12-28,9800,12361,21.8,2021,12,0,0,2561,66.6,21.8
2021-12-27,9800,12950,21.9,2021,12,0,0,3150,66.8,21.9
2021-12-26,9500,13215,22.2,2021,12,0,0,3715,66.0,22.2
2021-12-25,9200,13034,22.3,2021,12,0,0,3834,64.8,22.3
2021-12-24,8300,12635,21.6,2021,12,0,1,4335,69.0,21.6
2021-12-23,9400,12470,20.5,2021,12,0,0,3070,71.5,20.5
2021-12-22,9500,13080,20.9,2021,12,0,0,3580,70.5,20.9
2021-12-21,9200,12966,20.3,2021,12,0,0,3766,67.8,20.3
2021-12-20,9200,12929,19.8,2021,12,0,0,3729,64.6,19.8
2021-12-19,9300,13282,21.6,2021,12,0,0,3982,66.1,21.6
2021-12-18,9100,13055,21.9,2021,12,0,0,3955,70.7,22.0
2021-12-17,8300,12792,23.0,2021,12,0,1,4492,70.2,23.2
2021-12-16,8600,13138,22.7,2021,12,0,0,4538,65.8,22.7
2021-12-15,9200,13042,22.3,2021,12,0,0,3842,67.5,22.3
2021-12-14,9600,13176,22.2,2021,12,0,0,3576,70.1,22.2
2021-12-13,9600,13104,22.0,2021,12,0,0,3504,69.3,22.0
2021-12-12,9800,12980,23.4,2021,12,0,0,3180,69.6,23.5
2021-12-11,9000,13484,23.6,2021,12,0,0,4484,65.7,23.7
2021-12-10,8500,12992,24.7,2021,12,0,1,4492,65.3,24.7
2021-12-09,9700,13400,25.0,2021,12,0,0,3700,69.0,25.3
2021-12-08,9700,13060,24.3,2021,12,0,0,3360,69.8,24.5
2021-12-07,9200,13171,23.2,2021,12,0,0,3971,81.1,23.2
2021-12-06,9500,13078,21.5,2021,12,0,0,3578,90.3,21.5
2021-12-05,9600,12926,23.1,2021,12,0,0,3326,80.5,23.1
2021-12-04,9000,12415,24.4,2021,12,0,0,3415,68.3,24.6
2021-12-03,9000,12380,25.1,2021,12,0,1,3380,61.8,25.2
2021-12-02,9700,13781,25.8,2021,12,0,0,4081,65.7,26.1
2021-12-01,9600,13760,25.2,2021,12,0,0,4160,63.1,25.4
2021-11-30,9300,13923,24.1,2021,11,0,0,4623,65.8,24.3
2021-11-29,9300,13301,24.3,2021,11,0,0,4001,65.4,24.4
2021-11-28,9700,13218,24.0,2021,11,0,0,3518,65.5,24.1
2021-11-27,8800,13207,24.5,2021,11,0,0,4407,66.7,24.7
2021-11-26,9000,13209,25.0,2021,11,0,1,4209,63.2,25.1
2021-11-25,9900,13615,25.1,2021,11,0,0,3715,64.5,25.4
2021-11-24,10300,13553,26.7,2021,11,0,0,3253,63.0,27.1
2021-11-23,10000,13720,25.8,2021,11,0,0,3720,73.0,27.0
2021-11-22,9700,14263,26.0,2021,11,0,0,4563,69.3,26.7
2021-11-21,10200,14618,25.8,2021,11,0,0,4418,64.7,26.2
2021-11-20,9200,14514,25.5,2021,11,0,0,5314,62.4,25.6
2021-11-19,9000,14484,25.5,2021,11,0,1,5484,63.4,25.8
2021-11-18,9900,14353,25.8,2021,11,0,0,4453,63.8,26.2
2021-11-17,9700,13953,26.0,2021,11,0,0,4253,66.0,26.5
2021-11-16,9800,13864,25.1,2021,11,0,0,4064,70.6,25.4
2021-11-15,9300,13663,23.8,2021,11,0,0,4363,79.7,23.8
2021-11-14,9800,13624,23.5,2021,11,0,0,3824,78.4,23.5
2021-11-13,10500,14233,25.1,2021,11,0,0,3733,78.6,25.4
2021-11-12,10000,14434,26.8,2021,11,0,1,4434,66.6,27.5
2021-11-11,10500,14075,26.7,2021,11,0,0,3575,65.3,27.5
2021-11-10,10500,14185,26.5,2021,11,0,0,3685,64.1,27.1
2021-11-08,10000,13765,26.1,2021,11,0,0,3765,61.5,26.3
2021-11-07,10400,14099,26.6,2021,11,0,0,3699,63.7,27.1
2021-11-06,10300,14387,26.6,2021,11,0,0,4087,60.5,27.0
2021-11-05,9600,14087,26.9,2021,11,0,1,4487,62.0,27.2
2021-11-04,10500,14362,27.5,2021,11,0,0,3862,63.3,28.3
2021-11-03,10500,14571,27.0,2021,11,0,0,4071,63.3,27.6
2021-11-02,11000,15038,27.1,2021,11,0,0,4038,61.9,27.6
2021-11-01,11000,14872,27.5,2021,11,0,0,3872,56.5,27.9
2021-10-31,12000,14758,28.6,2021,10,1,0,2758,53.2,28.7
2021-10-30,11700,14749,28.5,2021,10,1,0,3049,65.5,30.7
2021-10-29,10700,14776,28.9,2021,10,1,1,4076,65.3,31.3
2021-10-28,12000,14684,28.4,2021,10,1,0,2684,68.9,30.8
2021-10-27,12000,14687,28.8,2021,10,1,0,2687,66.5,31.0
2021-10-25,12000,15057,28.6,2021,10,1,0,3057,69.5,31.6
2021-10-24,12600,14773,28.5,2021,10,1,0,2173,68.8,31.1
2021-10-23,11500,14460,28.7,2021,10,1,0,2960,69.4,31.6
2021-10-22,11000,14404,28.4,2021,10,1,1,3404,68.4,30.6
2021-10-21,12400,14579,28.5,2021,10,1,0,2179,74.8,32.0
2021-10-20,11500,14569,27.8,2021,10,1,0,3069,80.7,31.3
2021-10-19,12000,14534,27.0,2021,10,1,0,2534,85.1,29.6
2021-10-18,12600,14762,28.0,2021,10,1,0,2162,83.1,32.7
2021-10-17,13600,14754,30.2,2021,10,1,0,1154,73.3,35.9
2021-10-16,13500,14618,30.0,2021,10,1,0,1118,73.4,35.1
2021-10-15,12900,14700,30.8,2021,10,1,1,1800,67.5,36.0
2021-10-14,13800,14618,30.7,2021,10,1,0,818,71.3,37.0
2021-10-13,13700,14215,30.0,2021,10,1,0,515,71.8,35.3
2021-10-12,13800,14350,30.8,2021,10,1,0,550,68.3,36.3
2021-10-11,13800,14081,31.1,2021,10,1,0,281,67.9,36.9
2021-10-09,12800,14426,30.2,2021,10,1,0,1626,71.0,35.6
2021-10-08,12200,14300,30.2,2021,10,1,1,2100,70.1,35.4
2021-10-07,13000,14551,29.9,2021,10,1,0,1551,70.3,34.2
2021-10-06,12500,14505,28.5,2021,10,1,0,2005,79.1,33.3
2021-10-05,12500,14860,28.4,2021,10,1,0,2360,78.7,32.8
2021-10-04,13000,14830,29.6,2021,10,1,0,1830,73.6,34.4
2021-10-03,13800,14955,29.9,2021,10,1,0,1155,72.2,35.4
2021-10-02,13000,14718,31.0,2021,10,1,0,1718,65.2,35.9
2021-10-01,12800,14891,30.8,2021,10,1,1,2091,66.6,35.7
2021-09-30,13000,15149,29.9,2021,9,1,0,2149,68.9,34.4
2021-09-29,13000,14840,28.2,2021,9,1,0,1840,78.5,32.4
2021-09-28,13200,14934,28.8,2021,9,1,0,1734,75.8,33.0
2021-09-27,13800,14894,30.2,2021,9,1,0,1094,69.7,35.3
2021-09-26,13300,14930,30.8,2021,9,1,0,1630,70.4,36.5
2021-09-25,13200,14938,29.9,2021,9,1,0,1738,72.0,35.2
2021-09-22,13200,14842,29.3,2021,9,1,0,1642,72.4,34.1
2021-09-21,13200,14620,28.3,2021,9,1,0,1420,78.0,32.5
2021-09-20,13300,14564,28.9,2021,9,1,0,1264,73.8,33.0
2021-09-19,13200,14618,28.8,2021,9,1,0,1418,77.6,33.8
2021-09-18,12800,14577,29.2,2021,9,1,0,1777,76.9,34.6
2021-09-17,12900,14721,29.3,2021,9,1,1,1821,75.3,34.5
2021-09-16,13500,14619,30.0,2021,9,1,0,1119,73.1,35.5
2021-09-15,13400,14390,30.4,2021,9,1,0,990,68.4,35.3
2021-09-14,13500,14230,28.9,2021,9,1,0,730,78.6,34.1
2021-09-13,13800,14523,30.1,2021,9,1,0,723,71.1,35.5
2021-09-12,13800,14720,31.9,2021,9,1,0,920,61.3,36.8
2021-09-10,12500,14238,31.0,2021,9,1,1,1738,67.9,36.7
2021-09-09,13500,14180,30.2,2021,9,1,0,680,71.6,36.0
2021-09-08,13500,14315,29.7,2021,9,1,0,815,71.1,34.5
2021-09-07,13300,14395,29.8,2021,9,1,0,1095,73.1,35.3
2021-09-06,13800,14280,30.4,2021,9,1,0,480,71.3,35.8
2021-09-05,13800,14592,30.6,2021,9,1,0,792,70.3,36.5
2021-09-04,13000,14697,30.1,2021,9,1,0,1697,72.8,36.0
2021-09-03,12300,14311,30.2,2021,9,1,1,2011,71.5,35.8
2021-09-02,13300,14205,30.0,2021,9,1,0,905,73.2,35.7
2021-09-01,13500,14170,29.2,2021,9,1,0,670,76.3,34.2
2021-08-31,13500,14241,29.8,2021,8,1,0,741,73.5,35.2
2021-08-30,13000,14234,29.2,2021,8,1,0,1234,72.5,33.5
2021-08-29,13500,14423,29.2,2021,8,1,0,923,75.2,34.2
2021-08-28,13000,14448,30.4,2021,8,1,0,1448,71.1,36.1
2021-08-27,12000,14432,29.4,2021,8,1,1,2432,76.7,35.0
2021-08-26,13000,14669,28.4,2021,8,1,0,1669,82.8,33.3
2021-08-25,13300,14507,29.2,2021,8,1,0,1207,78.8,34.7
2021-08-24,13000,14679,29.2,2021,8,1,0,1679,79.1,33.6
2021-08-23,13500,14883,28.9,2021,8,1,0,1383,77.7,33.3
2021-08-22,13200,15255,31.0,2021,8,1,0,2055,66.7,35.9
2021-08-21,12400,15250,29.0,2021,8,1,0,2850,77.0,34.1
2021-08-20,12200,14924,28.8,2021,8,1,1,2724,75.6,33.3
2021-08-19,12800,14777,28.4,2021,8,1,0,1977,76.7,32.5
2021-08-18,13100,15431,28.6,2021,8,1,0,2331,77.1,33.2
2021-08-17,13000,15255,28.4,2021,8,1,0,2255,77.8,32.8
2021-08-16,13200,15036,29.5,2021,8,1,0,1836,75.4,35.0
2021-08-15,12500,15185,30.0,2021,8,1,1,2685,73.3,35.9
2021-08-14,12600,15200,29.5,2021,8,1,0,2600,76.4,35.2
2021-08-13,12800,15044,29.3,2021,8,1,1,2244,79.0,35.1
2021-08-12,13000,14945,30.5,2021,8,1,0,1945,75.7,37.6
2021-08-11,13000,14895,29.6,2021,8,1,0,1895,75.2,35.4
2021-08-10,13000,14879,29.8,2021,8,1,0,1879,74.0,35.6
2021-08-09,13000,14879,29.3,2021,8,1,0,1879,74.8,34.3
2021-08-08,13200,14931,29.4,2021,8,1,0,1731,76.8,34.9
2021-08-07,12700,14902,28.8,2021,8,1,0,2202,78.8,33.7
2021-08-06,11700,14744,29.7,2021,8,1,1,3044,75.0,35.1
2021-08-05,13000,14619,30.8,2021,8,1,0,1619,68.2,36.2
2021-08-04,12400,14448,29.2,2021,8,1,0,2048,77.6,33.6
2021-08-03,13000,14863,30.3,2021,8,1,0,1863,71.7,36.1
2021-08-02,12000,14930,28.7,2021,8,1,0,2930,78.1,33.5
2021-08-01,12000,15220,29.0,2021,8,1,0,3220,77.6,34.0
2021-07-31,11000,14980,29.0,2021,7,1,0,3980,75.7,34.0
2021-07-30,9500,14813,28.0,2021,7,1,1,5313,79.7,31.4
2021-07-29,10000,14733,27.4,2021,7,1,0,4733,84.4,30.6
2021-07-28,11000,14994,29.6,2021,7,1,0,3994,72.8,34.6
2021-07-27,11500,15430,30.0,2021,7,1,0,3930,73.2,35.6
2021-07-26,12200,15180,30.5,2021,7,1,0,2980,68.8,35.8
2021-07-25,11500,15089,29.6,2021,7,1,0,3589,74.1,34.1
2021-07-24,12800,15185,28.6,2021,7,1,0,2385,77.7,33.2
2021-07-23,12700,15144,29.1,2021,7,1,1,2444,73.7,33.7
2021-07-22,11500,14542,30.3,2021,7,1,0,3042,71.3,35.4
2021-07-21,11500,14844,29.8,2021,7,1,0,3344,74.3,35.5
2021-07-20,10600,15283,28.8,2021,7,1,0,4683,81.6,33.6
2021-07-19,13000,14920,28.8,2021,7,1,0,1920,79.1,34.3
2021-07-18,13300,15478,28.5,2021,7,1,0,2178,79.3,32.7
2021-07-17,13300,15427,29.9,2021,7,1,0,2127,74.5,35.7
2021-07-16,12800,15407,30.0,2021,7,1,1,2607,74.1,35.8
2021-07-15,13700,15387,30.3,2021,7,1,0,1687,70.7,36.0
2021-07-14,13000,15171,31.1,2021,7,1,0,2171,68.9,37.5
2021-07-13,13400,15331,30.1,2021,7,1,0,1931,70.8,35.3
2021-07-12,13500,15270,30.9,2021,7,1,0,1770,66.8,36.3
2021-07-11,13300,15385,30.0,2021,7,1,0,2085,68.3,34.3
2021-07-10,12700,15299,29.5,2021,7,1,0,2599,74.3,34.6
2021-07-09,11900,15105,29.8,2021,7,1,1,3205,70.4,34.5
2021-07-08,12000,15050,29.2,2021,7,1,0,3050,71.4,33.3
2021-07-07,12600,14924,28.2,2021,7,1,0,2324,79.3,32.5
2021-07-06,13000,14980,29.5,2021,7,1,0,1980,69.0,33.3
2021-07-05,12500,15216,28.8,2021,7,1,0,2716,79.4,32.8
2021-07-04,12000,15507,28.1,2021,7,1,0,3507,82.3,31.9
2021-07-03,12400,15430,28.2,2021,7,1,0,3030,76.8,31.3
2021-07-02,11000,15193,26.9,2021,7,1,1,4193,88.5,29.5
2021-07-01,11500,15390,27.1,2021,7,1,0,3890,84.4,29.9
2021-06-30,12800,15304,27.8,2021,6,1,0,2504,80.1,31.1
2021-06-29,13000,15524,27.8,2021,6,1,0,2524,80.7,31.0
2021-06-28,13400,15566,30.0,2021,6,1,0,2166,74.0,35.7
2021-06-27,13600,15612,30.6,2021,6,1,0,2012,69.8,36.2
2021-06-26,12800,15598,29.6,2021,6,1,0,2798,69.6,34.0
2021-06-25,11800,15711,29.5,2021,6,1,1,3911,71.4,34.0
2021-06-24,13200,15802,29.8,2021,6,1,0,2602,69.3,34.6
2021-06-23,13000,15715,29.3,2021,6,1,0,2715,69.9,33.0
2021-06-22,12500,15299,27.8,2021,6,1,0,2799,84.0,31.7
2021-06-21,12900,15113,28.3,2021,6,1,0,2213,72.8,31.5
2021-06-20,11800,15190,27.3,2021,6,1,0,3390,78.8,30.1
2021-06-19,12700,15411,26.8,2021,6,1,0,2711,85.7,29.2
2021-06-18,11000,13960,27.4,2021,6,1,1,2960,85.0,30.5
2021-06-17,12000,14897,28.2,2021,6,1,0,2897,76.9,32.1
2021-06-16,12800,14580,28.1,2021,6,1,0,1780,78.6,31.8
2021-06-15,13000,14854,28.7,2021,6,1,0,1854,76.9,32.8
2021-06-14,13000,14863,29.7,2021,6,1,0,1863,76.0,35.6
2021-06-13,13500,15227,29.5,2021,6,1,0,1727,70.1,33.5
2021-06-12,13700,15539,29.5,2021,6,1,0,1839,71.8,34.1
2021-06-11,12000,15511,29.1,2021,6,1,1,3511,76.8,33.9
2021-06-10,13500,15487,29.1,2021,6,1,0,1987,76.0,34.2
2021-06-09,13000,15482,29.0,2021,6,1,0,2482,74.1,33.4
2021-06-08,11500,15420,29.3,2021,6,1,0,3920,74.7,34.0
2021-06-07,13200,15246,29.4,2021,6,1,0,2046,72.5,33.9
2021-06-06,13500,15748,28.3,2021,6,1,0,2248,79.4,32.5
2021-06-05,12800,15570,28.1,2021,6,1,0,2770,77.4,31.8
2021-06-04,12000,16011,31.1,2021,6,1,1,4011,67.1,36.9
2021-06-03,13800,15283,30.4,2021,6,1,0,1483,70.2,35.8
2021-06-02,13000,14766,30.5,2021,6,1,0,1766,68.2,35.3
2021-06-01,12200,14261,28.3,2021,6,1,0,2061,80.9,32.7
2021-05-31,13200,14397,27.8,2021,5,1,0,1197,76.5,30.7
2021-05-30,13700,14571,30.7,2021,5,1,0,871,71.4,36.6
2021-05-29,13000,15133,31.3,2021,5,1,0,2133,66.1,36.9
2021-05-28,11500,14956,30.1,2021,5,1,1,3456,71.8,35.7
2021-05-27,12500,15225,29.0,2021,5,1,0,2725,73.5,33.5
2021-05-26,11500,15623,27.8,2021,5,1,0,4123,77.9,31.0
2021-05-25,11800,16053,29.7,2021,5,1,0,4253,76.5,35.6
2021-05-24,14500,15881,32.5,2021,5,1,0,1381,65.2,39.5
2021-05-23,14500,15861,33.0,2021,5,1,0,1361,60.2,39.3
2021-05-22,13000,15750,32.5,2021,5,1,0,2750,60.1,37.9
2021-05-21,12300,15504,31.6,2021,5,1,1,3204,63.4,37.2
2021-05-20,13200,15717,31.8,2021,5,1,0,2517,65.0,38.1
2021-05-19,12500,15161,31.5,2021,5,1,0,2661,66.0,37.4
2021-05-18,13000,15278,30.3,2021,5,1,0,2278,72.5,36.1
2021-05-17,11600,15350,30.7,2021,5,1,0,3750,66.3,35.6
2021-05-16,11200,15285,29.7,2021,5,1,0,4085,69.8,33.4
2021-05-15,11000,14686,30.5,2021,5,1,0,3686,64.7,34.3
2021-05-14,10500,15720,29.3,2021,5,1,1,5220,65.7,31.6
2021-05-13,10700,15761,29.1,2021,5,1,0,5061,68.6,32.3
2021-05-12,11000,15766,28.9,2021,5,1,0,4766,64.7,31.1
2021-05-11,11000,15748,26.9,2021,5,1,0,4748,79.4,29.0
2021-05-10,11800,15724,30.2,2021,5,1,0,3924,62.4,33.2
2021-05-09,13000,15780,30.4,2021,5,1,0,2780,60.8,33.6
2021-05-08,12000,15773,30.2,2021,5,1,0,3773,62.2,33.3
2021-05-07,11800,15418,29.9,2021,5,1,1,3618,67.0,33.7
2021-05-06,12200,15467,28.6,2021,5,1,0,3267,70.8,31.3
2021-05-05,13000,15462,29.5,2021,5,1,0,2462,67.9,32.8
2021-05-04,13000,15616,29.2,2021,5,1,0,2616,68.4,32.3
2021-05-03,13200,16086,29.0,2021,5,1,0,2886,65.8,31.7
2021-05-02,13700,15965,30.7,2021,5,1,0,2265,62.9,34.7
2021-05-01,11800,15732,30.5,2021,5,1,0,3932,63.9,34.3
2021-04-30,13300,15821,32.1,2021,4,1,1,2521,55.3,35.5
2021-04-29,13500,16101,31.0,2021,4,1,0,2601,62.4,34.7
2021-04-28,14100,15398,32.6,2021,4,1,0,1298,56.0,37.0
2021-04-27,13950,15300,33.4,2021,4,1,0,1350,53.6,37.9
2021-04-26,13700,15425,31.7,2021,4,1,0,1725,56.0,35.1
2021-04-25,13400,15687,31.8,2021,4,1,0,2287,56.8,35.6
2021-04-24,13300,15828,30.7,2021,4,1,0,2528,59.1,33.6
2021-04-23,12900,15546,30.3,2021,4,1,1,2646,62.4,33.7
2021-04-22,13000,15545,30.3,2021,4,1,0,2545,67.0,34.5
2021-04-21,13500,15595,30.4,2021,4,1,0,2095,65.1,34.4
2021-04-20,13300,15739,31.4,2021,4,1,0,2439,61.7,35.8
2021-04-19,12900,16041,30.6,2021,4,1,0,3141,64.3,34.8
2021-04-18,12000,15834,30.7,2021,4,1,0,3834,60.3,34.0
2021-04-17,13000,15995,29.5,2021,4,1,0,2995,62.7,31.5
2021-04-16,12200,15459,30.5,2021,4,1,1,3259,64.1,34.6
2021-04-15,13200,15434,31.1,2021,4,1,0,2234,62.7,35.6
2021-04-14,13200,15498,32.1,2021,4,1,1,2298,59.6,36.7
2021-04-13,13300,15354,31.7,2021,4,1,0,2054,57.6,35.3
2021-04-12,13100,15175,31.3,2021,4,1,0,2075,59.4,34.9
2021-04-11,13100,14996,30.4,2021,4,1,0,1896,63.6,34.2
2021-04-10,12800,15072,30.3,2021,4,1,0,2272,65.6,34.5
2021-04-09,12200,15293,29.8,2021,4,1,1,3093,67.2,33.1
2021-04-08,12900,15688,30.0,2021,4,1,0,2788,59.7,32.6
2021-04-07,12700,15373,30.1,2021,4,1,0,2673,55.0,31.6
2021-04-06,12000,16000,29.3,2021,4,1,0,4000,52.5,30.0
2021-04-05,12800,15995,28.8,2021,4,1,0,3195,58.0,29.5
2021-04-04,13200,15995,28.8,2021,4,1,0,2795,65.7,30.6
2021-04-03,12800,15846,30.8,2021,4,1,0,3046,60.3,34.3
2021-04-02,12500,15662,30.9,2021,4,1,1,3162,58.0,33.8
2021-04-01,13000,16287,30.7,2021,4,1,0,3287,62.1,34.2
2021-03-31,12900,15619,29.5,2021,3,1,0,2719,71.3,34.1
2021-03-30,11500,15938,29.5,2021,3,1,0,4438,69.0,33.3
2021-03-29,12800,16054,30.1,2021,3,1,0,3254,61.6,33.3
2021-03-28,13000,15725,30.3,2021,3,1,0,2725,52.5,31.6
2021-03-27,12400,15935,30.1,2021,3,1,0,3535,53.4,31.2
2021-03-26,12200,15385,30.4,2021,3,1,1,3185,56.3,32.3
2021-03-25,12800,15061,31.0,2021,3,1,0,2261,56.9,33.8
2021-03-24,12800,15114,30.4,2021,3,1,0,2314,57.6,32.7
2021-03-23,12800,15203,29.8,2021,3,1,0,2403,56.7,31.1
2021-03-22,12800,15253,29.8,2021,3,1,0,2453,56.5,31.4
2021-03-21,12500,15629,29.2,2021,3,1,0,3129,60.6,30.9
2021-03-20,11300,15689,29.1,2021,3,1,0,4389,59.3,30.8
2021-03-19,11000,15605,28.7,2021,3,1,1,4605,60.0,30.2
2021-03-18,11800,15655,28.7,2021,3,1,0,3855,57.0,29.5
2021-03-17,11200,15367,27.5,2021,3,1,0,4167,58.7,28.1
2021-03-16,11600,15593,28.0,2021,3,1,0,3993,62.0,29.4
2021-03-15,11400,15439,27.8,2021,3,1,0,4039,56.0,28.1
2021-03-14,11800,15521,26.8,2021,3,1,0,3721,62.9,27.1
2021-03-13,11800,15445,28.0,2021,3,1,0,3645,69.1,29.9
2021-03-12,10900,15147,29.0,2021,3,1,1,4247,65.9,31.5
2021-03-11,11200,14811,27.7,2021,3,1,0,3611,68.4,29.4
2021-03-10,11400,14911,27.5,2021,3,1,0,3511,66.7,28.8
2021-03-09,11200,15283,27.7,2021,3,1,0,4083,64.7,28.9
2021-03-08,11400,15905,27.9,2021,3,1,0,4505,70.8,29.9
2021-03-07,11400,16180,27.3,2021,3,1,0,4780,66.6,28.3
2021-03-06,11000,15350,27.4,2021,3,1,0,4350,65.7,29.2
2021-03-05,9600,14581,26.8,2021,3,1,1,4981,63.1,27.5
2021-03-04,10800,13951,26.2,2021,3,1,0,3151,60.4,26.5
2021-03-03,11000,14330,27.5,2021,3,1,0,3330,58.4,28.3
2021-03-02,11200,13896,27.1,2021,3,1,0,2696,62.2,27.5
2021-03-01,10800,14240,27.6,2021,3,1,0,3440,66.9,28.8
2021-02-28,10800,14478,27.5,2021,2,0,0,3678,64.4,28.4
2021-02-27,10100,14488,26.3,2021,2,0,0,4388,60.3,26.5
2021-02-26,9200,14349,25.8,2021,2,0,1,5149,63.8,26.1
2021-02-25,9800,14145,25.0,2021,2,0,0,4345,63.1,25.1
2021-02-24,10000,14149,23.9,2021,2,0,0,4149,63.3,24.0
2021-02-23,9700,14281,23.0,2021,2,0,0,4581,61.1,23.1
2021-02-22,9700,13837,24.0,2021,2,0,0,4137,60.0,23.9
2021-02-21,8700,13467,24.5,2021,2,0,0,4767,63.5,24.4
2021-02-20,9100,13545,23.7,2021,2,0,0,4445,67.6,23.7
2021-02-19,9000,13530,24.1,2021,2,0,1,4530,65.2,24.3
2021-02-18,9700,14125,22.7,2021,2,0,0,4425,69.2,22.7
2021-02-17,9700,14144,22.9,2021,2,0,0,4444,66.5,22.9
2021-02-16,9600,13740,23.0,2021,2,0,0,4140,71.8,23.1
2021-02-15,9500,13360,23.1,2021,2,0,0,3860,69.0,23.2
2021-02-14,9600,14021,21.8,2021,2,0,0,4421,64.0,21.7
2021-02-13,9300,14091,22.3,2021,2,0,0,4791,67.8,22.4
2021-02-12,9000,14068,22.6,2021,2,0,1,5068,68.1,22.6
2021-02-11,9600,13897,22.8,2021,2,0,0,4297,66.1,22.8
2021-02-08,9300,13425,20.7,2021,2,0,0,4125,65.1,20.7
2021-02-07,9300,13622,21.3,2021,2,0,0,4322,67.4,21.3
2021-02-06,9300,13707,22.4,2021,2,0,0,4407,66.5,22.5
2021-02-05,8200,13750,22.8,2021,2,0,1,5550,67.3,22.9
2021-02-04,9300,13069,20.9,2021,2,0,0,3769,66.0,20.9
2021-02-03,9300,13211,19.7,2021,2,0,0,3911,64.4,19.7
2021-02-02,9300,12933,18.6,2021,2,0,0,3633,73.9,18.6
2021-02-01,9200,12962,17.0,2021,2,0,0,3762,78.3,17.0
2021-01-31,9300,13415,19.7,2021,1,0,0,4115,67.5,19.7
2021-01-30,9300,13722,20.8,2021,1,0,0,4422,68.2,20.8
2021-01-29,8400,13011,19.3,2021,1,0,1,4611,78.5,19.3
2021-01-28,9400,13155,19.1,2021,1,0,0,3755,78.1,19.1
2021-01-27,9400,12498,19.0,2021,1,0,0,3098,75.6,19.0
2021-01-26,9500,12269,20.2,2021,1,0,0,2769,74.0,20.2
2021-01-25,9300,12048,20.0,2021,1,0,0,2748,76.4,20.0
2021-01-24,9700,11765,18.9,2021,1,0,0,2065,85.1,18.9
2021-01-23,9500,11956,18.9,2021,1,0,0,2456,84.0,18.9
2021-01-22,8000,12573,19.4,2021,1,0,1,4573,80.8,19.4
2021-01-21,9500,13051,19.8,2021,1,0,0,3551,80.7,19.8
2021-01-20,9500,12946,20.5,2021,1,0,0,3446,82.9,20.5
2021-01-19,9400,13459,19.4,2021,1,0,0,4059,84.2,19.4
2021-01-18,9500,12797,18.7,2021,1,0,0,3297,82.1,18.7
2021-01-17,9500,13353,19.0,2021,1,0,0,3853,78.8,19.0
2021-01-16,9200,13221,19.5,2021,1,0,0,4021,70.8,19.5
2021-01-15,8600,13161,19.6,2021,1,0,1,4561,65.4,19.6
2021-01-14,9300,13004,19.7,2021,1,0,0,3704,65.6,19.7
2021-01-13,9500,12836,20.4,2021,1,0,0,3336,66.8,20.4
2021-01-12,9500,13148,22.0,2021,1,0,0,3648,72.1,22.0
2021-01-11,9500,13464,23.1,2021,1,0,0,3964,74.9,23.2
2021-01-10,9500,13631,22.2,2021,1,0,0,4131,71.0,22.3
2021-01-09,9100,13677,22.3,2021,1,0,0,4577,73.2,22.3
2021-01-08,8400,13273,23.4,2021,1,0,1,4873,66.2,23.5
2021-01-07,9200,13150,22.7,2021,1,0,0,3950,68.8,22.7
2021-01-06,9200,13194,22.5,2021,1,0,0,3994,67.5,22.5
2021-01-05,9200,13621,21.4,2021,1,0,0,4421,70.1,21.4
2021-01-04,9000,13529,20.6,2021,1,0,0,4529,71.7,20.6
2021-01-02,9000,12675,20.1,2021,1,0,0,3675,66.6,20.1
2021-01-01,8000,12833,19.9,2021,1,0,1,4833,70.0,19.9
2020-12-31,9000,12866,20.7,2020,12,0,0,3866,66.7,20.7
2020-12-30,9000,13053,20.6,2020,12,0,0,4053,67.5,20.6
2020-12-29,8900,13822,20.5,2020,12,0,0,4922,64.9,20.5
2020-12-28,9000,13586,19.3,2020,12,0,0,4586,69.4,19.3
2020-12-27,9000,13547,19.2,2020,12,0,0,4547,69.0,19.2
2020-12-26,8800,13673,20.5,2020,12,0,0,4873,66.7,20.5
2020-12-25,8100,13198,19.7,2020,12,0,1,5098,71.4,19.7
2020-12-24,8900,13152,20.6,2020,12,0,0,4252,70.5,20.6
2020-12-23,9000,13091,19.7,2020,12,0,0,4091,76.3,19.7
2020-12-22,9000,12764,18.8,2020,12,0,0,3764,76.7,18.8
2020-12-21,8800,13481,19.2,2020,12,0,0,4681,78.0,19.2
2020-12-20,9000,13841,19.4,2020,12,0,0,4841,73.1,19.4
2020-12-19,8500,13632,20.3,2020,12,0,0,5132,62.4,20.3
2020-12-18,7800,13526,20.9,2020,12,0,1,5726,69.6,20.9
2020-12-17,8400,13510,20.8,2020,12,0,0,5110,74.4,20.8
2020-12-16,8000,13495,21.3,2020,12,0,0,5495,77.4,21.3
2020-12-15,9000,13405,21.1,2020,12,0,0,4405,79.2,21.1
2020-12-14,9100,13483,22.4,2020,12,0,0,4383,73.9,22.4
2020-12-13,9200,13407,21.3,2020,12,0,0,4207,82.8,21.3
2020-12-12,8500,13643,20.3,2020,12,0,0,5143,81.8,20.3
2020-12-11,8000,13382,19.6,2020,12,0,1,5382,84.4,19.6
2020-12-10,8900,13630,20.2,2020,12,0,0,4730,84.3,20.2
2020-12-09,9000,13683,20.5,2020,12,0,0,4683,91.2,20.5
2020-12-08,9000,13500,22.6,2020,12,0,0,4500,84.4,22.8
2020-12-07,9000,13791,23.2,2020,12,0,0,4791,81.7,23.4
2020-12-06,9200,13453,24.2,2020,12,0,0,4253,77.4,24.7
2020-12-05,8800,13509,22.9,2020,12,0,0,4709,77.4,23.2
2020-12-04,7800,13397,24.8,2020,12,0,1,5597,65.9,25.0
2020-12-03,9200,13524,23.0,2020,12,0,0,4324,74.6,23.0
2020-12-02,9200,14425,23.4,2020,12,0,0,5225,73.2,23.6
2020-12-01,9200,14533,23.8,2020,12,0,0,5333,70.1,23.9
2020-11-30,9200,14474,24.2,2020,11,0,0,5274,67.6,24.5
2020-11-29,9200,14246,24.5,2020,11,0,0,5046,67.7,24.8
2020-11-28,8800,14126,23.4,2020,11,0,0,5326,71.2,23.6
2020-11-27,8000,14211,23.5,2020,11,0,1,6211,71.9,23.6
2020-11-26,9000,14142,23.6,2020,11,0,0,5142,69.9,23.7
2020-11-25,9000,14096,23.5,2020,11,0,0,5096,70.0,23.7
2020-11-24,9200,13903,23.0,2020,11,0,0,4703,71.7,23.1
2020-11-23,9300,14336,22.5,2020,11,0,0,5036,67.9,22.6
2020-11-22,9600,14314,23.6,2020,11,0,0,4714,70.7,23.7
2020-11-21,9500,14081,24.3,2020,11,0,0,4581,84.0,24.4
2020-11-20,8500,13670,24.8,2020,11,0,1,5170,78.0,25.1
2020-11-19,9800,14422,26.0,2020,11,0,0,4622,67.9,26.4
2020-11-18,10000,14139,25.1,2020,11,0,0,4139,68.0,25.1
2020-11-17,9800,14439,26.6,2020,11,0,0,4639,67.7,27.2
2020-11-16,10000,14496,26.5,2020,11,0,0,4496,64.6,27.1
2020-11-15,10300,14363,27.0,2020,11,0,0,4063,61.0,27.5
2020-11-14,9800,14511,28.4,2020,11,0,0,4711,59.5,29.4
2020-11-13,10000,14216,27.4,2020,11,0,1,4216,65.1,28.2
2020-11-12,10300,14582,27.4,2020,11,0,0,4282,63.3,28.2
2020-11-11,10400,14783,27.1,2020,11,0,0,4383,62.7,27.6
2020-11-10,10400,13965,27.2,2020,11,0,0,3565,63.1,28.0
2020-11-09,10200,14164,26.9,2020,11,0,0,3964,68.7,28.1
2020-11-08,10200,14103,25.7,2020,11,0,0,3903,70.1,26.4
2020-11-07,9200,13980,25.7,2020,11,0,0,4780,68.5,25.9
2020-11-06,10300,14220,25.7,2020,11,0,1,3920,64.6,26.0
2020-11-05,10800,14497,27.2,2020,11,0,0,3697,65.7,28.4
2020-11-04,11700,14697,28.2,2020,11,0,0,2997,68.5,30.2
2020-11-03,11800,14767,28.3,2020,11,0,0,2967,73.3,31.1
2020-11-02,11700,14659,27.5,2020,11,0,0,2959,76.6,29.8
2020-11-01,11900,14804,27.1,2020,11,0,0,2904,79.1,29.1
2020-10-31,12000,14948,28.2,2020,10,1,0,2948,72.2,31.1
2020-10-30,11300,14868,29.6,2020,10,1,1,3568,68.1,32.8
2020-10-29,11800,14942,29.0,2020,10,1,0,3142,68.8,32.0
2020-10-28,11500,15043,28.6,2020,10,1,0,3543,71.1,31.8
2020-10-27,11700,15137,28.5,2020,10,1,0,3437,69.8,31.0
2020-10-26,11000,14658,28.4,2020,10,1,0,3658,69.9,30.9
2020-10-25,11200,14550,28.5,2020,10,1,0,3350,73.4,31.2
2020-10-24,10500,14356,26.7,2020,10,1,0,3856,83.9,28.5
2020-10-23,8800,14449,25.4,2020,10,1,1,5649,92.4,25.5
2020-10-22,11700,14534,26.5,2020,10,1,0,2834,86.5,28.3
2020-10-21,12800,14849,28.5,2020,10,1,0,2049,78.1,32.7
2020-10-20,12800,14789,29.9,2020,10,1,0,1989,71.7,34.7
2020-10-19,12800,14726,29.2,2020,10,1,0,1926,76.1,34.3
2020-10-18,13000,14804,29.1,2020,10,1,0,1804,73.7,33.6
2020-10-17,12500,14620,30.4,2020,10,1,0,2120,64.2,34.2
2020-10-16,12000,14419,30.4,2020,10,1,1,2419,70.2,35.7
2020-10-15,13000,14569,29.5,2020,10,1,0,1569,74.9,34.2
2020-10-14,13100,14722,29.2,2020,10,1,0,1622,76.2,34.1
2020-10-13,13100,15017,29.8,2020,10,1,0,1917,74.7,35.3
2020-10-12,13100,14997,29.5,2020,10,1,0,1897,79.7,35.9
2020-10-11,13000,14604,30.4,2020,10,1,0,1604,73.7,37.0
2020-10-10,12500,14953,30.2,2020,10,1,0,2453,72.1,35.7
2020-10-09,12000,14150,30.1,2020,10,1,1,2150,72.5,35.4
2020-10-08,12400,14513,29.0,2020,10,1,0,2113,77.5,33.8
2020-10-07,12300,14201,29.4,2020,10,1,0,1901,75.5,34.6
2020-10-06,12400,14288,28.9,2020,10,1,0,1888,74.9,33.3
2020-10-05,12700,14573,29.0,2020,10,1,0,1873,77.0,34.1
2020-10-04,12700,14068,29.3,2020,10,1,0,1368,75.5,33.9
2020-10-03,11800,13893,29.0,2020,10,1,0,2093,78.3,34.3
2020-10-02,11500,13855,28.9,2020,10,1,1,2355,76.8,33.4
2020-10-01,12600,14405,29.4,2020,10,1,0,1805,77.5,35.1
2020-09-30,12800,14541,30.2,2020,9,1,0,1741,73.6,36.1
2020-09-29,12500,13950,29.4,2020,9,1,0,1450,75.5,34.7
2020-09-28,11900,14458,29.8,2020,9,1,0,2558,72.8,34.7
2020-09-27,11500,14415,28.8,2020,9,1,0,2915,77.1,33.6
2020-09-26,11000,14271,28.5,2020,9,1,0,3271,81.8,33.5
2020-09-25,10500,14153,28.7,2020,9,1,1,3653,79.5,33.7
2020-09-24,11400,13620,28.2,2020,9,1,0,2220,81.3,32.4
2020-09-23,11900,13971,28.4,2020,9,1,0,2071,78.6,32.9
2020-09-22,11900,14018,28.7,2020,9,1,0,2118,79.7,33.9
2020-09-21,12200,14346,28.9,2020,9,1,0,2146,76.5,33.5
2020-09-20,13000,14381,30.6,2020,9,1,0,1381,71.4,36.4
2020-09-19,12000,13900,31.0,2020,9,1,0,1900,68.1,36.3
2020-09-18,11500,14004,28.6,2020,9,1,1,2504,80.0,33.5
2020-09-17,12500,13758,30.0,2020,9,1,0,1258,73.8,35.9
2020-09-16,12300,14484,30.1,2020,9,1,0,2184,72.4,35.8
2020-09-15,12500,15045,29.9,2020,9,1,0,2545,76.0,36.1
2020-09-14,12700,15189,29.2,2020,9,1,0,2489,77.2,34.6
2020-09-13,12700,15100,29.6,2020,9,1,0,2400,77.7,35.8
2020-09-12,12000,15026,29.8,2020,9,1,0,3026,78.2,36.1
2020-09-11,11500,14997,29.3,2020,9,1,1,3497,78.3,35.1
2020-09-10,12700,14870,28.9,2020,9,1,0,2170,80.1,34.5
2020-09-09,13000,15249,28.9,2020,9,1,0,2249,76.8,33.8
2020-09-08,12000,15199,29.5,2020,9,1,0,3199,77.1,35.4
2020-09-07,12400,15171,29.6,2020,9,1,0,2771,74.9,35.0
2020-09-06,13000,14859,31.0,2020,9,1,0,1859,67.2,36.5
2020-09-05,12500,14876,31.4,2020,9,1,0,2376,68.3,38.0
2020-09-04,11800,14870,31.2,2020,9,1,1,3070,70.2,38.2
2020-09-03,12400,14722,30.0,2020,9,1,0,2322,70.2,34.9
2020-09-02,12500,14508,29.9,2020,9,1,0,2008,70.8,34.4
2020-09-01,12200,14642,28.5,2020,9,1,0,2442,80.9,33.6
2020-08-31,12600,14478,30.7,2020,8,1,0,1878,74.0,37.8
2020-08-30,12200,14178,30.5,2020,8,1,0,1978,72.7,36.6
2020-08-29,11500,14184,29.1,2020,8,1,0,2684,79.5,34.7
2020-08-28,11000,13804,29.0,2020,8,1,1,2804,72.2,33.2
2020-08-27,11800,14009,29.5,2020,8,1,0,2209,77.0,35.3
2020-08-26,12000,14264,29.1,2020,8,1,0,2264,71.0,33.1
2020-08-25,12500,14445,29.2,2020,8,1,0,1945,76.4,34.2
2020-08-24,11900,14576,30.5,2020,8,1,0,2676,71.3,36.3
2020-08-23,11800,14510,29.4,2020,8,1,0,2710,81.0,35.5
2020-08-22,11500,14759,27.0,2020,8,1,0,3259,90.0,29.5
2020-08-21,10500,14481,27.4,2020,8,1,1,3981,86.2,30.8
2020-08-20,12000,14452,27.0,2020,8,1,0,2452,85.7,30.1
2020-08-19,12000,14632,29.1,2020,8,1,0,2632,76.8,34.2
2020-08-18,11900,14851,29.0,2020,8,1,0,2951,79.7,34.4
2020-08-17,11900,14887,28.3,2020,8,1,0,2987,76.4,31.7
2020-08-16,11900,14876,27.9,2020,8,1,0,2976,85.6,32.6
2020-08-15,11500,14860,28.9,2020,8,1,1,3360,82.0,34.9
2020-08-14,11900,15040,30.7,2020,8,1,1,3140,73.2,37.4
2020-08-13,12600,14914,30.4,2020,8,1,0,2314,73.1,36.6
2020-08-12,12500,14794,30.1,2020,8,1,0,2294,75.5,36.7
2020-08-11,12500,14803,30.4,2020,8,1,0,2303,75.7,37.7
2020-08-10,12400,14829,30.4,2020,8,1,0,2429,75.7,37.3
2020-08-09,12400,14702,30.0,2020,8,1,0,2302,73.8,35.8
2020-08-08,12000,14502,31.0,2020,8,1,0,2502,71.3,37.7
2020-08-07,10800,14409,29.9,2020,8,1,1,3609,78.9,36.9
2020-08-06,11300,14508,29.9,2020,8,1,0,3208,77.5,36.5
2020-08-05,11000,14582,29.8,2020,8,1,0,3582,76.4,35.9
2020-08-04,11400,14604,29.4,2020,8,1,0,3204,78.9,35.6
2020-08-03,11500,13324,30.7,2020,8,1,0,1824,73.9,37.5
2020-08-02,11000,14707,30.5,2020,8,1,0,3707,77.4,38.4
2020-08-01,9500,15135,30.1,2020,8,1,0,5635,75.8,36.7
2020-07-31,11000,14579,30.1,2020,7,1,1,3579,73.0,36.0
2020-07-30,11500,14795,30.7,2020,7,1,0,3295,73.0,37.2
2020-07-29,11500,15001,28.0,2020,7,1,0,3501,88.0,32.5
2020-07-28,12000,14861,29.4,2020,7,1,0,2861,79.9,35.8
2020-07-27,12700,14942,30.6,2020,7,1,0,2242,77.2,38.8
2020-07-26,12500,14775,31.8,2020,7,1,0,2275,68.8,39.0
2020-07-25,11600,14684,30.1,2020,7,1,0,3084,73.0,35.5
2020-07-24,10800,14572,28.7,2020,7,1,1,3772,80.2,33.9
2020-07-23,11800,14563,28.6,2020,7,1,0,2763,77.9,33.2
2020-07-22,11300,14569,27.5,2020,7,1,0,3269,87.8,30.9
2020-07-21,11000,14832,27.0,2020,7,1,0,3832,90.9,30.2
2020-07-20,11500,14537,26.9,2020,7,1,0,3037,87.1,29.6
2020-07-19,12400,14914,30.4,2020,7,1,0,2514,70.4,36.0
2020-07-18,11800,14986,30.2,2020,7,1,0,3186,75.2,36.6
2020-07-17,11000,14918,30.0,2020,7,1,1,3918,74.2,36.0
2020-07-16,12500,14868,29.9,2020,7,1,0,2368,66.9,34.0
2020-07-15,11800,14979,29.7,2020,7,1,0,3179,73.2,34.9
2020-07-14,11500,14545,29.0,2020,7,1,0,3045,80.9,34.9
2020-07-13,11000,15235,29.1,2020,7,1,0,4235,80.9,34.7
2020-07-12,11800,15198,28.1,2020,7,1,0,3398,88.6,33.5
2020-07-11,11500,14655,29.1,2020,7,1,0,3155,83.4,35.5
2020-07-10,10500,15214,29.8,2020,7,1,1,4714,77.5,36.2
2020-07-09,12300,15103,29.5,2020,7,1,0,2803,77.2,35.6
2020-07-08,12500,15221,30.4,2020,7,1,0,2721,72.2,36.3
2020-07-07,11500,15272,29.5,2020,7,1,0,3772,79.6,36.1
2020-07-06,11900,15275,29.0,2020,7,1,0,3375,78.3,34.1
2020-07-05,12000,15149,28.7,2020,7,1,0,3149,81.4,33.9
2020-07-04,12000,15265,29.6,2020,7,1,0,3265,75.0,35.2
2020-07-03,11500,15060,30.9,2020,7,1,1,3560,69.9,37.2
2020-07-02,12500,15206,31.5,2020,7,1,0,2706,66.3,37.5
2020-07-01,11800,15383,31.7,2020,7,1,0,3583,68.5,38.3
2020-06-30,11200,15620,29.3,2020,6,1,0,4420,76.2,34.7
2020-06-29,11000,15232,29.9,2020,6,1,0,4232,73.6,35.4
2020-06-28,11600,15202,28.6,2020,6,1,0,3602,80.5,33.2
2020-06-27,11000,15398,30.4,2020,6,1,0,4398,74.2,37.1
2020-06-26,11000,14920,30.3,2020,6,1,1,3920,72.7,36.6
2020-06-25,12200,15285,31.4,2020,6,1,0,3085,69.1,38.2
2020-06-24,12000,14790,31.0,2020,6,1,0,2790,69.4,37.2
2020-06-23,11700,14198,30.7,2020,6,1,0,2498,71.9,37.4
2020-06-22,11500,14865,29.6,2020,6,1,0,3365,75.5,35.0
2020-06-21,12000,14867,29.1,2020,6,1,0,2867,77.6,34.5
2020-06-20,11000,15070,29.8,2020,6,1,0,4070,74.2,35.2
2020-06-19,10000,15071,28.3,2020,6,1,1,5071,82.4,32.8
2020-06-18,10700,15025,28.4,2020,6,1,0,4325,84.2,33.8
2020-06-17,11500,15023,27.3,2020,6,1,0,3523,88.8,31.5
2020-06-16,11800,14817,30.4,2020,6,1,0,3017,71.3,36.4
2020-06-15,12000,15025,30.4,2020,6,1,0,3025,68.9,35.6
2020-06-14,12000,14957,29.2,2020,6,1,0,2957,76.3,34.3
2020-06-13,11000,15115,27.8,2020,6,1,0,4115,83.6,31.9
2020-06-12,10500,14997,29.0,2020,6,1,1,4497,75.8,33.6
2020-06-11,12000,15314,28.0,2020,6,1,0,3314,82.3,32.4
2020-06-10,12200,15223,29.5,2020,6,1,0,3023,74.2,34.1
2020-06-09,12000,15689,30.2,2020,6,1,0,3689,66.1,34.4
2020-06-08,11600,15316,28.9,2020,6,1,0,3716,76.7,33.4
2020-06-07,11500,15438,30.4,2020,6,1,0,3938,71.4,35.2
2020-06-06,10800,15053,28.8,2020,6,1,0,4253,80.3,34.0
2020-06-05,9000,15065,28.3,2020,6,1,1,6065,78.2,32.0
2020-06-04,11000,15053,27.6,2020,6,1,0,4053,81.3,30.8
2020-06-03,11000,14747,28.9,2020,6,1,0,3747,75.8,33.2
2020-06-02,11000,14765,29.5,2020,6,1,0,3765,70.9,33.2
