Date,Demand(MW),Temp(C),IsHoliday,humidity,feelslike
2024-12-31,10600,18.7,0,77.9,18.7
2024-12-30,10800,21.8,0,61.4,21.7
2024-12-29,10800,21.2,0,65.4,21.2
2024-12-28,9850,21.2,0,66.0,21.2
2024-12-27,10600,21.4,1,59.5,21.3
2024-12-26,10600,21.9,0,58.3,21.8
2024-12-25,10500,21.2,0,58.8,21.2
2024-12-24,10700,20.5,0,65.3,20.5
2024-12-23,10700,20.4,0,68.1,20.4
2024-12-22,10600,19.8,0,75.6,19.8
2024-12-21,9200,20.1,0,74.1,20.1
2024-12-19,10500,20.3,0,68.6,20.3
2024-12-17,10250,20.9,0,60.4,20.8
2024-12-16,9500,19.9,0,64.5,19.8
2024-12-15,10200,19.4,0,69.3,19.4
2024-12-14,10000,18.8,0,73.6,18.8
2024-12-13,10000,18.5,1,82.1,18.5
2024-12-12,10300,19.47,0,87.5,16.8
2024-12-11,10300,19.0,0,71.2,19.0
2024-12-10,10300,20.6,0,74.5,20.6
2024-12-09,10600,20.3,0,75.7,20.3
2024-12-08,10800,20.5,0,57.0,20.5
2024-12-07,10000,20.8,0,50.5,20.8
2024-12-06,9500,21.3,1,56.2,21.3
2024-12-05,10900,22.6,0,63.6,22.5
2024-12-04,11200,22.5,0,62.5,22.4
2024-12-03,10800,23.5,0,61.0,23.4
2024-12-02,10900,23.5,0,60.1,23.4
2024-12-01,10900,23.9,0,61.5,23.8
2024-11-30,10600,24.2,0,66.2,24.3
2024-11-29,9200,24.9,1,57.4,24.8
2024-11-28,10800,23.6,0,61.4,23.5
2024-11-27,10800,23.1,0,65.6,23.0
2024-11-26,10600,22.7,0,64.8,22.7
2024-11-25,10700,22.9,0,62.1,22.9
2024-11-24,11000,23.5,0,64.8,23.4
2024-11-23,10500,24.1,0,65.9,24.2
2024-11-22,10800,23.8,1,61.2,23.7
2024-11-21,11000,23.7,0,62.8,23.5
2024-11-20,11500,23.9,0,63.3,23.7
2024-11-19,11100,24.2,0,64.7,24.1
2024-11-18,11300,23.8,0,62.2,23.8
2024-11-17,11800,24.3,0,54.6,24.1
2024-11-15,11500,25.6,1,69.7,25.9
2024-11-14,12400,26.2,0,68.5,26.6
2024-11-13,12800,26.3,0,65.1,26.7
2024-11-12,12550,27.3,0,57.7,27.6
2024-11-11,12500,27.2,0,63.7,27.8
2024-11-10,13000,26.7,0,65.8,27.2
2024-11-09,12000,26.5,0,64.3,26.9
2024-11-08,12000,26.9,1,65.9,27.4
2024-11-07,13000,26.5,0,71.4,27.5
2024-11-06,13000,25.3,0,73.1,25.7
2024-11-05,13500,27.7,0,68.8,28.9
2024-11-04,13500,27.9,0,71.3,29.6
2024-11-03,14000,27.8,0,75.0,29.7
2024-11-02,13000,28.2,0,73.8,30.6
2024-11-01,13200,28.8,1,74.7,32.4
2024-10-31,14000,29.2,0,77.7,34.4
2024-10-30,14000,29.3,0,75.6,34.1
2024-10-29,14800,28.8,0,74.0,31.9
2024-10-28,14300,29.2,0,71.4,32.4
2024-10-27,14300,28.9,0,77.4,32.5
2024-10-26,13200,28.6,0,79.5,32.7
2024-10-25,11000,27.4,1,80.9,30.3
2024-10-24,12800,25.2,0,87.6,25.9
2024-10-23,14650,28.0,0,83.7,32.4
2024-10-22,14500,29.5,0,76.3,34.0
2024-10-21,13800,28.1,0,74.1,30.1
2024-10-20,13800,27.8,0,79.1,30.1
2024-10-19,13700,28.0,0,82.5,31.0
2024-10-18,12800,26.9,1,90.7,29.4
2024-10-17,14300,27.8,0,83.5,31.7
2024-10-16,14500,28.7,0,77.3,32.3
2024-10-15,14400,28.5,0,74.6,31.4
2024-10-14,15000,28.9,0,77.1,32.7
2024-10-13,14500,29.1,0,76.8,33.3
2024-10-12,14000,28.4,0,82.0,32.2
2024-10-11,14000,28.6,1,82.3,33.3
2024-10-10,13500,28.1,0,84.1,31.9
2024-10-09,14500,27.4,0,88.6,30.9
2024-10-08,15000,28.3,0,86.1,33.0
2024-10-07,15000,28.3,0,86.8,33.6
2024-10-06,14500,28.7,0,84.0,34.0
2024-10-05,12500,26.1,0,89.04285714285713,27.4
2024-10-04,13000,27.2,1,91.5,31.2
2024-10-03,14500,26.8,0,93.5,30.0
2024-10-02,15400,28.9,0,87.0,35.2
2024-10-01,15200,29.0,0,86.6,35.6
2024-09-30,15500,29.3,0,90.8,38.2
2024-09-29,15500,29.6,0,85.9,37.4
2024-09-28,13500,29.5,0,81.7,35.2
2024-09-27,13200,27.4,1,90.2,30.9
2024-09-26,14000,26.0,0,93.6,26.8
2024-09-25,14000,27.0,0,93.1,31.1
2024-09-24,15600,30.4,0,78.6,38.0
2024-09-23,16300,31.5,0,80.7,42.7
2024-09-22,15900,30.7,0,71.5,36.0
2024-09-21,15700,29.0,0,79.2,34.7
2024-09-20,15500,33.0,1,73.7,44.3
2024-09-19,16000,32.2,0,76.3,42.7
2024-09-18,15400,31.0,0,77.3,39.5
2024-09-17,15500,29.9,0,79.2,35.9
2024-09-16,12600,28.1,0,85.5,32.4
2024-09-15,12000,26.1,0,82.42857142857143,27.1
2024-09-14,13000,26.0,0,92.0,26.3
2024-09-13,15000,30.6,1,72.8,37.1
2024-09-12,15700,31.8,0,75.3,40.8
2024-09-11,15900,30.8,0,80.5,40.2
2024-09-10,16200,29.7,0,82.9,36.9
2024-09-09,16200,30.7,0,75.4,38.0
2024-09-08,15900,31.0,0,75.8,38.9
2024-09-07,15500,30.5,0,81.8,39.2
2024-09-06,14000,29.9,1,78.5,36.3
2024-09-05,15600,29.3,0,86.9,37.1
2024-09-04,15500,30.0,0,81.4,37.2
2024-09-03,15200,28.0,0,89.0,33.5
2024-09-02,15600,29.4,0,85.2,37.1
2024-09-01,15500,29.5,0,82.3,36.6
2024-08-31,15000,30.4,0,76.8,37.7
2024-08-30,14000,30.6,1,76.9,37.6
2024-08-29,15000,30.6,0,77.1,37.7
2024-08-28,14600,28.8,0,85.0,35.1
2024-08-27,14000,28.3,0,85.8,33.3
2024-08-26,12800,27.0,0,89.6,29.8
2024-08-25,14200,27.3,0,89.3,30.5
2024-08-24,13700,29.2,0,80.1,34.9
2024-08-23,12300,28.1,1,88.6,33.5
2024-08-22,14000,26.9,0,94.1,30.5
2024-08-21,13500,27.4,0,88.95714285714287,32.4
2024-08-20,13500,28.5,0,85.9,33.3
2024-08-19,15000,26.7,0,90.9,28.8
2024-08-18,15000,27.6,0,88.7,31.7
2024-08-17,14500,28.1,0,81.7,32.3
2024-08-16,14500,28.8,1,84.8,34.8
2024-08-15,16000,30.6,0,78.2,38.3
2024-08-14,15500,30.5,0,80.5,38.8
2024-08-13,14700,29.6,0,85.8,37.7
2024-08-12,14500,28.8,0,88.5,35.9
2024-08-11,15000,28.8,0,86.9,35.4
2024-08-10,14500,29.0,0,84.9,35.6
2024-08-09,13500,28.7,1,84.4,34.4
2024-08-08,14100,29.0,0,83.2,35.1
2024-08-07,14000,29.2,0,83.7,35.9
2024-08-06,14000,29.2,0,82.5,35.6
2024-08-05,13000,28.9,0,84.3,35.3
2024-08-04,14800,29.0,0,82.4,34.5
2024-08-03,13600,27.7,0,91.1,32.6
2024-08-02,12500,26.5,1,94.1,28.2
2024-08-01,15500,27.1,0,93.0,30.4
2024-07-31,16000,29.8,0,84.1,37.6
2024-07-30,16000,29.1,0,86.2,36.5
2024-07-29,16000,30.0,0,80.1,37.5
2024-07-28,16000,31.1,0,74.6,39.0
2024-07-27,15500,31.2,0,74.9,39.5
2024-07-26,15000,30.8,1,75.9,38.5
2024-07-25,15200,30.6,0,78.6,38.4
2024-07-18,16000,32.6,0,69.6,41.5
2024-07-17,15800,31.1,0,77.3,39.7
2024-07-16,16500,30.3,0,78.6,38.0
2024-07-15,16000,30.9,0,75.6,38.7
2024-07-14,15900,30.1,0,79.7,37.6
2024-07-13,14800,29.1,0,84.9,36.0
2024-07-12,13500,27.9,1,89.2,32.9
2024-07-11,15500,29.4,0,84.6,36.6
2024-07-10,15800,30.4,0,79.9,38.4
2024-07-09,15700,29.5,0,82.7,36.8
2024-07-08,15500,30.3,0,77.9,37.5
2024-07-07,15000,30.3,0,77.4,37.1
2024-07-06,14500,29.3,0,83.4,35.9
2024-07-05,13500,28.2,1,87.1,33.8
2024-07-04,14500,28.1,0,89.8,33.9
2024-07-03,14200,27.9,0,88.6,33.0
2024-07-01,14300,28.0,0,93.6,34.1
2024-06-30,15200,28.3,0,88.9,34.4
2024-06-29,14000,29.0,0,87.8,36.5
2024-06-28,14200,29.1,1,84.8,36.0
2024-06-27,16000,30.2,0,78.4,37.4
2024-06-26,15600,29.7,0,84.0,37.8
2024-06-25,15700,31.1,0,74.5,38.7
2024-06-23,15000,30.8,0,76.4,38.4
2024-06-22,13700,29.4,0,84.7,36.7
2024-06-21,12000,29.4,1,80.7,34.8
2024-06-20,12000,27.1,0,86.7,30.1
2024-06-19,12500,28.2,0,82.5,32.9
2024-06-18,13500,29.9,0,83.5,38.3
2024-06-17,12500,31.1,0,79.2,40.9
2024-06-16,13600,30.8,0,78.2,39.3
2024-06-15,14600,30.3,0,84.6,39.8
2024-06-14,14000,28.6,1,87.4,34.7
2024-06-13,16400,29.4,0,83.0,36.2
2024-06-12,16800,31.5,0,77.4,41.0
2024-06-11,16500,31.4,0,76.8,40.1
2024-06-10,15900,28.3,0,83.4,33.0
2024-06-09,16900,30.2,0,84.9,39.8
2024-06-08,15000,30.4,0,77.6,37.8
2024-06-07,15000,29.6,1,83.3,36.9
2024-06-06,15800,29.5,0,79.7,35.5
2024-06-05,15900,30.2,0,78.1,37.7
2024-06-03,16000,30.5,0,77.4,38.1
2024-06-02,16500,31.6,0,76.1,41.0
2024-06-01,15200,31.5,0,75.6,40.4
2024-05-31,15000,30.3,1,77.4,37.7
2024-05-30,15000,31.4,0,79.8,41.9
2024-05-29,15000,31.2,0,82.5,42.2
2024-05-28,12000,28.5,0,83.8,33.0
2024-05-27,8500,26.7,0,92.2,29.2
2024-05-26,15000,29.9,0,76.7,36.2
2024-05-25,16300,32.8,0,66.7,40.9
2024-05-24,15500,33.0,1,62.2,39.4
2024-05-23,16000,31.6,0,69.1,38.2
2024-05-21,14600,30.3,0,69.3,34.3
2024-05-20,15000,28.0,0,80.0,31.2
2024-05-19,15000,29.3,0,79.2,35.1
2024-05-18,14800,28.4,0,80.2,33.2
2024-05-17,15600,32.4,1,68.0,40.4
2024-05-16,16400,32.6,0,61.4,38.2
2024-05-15,16000,31.6,0,65.9,37.4
2024-05-14,16000,31.0,0,68.2,36.5
2024-05-13,14800,29.4,0,70.3,32.7
2024-05-12,13800,28.1,0,72.1,30.0
2024-05-11,13000,27.0,0,77.8,29.0
2024-05-10,12000,29.1,1,59.3,30.5
2024-05-09,13000,28.2,0,67.9,29.8
2024-05-08,13500,26.9,0,73.5,28.2
2024-05-07,14000,26.9,0,67.4,27.8
2024-05-06,14000,25.1,0,78.9,25.8
2024-05-05,15000,30.4,0,69.1,35.1
2024-05-04,15500,32.0,0,64.1,37.4
2024-05-03,16000,31.2,1,62.6,34.7
2024-05-02,17000,33.2,0,57.8,38.5
2024-05-01,16200,33.6,0,59.2,39.2
2024-04-30,17300,33.0,0,67.7,41.7
2024-04-29,17200,33.8,0,62.0,40.9
2024-04-28,16900,33.0,0,68.3,41.6
2024-04-27,16600,32.2,0,69.2,39.9
2024-04-26,16000,32.6,1,67.8,40.0
2024-04-25,16800,33.2,0,56.8,37.9
2024-04-24,16800,33.2,0,52.6,36.8
2024-04-23,16800,32.8,0,62.5,38.6
2024-04-22,16200,32.7,0,65.9,39.7
2024-04-21,16200,32.5,0,67.9,40.1
2024-04-20,15500,33.3,0,59.6,38.4
2024-04-19,14800,32.4,1,63.2,37.7
2024-04-18,15000,30.2,0,68.8,34.6
2024-04-17,14700,29.7,0,72.1,34.6
2024-04-16,15000,30.5,0,60.1,33.2
2024-04-15,14000,32.0,0,56.97142857142857,33.3
2024-04-14,12800,31.1,0,50.6,32.7
2024-04-13,12800,31.0,0,50.8,32.3
2024-04-12,11800,31.0,1,49.7,31.9
2024-04-11,11300,29.6,0,60.5,31.0
2024-04-10,12800,29.0,0,64.9,31.0
2024-04-09,12500,28.2,0,58.0,28.8
2024-04-08,14300,27.3,0,67.3,28.7
2024-04-07,15200,28.5,0,75.4,32.8
2024-04-06,15500,31.0,0,70.5,36.7
2024-04-05,15300,29.5,1,79.8,36.1
2024-04-04,15000,30.2,0,71.5,35.4
2024-04-03,15300,30.6,0,69.0,35.4
2024-04-02,14700,29.9,0,67.3,32.8
2024-04-01,14200,30.2,0,63.1,32.4
2024-03-31,13800,27.5,0,73.9,30.0
2024-03-30,12500,29.2,0,77.9,33.7
2024-03-29,11200,26.8,1,77.2,28.7
2024-03-28,13300,26.2,0,75.1,27.5
2024-03-27,12700,27.0,0,73.0,28.6
2024-03-26,11500,26.9,0,65.1,27.6
2024-03-25,12500,26.6,0,75.1,28.7
2024-03-24,12200,24.4,0,78.8,25.3
2024-03-23,12000,25.7,0,66.4,25.8
2024-03-22,10700,23.4,1,70.0,23.4
2024-03-21,11500,22.5,0,75.7,22.5
2024-03-20,12500,23.3,0,74.9,23.3
2024-03-19,13600,26.7,0,63.9,26.9
2024-03-18,13300,27.9,0,60.4,28.5
2024-03-17,12800,27.3,0,60.3,27.8
2024-03-16,12600,28.1,0,65.4,28.9
2024-03-15,11800,27.4,1,64.2,27.8
2024-03-14,13000,26.8,0,76.5,28.1
2024-03-13,12700,28.2,0,57.7,28.2
2024-03-12,12700,26.5,0,54.5,26.7
2024-03-11,12300,25.0,0,48.2,24.6
2024-03-10,12300,23.9,0,48.40000000000001,23.5
2024-03-09,11600,24.0,0,49.295918367346935,23.7
2024-03-08,11000,23.9,1,49.453061224489794,23.6
2024-03-07,12250,23.5,0,49.214285714285715,23.2
2024-03-06,12300,23.6,0,50.628571428571426,23.4
2024-03-05,12000,25.4,0,55.6,25.1
2024-03-04,12000,24.1,0,62.7,24.2
2024-03-03,11800,24.9,0,53.5,24.7
2024-03-02,11300,24.3,0,48.5,23.9
2024-03-01,11000,24.7,1,50.6,24.3
2024-02-29,11600,24.4,0,55.7,24.2
2024-02-28,11500,24.0,0,50.0,23.7
2024-02-27,11400,22.9,0,51.9,22.8
2024-02-26,10000,22.5,0,51.8,22.3
2024-02-25,11500,22.2,0,59.7,22.2
2024-02-24,11250,23.5,0,65.2,23.5
2024-02-23,10500,22.5,1,71.8,22.5
2024-02-22,11000,23.8,0,79.9,24.1
2024-02-21,11000,25.7,0,67.8,25.9
2024-02-20,11700,23.9,0,75.0,24.3
2024-02-19,11500,23.4,0,60.0,23.4
2024-02-18,11400,22.4,0,61.2,22.2
2024-02-17,11000,22.6,0,61.3,22.6
2024-02-16,10300,23.8,1,63.1,23.7
2024-02-15,11000,23.9,0,62.0,24.0
2024-02-14,11000,22.5,0,59.5,22.4
2024-02-13,11300,22.1,0,50.7,21.8
2024-02-12,11500,22.1,0,54.4,21.9
2024-02-11,11000,21.3,0,59.6,21.2
2024-02-10,10800,20.5,0,59.9,20.5
2024-02-09,10000,19.4,1,52.2,19.4
2024-02-08,11200,19.4,0,56.4,19.4
2024-02-07,11000,21.2,0,61.2,21.2
2024-02-06,10900,21.4,0,67.6,21.4
2024-02-05,10900,21.0,0,59.9,21.0
2024-02-04,10800,20.6,0,60.4,20.6
2024-02-03,10300,21.1,0,64.0,21.1
2024-02-02,10300,21.5,1,76.5,21.5
2024-02-01,10850,21.3,0,73.6,21.3
2024-01-29,10700,18.2,0,58.7,18.2
2024-01-27,10000,18.979999999999997,0,65.1,17.4
2024-01-26,9700,18.6,1,71.5,18.6
2024-01-25,10800,18.4,0,79.4,18.4
2024-01-24,10800,17.53,0,80.8,16.9
2024-01-23,10600,18.026999999999997,0,81.1,15.8
2024-01-22,10800,17.848000000000003,0,84.1,14.0
2024-01-21,10900,17.592,0,79.7,17.0
2024-01-20,10600,17.7,0,78.8,17.7
2024-01-19,10300,19.4,1,73.3,19.4
2024-01-18,10700,17.6587,0,80.9,16.7
2024-01-17,10600,17.598399999999998,0,87.5,14.8
2024-01-16,10600,17.595899999999997,0,82.2,15.5
2024-01-15,10600,17.6667,0,79.4,17.3
2024-01-14,10600,17.796699999999998,0,85.5,15.9
2024-01-13,10300,17.8367,0,79.8,15.9
2024-01-12,9300,17.823,1,81.2,15.7
2024-01-10,10000,18.3,0,81.0,18.3
2024-01-09,10000,19.0,0,79.9,19.0
2024-01-08,10500,19.8,0,76.4,19.8
2024-01-07,9000,20.4,0,69.8,20.4
2024-01-06,9700,19.8,0,73.4,19.8
2024-01-05,10000,17.5,1,87.6,17.5
2024-01-04,10200,18.4,0,82.1,18.4
2023-12-31,10500,19.7,0,82.0,19.7
2023-12-29,10200,22.3,1,71.2,22.4
2023-12-28,10600,22.2,0,70.6,22.3
2023-12-27,10500,22.0,0,73.7,22.0
2023-12-26,10200,21.7,0,72.8,21.7
2023-12-25,10000,21.9,0,73.6,21.9
2023-12-24,10200,21.7,0,75.4,21.7
2023-12-23,9500,21.6,0,75.2,21.6
2023-12-22,9600,22.0,1,71.2,22.0
2023-12-21,10000,21.9,0,68.2,22.0
2023-12-20,10300,21.1,0,70.8,21.1
2023-12-19,10500,20.8,0,68.5,20.8
2023-12-18,9800,21.1,0,68.5,21.1
2023-12-17,9800,20.8,0,68.5,20.8
2023-12-16,8800,20.4,0,72.1,20.4
2023-12-15,9800,19.7,1,70.0,19.7
2023-12-14,10500,19.9,0,68.7,19.9
2023-12-13,10300,20.9,0,76.6,20.9
2023-12-12,10000,20.0,0,86.7,20.0
2023-12-11,10000,20.3,0,82.4,20.3
2023-12-10,11000,21.6,0,77.0,21.6
2023-12-09,10500,23.0,0,75.1,23.2
2023-12-08,10000,21.9,1,82.3,21.9
2023-12-07,10700,21.2,0,87.9,21.2
2023-12-06,11000,24.5,0,75.9,24.7
2023-12-05,10800,24.8,0,71.0,24.8
2023-12-04,11000,25.0,0,66.3,25.3
2023-12-03,10900,25.3,0,64.5,25.4
2023-12-02,10500,25.5,0,63.9,25.7
2023-12-01,10000,25.8,1,63.2,26.0
2023-11-30,11000,25.3,0,66.9,25.5
2023-11-29,11000,25.6,0,67.3,26.0
2023-11-28,11100,26.1,0,65.8,26.5
2023-11-27,11000,25.6,0,66.1,25.9
2023-11-26,11000,24.7,0,63.1,24.7
2023-11-25,10200,24.3,0,67.2,24.4
2023-11-24,10000,24.3,1,70.7,24.6
2023-11-23,11500,24.5,0,67.0,24.6
2023-11-22,10900,25.1,0,65.0,25.2
2023-11-21,11500,26.2,0,67.4,26.7
2023-11-20,11500,26.5,0,68.5,27.2
2023-11-19,11500,26.0,0,71.0,26.7
2023-11-18,10500,24.6,0,73.9,25.1
2023-11-17,10000,22.8,1,88.5,22.8
2023-11-16,12000,25.7,0,72.2,26.1
2023-11-15,12000,26.8,0,62.1,27.4
2023-11-14,12000,26.8,0,63.4,27.4
2023-11-13,12000,26.8,0,61.1,27.4
2023-11-12,11800,26.4,0,62.8,26.8
2023-11-11,11000,26.2,0,65.1,26.7
2023-11-10,10800,26.1,1,64.7,26.6
2023-11-09,11500,26.8,0,64.6,27.4
2023-11-08,12000,26.6,0,65.0,27.4
2023-11-07,12200,26.5,0,64.1,27.0
2023-11-06,12000,27.1,0,64.7,27.8
2023-11-05,12800,27.8,0,66.2,29.0
2023-11-04,12500,28.3,0,63.4,29.8
2023-11-03,12000,28.5,1,64.6,30.2
2023-11-02,12700,29.1,0,62.3,30.9
2023-11-01,12700,28.7,0,65.6,30.9
2023-10-31,12000,27.6,0,66.8,28.8
2023-10-30,13000,27.3,0,70.3,28.5
2023-10-29,13000,27.4,0,60.8,28.0
2023-10-28,12500,27.7,0,62.7,28.3
2023-10-27,11800,27.9,1,68.9,29.1
2023-10-26,13500,27.9,0,70.7,29.5
2023-10-25,13000,28.2,0,70.7,30.2
2023-10-24,12000,27.1,0,76.4,28.7
2023-10-23,13600,26.7,0,80.2,28.0
2023-10-22,14000,28.5,0,65.0,30.3
2023-10-21,13000,28.3,0,64.9,29.9
2023-10-20,12500,28.7,1,64.5,30.5
2023-10-19,14000,28.4,0,68.5,30.7
2023-10-18,14000,28.9,0,67.5,31.3
2023-10-17,14000,28.8,0,72.1,31.8
2023-10-16,14000,28.7,0,71.8,31.6
2023-10-15,14500,29.2,0,68.4,32.7
2023-10-14,13500,29.3,0,67.6,32.1
2023-10-13,13000,29.8,1,68.6,33.6
2023-10-12,14350,30.1,0,71.8,35.2
2023-10-11,14500,29.8,0,74.9,35.6
2023-10-10,14500,29.4,0,75.3,34.5
2023-10-09,14500,29.9,0,72.5,35.2
2023-10-08,14500,29.8,0,73.5,35.2
2023-10-07,12500,29.1,0,78.5,34.3
2023-10-06,11500,26.8,1,90.7,29.6
2023-10-05,13200,27.1,0,88.9,30.1
2023-10-04,13600,27.6,0,84.3,31.2
2023-10-03,14100,28.2,0,78.6,32.3
2023-10-02,14000,30.0,0,73.3,35.5
2023-10-01,15300,30.2,0,73.5,36.3
2023-09-30,14000,29.9,0,73.2,35.2
2023-09-29,14700,30.9,1,70.9,37.2
2023-09-28,14500,31.5,0,70.1,38.5
2023-09-27,15000,30.3,0,75.0,36.9
2023-09-26,14500,29.9,0,76.7,36.4
2023-09-25,14400,29.7,0,75.3,35.4
2023-09-24,14200,28.9,0,77.3,33.7
2023-09-23,13500,28.5,0,80.5,33.6
2023-09-22,13000,29.0,1,81.1,34.3
2023-09-21,14500,28.6,0,81.5,33.6
2023-09-20,15000,28.1,0,82.3,32.7
2023-09-19,14900,28.3,0,83.5,33.0
2023-09-18,15000,28.9,0,77.3,33.4
2023-09-17,15400,31.0,0,69.8,37.1
2023-09-16,14500,30.5,0,70.7,36.0
2023-09-15,13500,30.1,1,72.9,35.7
2023-09-14,15000,29.5,0,73.5,34.4
2023-09-13,15000,30.2,0,74.0,36.1
2023-09-12,15200,29.7,0,78.8,36.3
2023-09-11,15500,29.8,0,77.0,36.2
2023-09-10,15500,30.1,0,75.3,36.7
2023-09-09,14300,29.6,0,75.2,35.2
2023-09-08,13000,29.0,1,78.1,34.1
2023-09-07,15000,30.2,0,72.8,35.9
2023-09-06,14500,30.6,0,72.8,37.1
2023-09-05,15500,31.3,0,69.4,37.8
2023-09-04,15300,30.0,0,74.0,35.6
2023-09-03,15000,30.2,0,73.9,35.8
2023-09-02,15000,30.4,0,74.5,37.1
2023-09-01,14500,30.1,1,78.2,37.4
2023-08-31,15500,30.2,0,78.1,37.4
2023-08-30,15250,31.5,0,65.6,37.1
2023-08-29,15200,30.1,0,73.4,35.9
2023-08-28,14500,30.3,0,73.1,36.4
2023-08-27,14500,29.7,0,74.5,35.1
2023-08-26,13100,28.7,0,80.2,33.6
2023-08-25,13000,28.5,1,83.1,33.7
2023-08-24,14500,28.7,0,82.8,34.4
2023-08-23,14600,29.1,0,79.5,34.7
2023-08-22,15500,29.1,0,79.1,34.7
2023-08-21,15500,30.9,0,66.6,36.0
2023-08-20,15200,30.8,0,69.2,36.7
2023-08-19,14400,29.9,0,74.6,35.6
2023-08-18,14300,31.3,1,68.9,37.7
2023-08-17,14900,30.6,0,72.9,37.0
2023-08-16,14800,29.0,0,83.5,35.4
2023-08-15,13900,29.3,0,80.0,35.6
2023-08-14,14300,28.2,0,80.3,32.5
2023-08-13,13500,27.5,0,91.3,32.5
2023-08-12,14000,29.5,0,78.5,35.5
2023-08-11,13000,28.3,1,83.3,33.5
2023-08-10,14400,28.6,0,81.4,33.5
2023-08-09,14200,28.8,0,80.3,33.9
2023-08-08,13500,27.7,0,87.0,31.7
2023-08-07,14000,27.8,0,91.2,32.8
2023-08-06,14500,28.4,0,83.0,33.6
2023-08-05,14500,29.5,0,77.4,35.4
2023-08-04,14200,28.3,1,82.6,33.1
2023-08-03,14500,29.1,0,77.3,34.3
2023-08-02,14800,28.8,0,80.9,34.5
2023-08-01,15500,30.4,0,74.2,36.9
2023-07-30,15700,31.5,0,68.0,37.8
2023-07-29,15200,30.6,0,73.1,37.3
2023-07-28,14500,29.8,1,74.7,35.5
2023-07-27,15500,30.2,0,75.0,36.8
2023-07-26,15600,31.1,0,66.9,36.8
2023-07-25,15600,31.6,0,66.9,37.8
2023-07-24,15300,31.8,0,65.1,37.8
2023-07-23,15500,31.2,0,68.3,37.4
2023-07-22,15000,31.1,0,70.0,37.5
2023-07-21,14300,31.2,1,67.4,37.2
2023-07-20,15800,31.3,0,65.8,37.0
2023-07-19,15500,31.6,0,64.0,37.2
2023-07-18,15100,30.8,0,66.9,35.8
2023-07-17,15000,29.8,0,73.5,35.2
2023-07-16,15200,28.6,0,77.1,32.9
2023-07-15,14400,29.5,0,72.5,34.1
2023-07-14,14000,30.3,1,71.2,36.1
2023-07-13,14800,30.0,0,71.7,35.1
2023-07-12,15000,30.1,0,71.9,35.6
2023-07-11,15000,30.0,0,73.6,35.8
2023-07-10,14800,30.1,0,73.9,36.2
2023-07-09,14500,30.1,0,72.6,35.8
2023-07-08,13100,29.6,0,75.3,35.0
2023-07-07,12600,29.3,1,78.1,34.9
2023-07-05,13900,30.3,0,74.6,36.5
2023-07-04,13000,31.4,0,69.7,37.9
2023-07-03,12500,30.0,0,80.1,37.4
2023-07-02,11800,28.8,0,82.1,34.1
2023-07-01,11000,27.0,0,88.8,29.9
2023-06-30,11500,28.0,1,82.1,31.3
2023-06-29,10500,27.0,0,88.4,29.9
2023-06-28,12000,27.0,0,85.8,29.2
2023-06-27,11300,27.2,0,82.9,30.5
2023-06-26,14600,28.9,0,72.7,33.0
2023-06-25,14800,29.8,0,70.8,34.6
2023-06-24,14500,30.2,0,71.9,35.7
2023-06-23,13800,29.8,1,73.9,35.4
2023-06-22,14300,29.7,0,75.5,35.4
2023-06-21,14200,29.5,0,78.9,35.7
2023-06-20,14200,28.2,0,80.5,32.5
2023-06-19,14800,29.2,0,75.9,34.4
2023-06-18,14500,28.4,0,81.7,33.5
2023-06-17,14500,30.1,0,73.9,35.3
2023-06-16,14000,30.9,1,75.4,38.8
2023-06-15,14800,30.8,0,72.2,38.0
2023-06-14,14200,31.1,0,68.4,37.3
2023-06-13,14200,29.7,0,71.6,34.2
2023-06-12,14600,28.3,0,79.1,32.6
2023-06-11,14800,29.0,0,75.1,33.5
2023-06-10,14000,28.3,0,78.8,32.3
2023-06-09,14500,27.8,1,79.1,31.3
2023-06-08,15200,30.6,0,74.4,38.0
2023-06-07,16000,33.1,0,63.2,40.7
2023-06-06,15800,33.5,0,59.1,40.3
2023-06-05,15800,32.9,0,58.3,38.2
2023-06-04,15700,32.8,0,59.1,38.5
2023-06-03,15500,32.4,0,61.7,38.3
2023-06-02,14800,32.7,1,63.1,39.3
2023-06-01,15500,32.8,0,60.6,39.1
2023-05-31,15200,32.5,0,56.7,36.9
2023-05-30,14900,32.3,0,57.0,36.4
2023-05-29,14500,31.2,0,59.6,34.7
2023-05-28,13800,29.5,0,65.2,31.8
2023-05-27,13500,28.0,0,76.2,31.0
2023-05-26,12000,29.8,1,64.2,32.6
2023-05-25,13500,28.9,0,69.7,32.0
2023-05-24,13500,28.0,0,73.0,29.8
2023-05-23,14500,28.4,0,78.7,32.8
2023-05-22,13900,29.5,0,72.0,33.4
2023-05-21,14500,30.2,0,70.1,35.1
2023-05-20,13000,30.4,0,64.0,34.1
2023-05-19,12000,29.2,1,71.3,33.1
2023-05-18,12500,27.3,0,74.1,28.9
2023-05-16,14300,29.5,0,67.9,32.9
2023-05-15,12000,29.7,0,55.3,31.1
2023-05-14,12500,29.0,0,61.2,31.2
2023-05-13,14000,30.8,0,65.5,35.5
2023-05-12,14000,31.4,1,59.4,35.4
2023-05-11,15500,31.5,0,58.8,35.1
2023-05-10,15600,31.8,0,57.6,35.8
2023-05-08,15000,33.0,0,55.6,37.6
2023-05-07,14600,31.1,0,59.4,34.5
2023-05-06,14000,30.2,0,63.3,33.6
2023-05-05,11800,30.3,1,62.6,33.2
2023-05-04,13200,28.3,0,70.0,30.4
2023-05-03,14500,29.2,0,66.5,32.2
2023-05-02,14800,29.9,0,59.6,31.7
2023-05-01,11500,28.7,0,66.0,30.6
2023-04-30,14500,29.5,0,63.0,31.6
2023-04-29,12500,29.7,0,66.1,32.9
2023-04-28,11000,29.0,1,59.5,30.7
2023-04-27,13000,30.3,0,60.8,32.9
2023-04-26,13000,31.0,0,52.0,32.3
2023-04-25,11000,30.3,0,55.5,31.9
2023-04-24,11000,28.0,0,63.8,29.5
2023-04-23,11000,27.5,0,65.3,28.9
2023-04-22,11200,29.1,0,60.1,31.1
2023-04-21,13800,30.4,1,67.2,35.2
2023-04-20,15500,32.3,0,65.9,39.5
2023-04-19,15500,32.3,0,62.5,37.7
2023-04-18,16000,32.4,0,63.4,38.4
2023-04-17,16000,32.7,0,58.7,38.1
2023-04-16,16000,33.5,0,49.8,36.7
2023-04-15,15000,33.5,0,50.5,36.9
2023-04-14,14500,32.4,1,49.871428571428574,33.6
2023-04-13,15200,32.1,0,48.91428571428571,33.8
2023-04-12,15000,31.2,0,48.94285714285714,32.2
2023-04-11,14700,31.0,0,50.7,32.0
2023-04-10,14500,30.9,0,52.0,32.5
2023-04-09,14300,30.5,0,50.0,31.5
2023-04-08,13500,30.4,0,52.0,31.9
2023-04-07,13000,30.5,1,51.4,31.8
2023-04-06,13800,29.8,0,59.4,31.5
2023-04-05,13800,29.6,0,66.6,33.3
2023-04-04,12800,29.0,0,62.7,30.9
2023-04-03,12100,27.9,0,64.1,29.0
2023-04-01,11900,25.1,0,75.3,25.4
2023-03-31,11000,26.3,1,68.3,27.2
2023-03-30,12500,27.2,0,69.8,28.4
2023-03-29,12400,26.5,0,75.6,27.4
2023-03-28,12500,27.9,0,64.5,29.2
2023-03-27,11900,27.4,0,64.6,28.3
2023-03-26,11200,27.6,0,67.0,29.1
2023-03-25,11500,26.5,0,74.6,27.8
2023-03-24,11000,26.0,1,71.8,27.1
2023-03-23,11800,26.5,0,67.2,27.2
2023-03-22,11600,25.8,0,68.8,26.3
2023-03-21,11000,25.8,0,68.1,26.4
2023-03-20,11500,25.5,0,74.0,26.0
2023-03-19,12000,24.1,0,80.1,24.1
2023-03-18,12000,26.0,0,69.7,26.9
2023-03-17,12000,26.0,1,73.0,26.8
2023-03-15,12500,27.6,0,66.9,29.3
2023-03-14,13200,28.3,0,58.7,29.4
2023-03-13,12900,28.8,0,55.2,29.5
2023-03-12,12700,28.2,0,56.6,28.8
2023-03-11,12000,27.8,0,58.2,28.5
2023-03-10,11500,27.8,1,51.0,27.9
2023-03-09,12600,28.1,0,60.0,29.4
2023-03-08,12000,27.9,0,52.8,27.8
2023-03-07,12700,28.1,0,55.9,28.6
2023-03-06,12500,28.1,0,54.8,28.5
2023-03-05,12400,27.8,0,56.6,28.3
2023-03-04,11800,27.1,0,65.5,28.3
2023-03-03,11000,27.6,1,59.3,28.4
2023-03-02,12000,26.7,0,62.1,27.2
2023-03-01,11800,27.2,0,52.1,27.2
2023-02-28,11800,26.2,0,57.1,26.3
2023-02-27,11700,26.2,0,59.0,26.5
2023-02-26,11900,25.9,0,52.5,25.9
2023-02-25,11100,26.6,0,62.4,27.0
2023-02-24,10800,27.3,1,64.4,28.3
2023-02-23,11500,26.9,0,65.8,27.5
2023-02-22,11000,26.5,0,66.7,27.4
2023-02-21,10500,25.5,0,69.3,26.2
2023-02-20,11000,24.8,0,70.5,25.3
2023-02-19,10800,24.7,0,65.6,25.0
2023-02-18,10500,23.8,0,66.0,24.0
2023-02-17,10000,22.8,1,62.9,22.8
2023-02-16,10850,22.4,0,61.0,22.5
2023-02-15,10750,22.2,0,60.2,22.2
2023-02-14,10700,22.4,0,53.3,22.3
2023-02-13,10750,23.6,0,52.8,23.6
2023-02-12,10800,24.5,0,64.3,24.7
2023-02-11,10300,23.6,0,64.7,23.8
2023-02-10,10000,23.4,1,63.3,23.4
2023-02-09,10600,23.7,0,66.1,23.8
2023-02-08,10600,22.7,0,68.4,22.7
2023-02-07,10500,21.8,0,65.8,21.9
2023-02-06,10700,21.3,0,67.9,21.3
2023-02-05,10700,21.4,0,67.5,21.4
2023-02-04,10300,21.7,0,63.4,21.8
2023-02-03,10000,21.4,1,63.8,21.4
2023-02-02,10500,21.4,0,65.9,21.4
2023-02-01,10500,23.4,0,66.0,23.4
2023-01-31,10500,23.1,0,72.9,23.2
2023-01-30,10500,22.0,0,71.6,22.1
2023-01-29,10300,21.1,0,70.0,21.1
2023-01-28,10000,22.8,0,68.3,22.9
2023-01-27,10300,23.2,1,75.3,23.4
2023-01-26,10300,22.0,0,75.8,22.2
2023-01-25,10300,22.6,0,67.2,22.6
2023-01-23,10200,21.0,0,72.3,21.0
2023-01-22,10000,20.5,0,70.3,20.5
2023-01-21,9800,20.0,0,67.4,20.0
2023-01-20,9500,19.8,1,64.1,19.8
2023-01-19,10200,19.1,0,64.1,19.1
2023-01-18,10300,18.9,0,66.6,18.9
2023-01-17,10200,19.4,0,67.1,19.4
2023-01-16,10100,20.6,0,67.8,20.6
2023-01-15,10300,21.2,0,74.2,21.2
2023-01-14,9700,20.1,0,81.6,20.1
2023-01-13,9000,18.9,1,74.0,18.9
2023-01-12,10300,18.3,0,72.9,18.3
2023-01-11,10300,20.2,0,65.0,20.2
2023-01-10,10100,21.2,0,65.6,21.2
2023-01-09,10200,19.7,0,74.2,19.8
2023-01-08,10000,18.1,0,87.0,16.5
2023-01-07,9300,18.159999999999997,0,86.1,16.5
2023-01-06,9300,18.329999999999995,1,85.3,16.2
2023-01-05,9900,18.189999999999998,0,86.1,16.5
2023-01-04,10200,17.93,0,85.4,17.0
2023-01-03,9800,19.5,0,79.6,19.5
2023-01-02,10400,20.0,0,73.5,20.0
2023-01-01,10400,18.8,0,79.6,18.8
2022-12-31,9500,18.6,0,80.6,18.6
2022-12-30,8700,19.1,1,81.3,19.1
2022-12-29,9800,20.0,0,79.7,20.0
2022-12-28,9900,21.5,0,81.2,21.5
2022-12-27,9800,22.0,0,79.1,22.0
2022-12-26,10000,22.8,0,68.7,22.9
2022-12-25,10000,22.1,0,67.7,22.2
2022-12-24,9500,21.5,0,67.6,21.5
2022-12-23,8500,22.0,1,66.4,22.0
2022-12-22,9800,22.4,0,73.0,22.4
2022-12-21,9900,22.5,0,70.8,22.6
2022-12-20,10000,22.6,0,69.1,22.6
2022-12-19,10200,21.8,0,70.7,21.9
2022-12-18,10200,21.5,0,77.5,21.5
2022-12-17,9900,21.9,0,71.9,21.9
2022-12-16,9000,21.8,1,72.6,21.8
2022-12-15,10000,22.9,0,70.3,23.0
2022-12-14,10000,22.6,0,73.1,22.8
2022-12-13,10100,23.0,0,68.9,23.1
2022-12-12,10000,23.0,0,66.3,23.0
2022-12-11,10200,24.0,0,63.8,24.1
2022-12-10,9700,23.5,0,64.0,23.6
2022-12-09,9300,23.2,1,65.3,23.3
2022-12-08,10200,23.5,0,65.6,23.6
2022-12-07,10200,23.4,0,64.9,23.5
2022-12-06,10200,23.5,0,67.7,23.6
2022-12-05,10200,23.6,0,65.2,23.6
2022-12-04,10500,23.8,0,63.3,23.9
2022-12-03,10000,24.5,0,61.4,24.6
2022-12-02,10000,25.0,1,61.9,25.0
2022-12-01,10500,25.6,0,60.6,25.7
2022-11-30,10500,26.9,0,56.3,27.1
2022-11-29,10400,25.7,0,59.3,25.8
2022-11-28,10200,25.2,0,63.2,25.4
2022-11-27,10500,25.7,0,63.0,25.9
2022-11-26,10000,25.6,0,63.5,25.6
2022-11-25,10200,25.5,1,65.8,26.1
2022-11-24,10500,24.6,0,63.2,24.7
2022-11-23,10800,24.4,0,64.3,24.4
2022-11-22,10800,25.1,0,64.9,25.3
2022-11-21,10800,25.9,0,59.0,26.0
2022-11-20,10900,25.4,0,64.4,25.7
2022-11-19,10800,24.5,0,66.1,24.6
2022-11-18,10200,25.4,1,65.1,25.7
2022-11-17,10700,25.3,0,64.0,25.3
2022-11-16,10800,25.7,0,64.4,26.1
2022-11-15,10800,25.3,0,65.1,25.5
2022-11-14,11200,25.7,0,64.2,26.2
2022-11-13,11400,25.7,0,65.1,25.9
2022-11-12,11000,26.4,0,64.5,26.8
2022-11-11,10800,26.6,1,62.9,27.0
2022-11-10,11300,26.7,0,61.3,27.1
2022-11-09,11500,27.2,0,63.9,28.0
2022-11-08,11800,27.1,0,65.1,28.0
2022-11-07,11600,27.4,0,63.1,28.3
2022-11-06,12400,27.5,0,66.8,28.7
2022-11-05,11800,26.9,0,66.6,27.9
2022-11-04,11000,26.4,1,65.7,27.1
2022-11-03,12600,27.3,0,69.1,28.6
2022-11-02,12500,28.8,0,66.1,31.1
2022-11-01,12400,29.0,0,67.6,31.9
2022-10-31,11800,28.1,0,66.1,29.8
2022-10-30,12800,27.4,0,67.3,28.9
2022-10-29,11000,27.1,0,67.7,28.2
2022-10-28,11000,27.2,1,66.9,28.2
2022-10-27,13200,27.8,0,66.9,29.3
2022-10-26,12900,27.9,0,67.1,29.3
2022-10-25,11000,24.7,0,79.4,25.4
2022-10-24,8500,24.5,0,90.3,24.8
2022-10-23,13500,28.2,0,77.1,32.2
2022-10-22,13300,30.1,0,63.5,33.4
2022-10-21,12700,30.0,1,61.7,33.0
2022-10-20,13800,29.5,0,62.6,32.1
2022-10-19,13800,29.4,0,64.8,32.3
2022-10-18,13800,29.7,0,69.0,34.0
2022-10-17,13700,30.1,0,62.7,33.3
2022-10-16,13800,30.0,0,60.1,32.7
2022-10-15,13500,29.6,0,68.6,33.4
2022-10-14,13200,29.1,1,70.2,32.7
2022-10-13,12800,28.7,0,76.6,32.9
2022-10-12,14200,28.2,0,77.6,32.2
2022-10-11,14200,29.9,0,70.6,34.7
2022-10-10,14200,30.1,0,68.4,34.7
2022-10-09,13800,29.9,0,71.9,35.1
2022-10-08,13600,30.6,0,66.5,35.0
2022-10-07,13900,30.2,1,66.3,34.3
2022-10-06,14000,30.6,0,68.6,36.0
2022-10-05,13000,29.8,0,71.3,34.0
2022-10-04,13800,29.0,0,74.9,33.0
2022-10-03,13600,27.6,0,82.2,30.9
2022-10-02,13800,28.2,0,79.0,31.5
2022-10-01,14300,30.6,0,68.9,36.1
2022-09-30,13500,30.9,1,66.6,35.9
2022-09-29,14400,29.5,0,75.9,35.1
2022-09-28,14300,29.6,0,74.2,34.9
2022-09-27,14200,29.5,0,71.2,33.8
2022-09-26,14200,29.3,0,72.1,33.7
2022-09-25,14000,29.3,0,73.5,34.0
2022-09-24,14000,29.3,0,74.1,34.0
2022-09-23,13700,29.3,1,73.0,34.0
2022-09-22,14200,30.6,0,67.8,35.8
2022-09-21,14200,30.8,0,66.9,36.0
2022-09-20,14000,30.1,0,68.8,34.7
2022-09-19,14000,29.9,0,71.7,35.0
2022-09-18,14000,28.8,0,75.9,33.2
2022-09-17,13400,30.2,0,69.5,35.4
2022-09-16,12400,30.4,1,67.6,35.3
2022-09-15,12600,29.3,0,69.3,32.7
2022-09-14,12500,26.3,0,84.5,27.2
2022-09-13,12400,26.7,0,86.9,28.5
2022-09-12,13300,27.7,0,82.8,31.0
2022-09-11,13800,29.5,0,73.3,34.3
2022-09-10,13800,29.9,0,71.8,35.2
2022-09-09,13700,31.0,1,68.5,36.9
2022-09-08,14200,29.7,0,75.8,35.5
2022-09-07,13800,30.3,0,72.5,35.9
2022-09-06,13400,28.4,0,82.2,33.5
2022-09-05,14200,29.2,0,79.7,34.9
2022-09-04,13900,28.8,0,80.6,33.9
2022-09-03,14200,28.8,0,80.3,33.3
2022-09-02,14200,30.7,1,70.9,36.6
2022-09-01,14700,31.5,0,65.9,37.5
2022-08-31,14800,31.3,0,64.3,36.6
2022-08-30,14300,31.5,0,67.2,37.7
2022-08-29,14200,30.5,0,68.3,35.5
2022-08-28,14100,29.8,0,73.3,35.3
2022-08-27,14400,30.9,0,68.7,36.9
2022-08-26,13800,30.8,1,66.9,35.9
2022-08-25,14100,29.9,0,69.4,34.5
2022-08-24,14200,29.9,0,71.2,34.7
2022-08-23,14200,30.2,0,75.3,36.5
2022-08-22,14300,30.9,0,69.3,37.1
2022-08-21,14200,30.8,0,66.9,36.0
2022-08-20,14000,30.2,0,70.6,35.4
2022-08-19,13600,30.0,1,72.1,35.1
2022-08-18,14000,32.0,0,69.9,39.9
2022-08-17,14300,30.6,0,70.7,36.8
2022-08-16,14200,30.8,0,65.5,35.7
2022-08-15,13600,30.1,0,70.8,35.1
2022-08-14,14000,27.9,0,81.4,32.0
2022-08-13,14700,29.5,0,75.0,34.6
2022-08-12,14200,30.0,1,69.0,34.5
2022-08-11,13800,30.0,0,66.4,34.0
2022-08-10,13800,29.1,0,75.5,33.9
2022-08-09,13600,30.2,0,70.6,35.4
2022-08-07,14200,31.4,0,65.9,37.0
2022-08-06,13800,30.2,0,69.9,35.2
2022-08-05,13000,31.2,1,67.9,37.2
2022-08-04,14000,29.1,0,76.3,34.1
2022-08-03,14000,30.3,0,73.6,36.7
2022-08-02,13900,29.4,0,73.6,34.4
2022-08-01,14000,29.4,0,74.0,34.4
2022-07-31,14000,30.1,0,71.5,35.7
2022-07-30,13800,30.5,0,71.7,36.5
2022-07-29,12800,31.0,1,71.2,37.9
2022-07-28,14000,30.5,0,70.5,36.2
2022-07-27,14400,30.6,0,67.8,35.8
2022-07-26,13850,28.5,0,77.8,32.9
2022-07-25,14000,28.4,0,78.0,32.7
2022-07-24,14000,28.5,0,75.7,32.5
2022-07-23,14000,31.4,0,65.5,37.0
2022-07-22,12900,31.3,1,67.7,37.4
2022-07-21,14200,30.7,0,72.6,37.2
2022-07-20,14200,29.2,0,76.5,34.5
2022-07-19,14400,30.8,0,70.9,37.4
2022-07-18,14500,31.2,0,69.3,37.7
2022-07-17,14600,31.3,0,66.9,37.4
2022-07-16,13600,31.7,0,65.2,37.8
2022-07-15,12900,31.8,1,66.8,38.5
2022-07-14,12800,32.1,0,61.3,37.5
2022-07-13,13000,32.0,0,63.3,37.8
2022-07-12,12500,31.3,0,64.8,36.5
2022-07-11,12800,31.3,0,68.7,37.9
2022-07-10,11500,30.8,0,67.0,36.1
2022-07-09,12500,31.6,0,66.9,37.9
2022-07-08,12500,30.5,1,69.4,36.1
2022-07-07,14000,30.8,0,70.5,36.8
2022-07-06,14000,28.9,0,81.9,34.4
2022-07-05,14000,30.8,0,70.2,36.9
2022-07-04,14000,30.3,0,71.2,35.9
2022-07-03,14250,30.7,0,71.0,37.0
2022-07-02,13800,31.2,0,65.9,36.6
2022-07-01,13000,29.8,1,75.7,35.7
2022-06-30,13900,28.0,0,84.5,32.9
2022-06-29,14000,29.5,0,76.1,35.3
2022-06-28,14100,30.6,0,70.4,36.6
2022-06-27,13900,31.6,0,65.7,37.8
2022-06-26,14000,30.5,0,65.4,35.0
2022-06-25,13500,30.3,0,69.8,35.8
2022-06-24,12800,31.0,1,69.4,37.3
2022-06-23,13500,29.6,0,73.8,34.9
2022-06-22,13200,29.5,0,71.6,34.1
2022-06-21,13900,28.6,0,73.9,32.5
2022-06-20,12700,28.8,0,74.1,33.0
2022-06-19,13000,28.8,0,72.5,32.7
2022-06-18,12300,26.4,0,84.7,29.0
2022-06-17,11000,26.8,1,84.8,29.3
2022-06-16,14000,30.3,0,70.3,35.8
2022-06-15,14000,29.8,0,69.2,34.3
2022-06-14,14100,31.0,0,69.6,37.4
2022-06-13,14200,31.5,0,67.3,38.1
2022-06-12,14400,31.6,0,68.2,38.4
2022-06-11,13600,30.6,0,66.3,35.4
2022-06-10,12700,29.5,1,68.3,33.0
2022-06-09,13500,28.1,0,79.2,31.5
2022-06-08,13934,31.1,0,67.8,37.0
2022-06-07,13900,30.5,0,69.4,35.7
2022-06-06,14200,31.3,0,68.1,37.7
2022-06-05,14000,30.4,0,69.4,36.1
2022-06-04,14100,28.7,0,73.0,32.6
2022-06-03,12500,28.8,1,76.6,32.9
2022-06-02,13900,29.5,0,73.1,34.2
2022-06-01,14000,29.2,0,73.3,33.9
2022-05-31,14000,30.0,0,70.2,35.4
2022-05-30,14000,29.2,0,73.9,33.8
2022-05-29,13800,30.3,0,70.6,35.7
2022-05-28,13800,30.2,0,69.3,35.1
2022-05-27,12500,29.9,1,70.6,34.5
2022-05-26,14000,29.7,0,70.7,33.6
2022-05-25,14100,29.0,0,73.4,33.4
2022-05-24,14200,30.7,0,68.5,36.1
2022-05-23,14000,31.1,0,64.9,36.1
2022-05-22,13500,29.8,0,70.8,34.4
2022-05-21,12000,28.7,0,77.2,32.7
2022-05-20,12700,29.8,1,69.1,34.1
2022-05-19,14000,31.0,0,69.4,37.2
2022-05-18,14000,31.7,0,66.8,38.0
2022-05-17,14000,31.1,0,71.7,38.1
2022-05-16,14000,30.9,0,67.1,36.4
2022-05-15,13500,31.2,0,66.9,36.9
2022-05-14,12900,29.6,0,72.2,34.1
2022-05-13,12300,29.4,1,73.8,34.5
2022-05-12,12900,28.1,0,73.7,31.2
2022-05-11,12500,27.1,0,81.0,29.4
2022-05-10,12500,27.7,0,80.1,31.4
2022-05-09,12900,29.5,0,70.8,34.2
2022-05-08,13000,30.9,0,64.2,35.6
2022-05-07,12000,29.3,0,67.9,32.8
2022-05-06,12000,28.5,1,70.2,31.3
2022-05-05,11200,29.5,0,65.4,32.5
2022-05-04,8200,27.7,0,73.0,29.6
2022-05-03,9200,27.5,0,78.1,30.3
2022-05-02,12300,29.9,0,67.5,34.1
2022-05-01,12000,30.6,0,62.3,34.4
2022-04-30,14000,30.8,0,60.7,34.2
2022-04-29,13700,32.7,1,61.4,39.0
2022-04-28,14600,32.0,0,62.4,37.5
2022-04-27,14800,32.2,0,62.5,38.0
2022-04-26,15200,31.5,0,66.0,37.5
2022-04-25,14800,31.8,0,67.0,38.6
2022-04-24,14600,30.8,0,66.7,35.9
2022-04-23,12000,29.0,0,67.6,31.8
2022-04-22,13000,28.5,1,71.1,31.6
2022-04-21,14000,26.8,0,68.3,28.4
2022-04-20,13000,25.5,0,78.0,26.7
2022-04-19,14800,31.8,0,63.3,37.3
2022-04-18,14700,31.0,0,65.5,35.8
2022-04-17,15000,30.5,0,66.9,35.6
2022-04-16,14500,30.5,0,64.8,35.0
2022-04-15,13800,31.2,1,65.0,36.3
2022-04-14,14000,30.7,1,65.6,35.0
2022-04-13,14600,31.1,0,62.8,35.5
2022-04-12,14200,30.2,0,68.9,35.0
2022-04-11,14200,30.5,0,64.4,34.9
2022-04-10,14500,30.4,0,63.9,34.4
2022-04-09,14500,30.8,0,60.5,34.3
2022-04-08,13600,30.8,1,61.2,34.1
2022-04-07,14400,31.3,0,59.3,35.0
2022-04-06,14600,30.6,0,61.2,34.2
2022-04-05,14600,31.0,0,59.2,34.4
2022-04-04,14300,30.9,0,62.8,35.1
2022-04-03,13800,30.4,0,62.7,33.8
2022-04-02,13000,30.6,0,61.6,33.9
2022-04-01,12900,30.1,1,61.3,33.3
2022-03-31,13500,30.0,0,60.6,32.6
2022-03-30,13400,29.8,0,62.9,32.1
2022-03-29,13400,29.2,0,67.5,31.8
2022-03-28,13600,29.9,0,66.6,33.7
2022-03-27,13800,29.4,0,70.3,33.4
2022-03-26,12600,29.8,0,63.5,33.1
2022-03-25,12600,30.7,1,60.0,34.3
2022-03-24,13800,30.7,0,56.7,33.1
2022-03-23,13500,30.8,0,54.2,32.5
2022-03-22,13500,29.4,0,58.0,31.1
2022-03-21,13300,29.5,0,57.5,31.0
2022-03-20,12900,30.3,0,51.6,31.5
2022-03-19,11500,29.8,0,55.0,31.0
2022-03-18,12000,29.8,1,55.0,31.0
2022-03-17,12400,29.3,0,55.9,30.2
2022-03-16,12300,29.4,0,55.4,30.1
2022-03-15,12100,29.3,0,53.2,29.9
2022-03-14,12400,28.7,0,57.1,29.8
2022-03-13,12500,28.3,0,52.0,28.6
2022-03-12,11100,28.3,0,55.2,28.7
2022-03-11,11000,28.9,1,54.4,29.7
2022-03-10,12000,28.3,0,54.8,28.7
2022-03-09,12000,28.3,0,57.4,29.2
2022-03-08,11700,27.6,0,56.9,28.0
2022-03-07,11500,27.3,0,58.5,27.5
2022-03-06,11400,27.5,0,53.0,27.4
2022-03-05,10500,26.7,0,52.1,26.7
2022-03-04,10000,26.2,1,58.0,26.5
2022-03-03,10800,26.2,0,52.9,26.1
2022-03-02,10900,26.3,0,57.1,26.3
2022-03-01,11000,26.3,0,57.2,26.3
2022-02-28,10400,25.9,0,62.1,26.2
2022-02-27,10500,26.0,0,64.0,26.4
2022-02-26,10400,25.9,0,60.0,26.0
2022-02-25,9300,24.4,1,67.9,24.5
2022-02-24,10500,25.0,0,64.7,25.5
2022-02-23,10100,23.5,0,59.6,23.5
2022-02-22,10100,22.6,0,61.3,22.6
2022-02-21,9200,22.4,0,64.2,22.4
2022-02-20,10600,21.9,0,65.6,21.9
2022-02-19,10100,22.9,0,56.5,22.8
2022-02-18,9000,22.6,1,57.0,22.4
2022-02-17,10000,22.1,0,62.4,22.1
2022-02-16,10250,22.5,0,64.9,22.6
2022-02-15,10000,22.9,0,61.6,22.9
2022-02-14,10000,21.8,0,59.4,21.8
2022-02-13,10300,21.2,0,56.7,21.2
2022-02-12,9600,20.3,0,65.4,20.3
2022-02-11,9500,20.2,1,73.9,20.2
2022-02-10,9800,19.1,0,78.3,19.1
2022-02-09,10000,20.8,0,62.2,20.8
2022-02-08,9800,20.1,0,62.6,20.1
2022-02-07,9700,19.5,0,66.2,19.5
2022-02-06,10000,18.7,0,68.3,18.7
2022-02-05,9100,20.0,0,68.4,20.0
2022-02-04,8500,19.4,1,82.3,19.4
2022-02-03,10200,21.9,0,67.2,21.9
2022-02-02,10000,21.7,0,64.1,21.7
2022-02-01,10000,20.0,0,67.4,20.0
2022-01-31,10000,19.8,0,74.8,19.8
2022-01-30,10200,18.3,0,66.2,18.3
2022-01-29,9800,20.0,0,64.8,17.3
2022-01-28,8800,19.4,1,65.1,19.4
2022-01-27,10200,20.0,0,73.1,20.0
2022-01-26,10200,20.8,0,78.1,20.8
2022-01-25,10000,20.8,0,71.1,20.8
2022-01-24,9800,21.2,0,70.8,21.2
2022-01-23,9750,21.0,0,72.2,21.0
2022-01-22,9800,20.4,0,73.6,20.4
2022-01-21,8800,20.1,1,73.2,20.1
2022-01-20,10000,19.7,0,72.5,19.7
2022-01-19,10000,20.8,0,67.9,20.8
2022-01-18,9900,20.8,0,67.3,20.8
2022-01-17,9900,20.5,0,69.6,20.5
2022-01-16,9800,20.8,0,68.2,20.8
2022-01-15,9300,20.7,0,71.6,20.7
2022-01-14,8600,20.3,1,72.4,20.3
2022-01-13,9900,22.6,0,66.8,22.6
2022-01-12,9850,21.9,0,71.2,21.9
2022-01-11,9900,23.1,0,70.3,23.2
2022-01-10,9600,23.1,0,65.3,23.1
2022-01-09,9800,22.1,0,66.9,22.1
2022-01-08,9200,22.5,0,67.0,22.6
2022-01-07,8500,22.5,1,70.4,22.7
2022-01-06,9500,19.9,0,75.8,19.9
2022-01-05,9500,19.7,0,79.5,19.7
2022-01-04,9300,20.6,0,71.5,20.6
2022-01-03,9000,20.8,0,70.3,20.8
2022-01-02,9600,19.9,0,77.1,19.9
2022-01-01,9200,20.4,0,68.7,20.4
2021-12-31,8500,22.4,1,60.0,22.4
2021-12-30,9500,21.9,0,65.0,21.9
2021-12-29,9500,21.7,0,66.2,21.7
2021-12-28,9800,21.8,0,66.6,21.8
2021-12-27,9800,21.9,0,66.8,21.9
2021-12-26,9500,22.2,0,66.0,22.2
2021-12-25,9200,22.3,0,64.8,22.3
2021-12-24,8300,21.6,1,69.0,21.6
2021-12-23,9400,20.5,0,71.5,20.5
2021-12-22,9500,20.9,0,70.5,20.9
2021-12-21,9200,20.3,0,67.8,20.3
2021-12-20,9200,19.8,0,64.6,19.8
2021-12-19,9300,21.6,0,66.1,21.6
2021-12-18,9100,21.9,0,70.7,22.0
2021-12-17,8300,23.0,1,70.2,23.2
2021-12-16,8600,22.7,0,65.8,22.7
2021-12-15,9200,22.3,0,67.5,22.3
2021-12-14,9600,22.2,0,70.1,22.2
2021-12-13,9600,22.0,0,69.3,22.0
2021-12-12,9800,23.4,0,69.6,23.5
2021-12-11,9000,23.6,0,65.7,23.7
2021-12-10,8500,24.7,1,65.3,24.7
2021-12-09,9700,25.0,0,69.0,25.3
2021-12-08,9700,24.3,0,69.8,24.5
2021-12-07,9200,23.2,0,81.1,23.2
2021-12-06,9500,21.5,0,90.3,21.5
2021-12-05,9600,23.1,0,80.5,23.1
2021-12-04,9000,24.4,0,68.3,24.6
2021-12-03,9000,25.1,1,61.8,25.2
2021-12-02,9700,25.8,0,65.7,26.1
2021-12-01,9600,25.2,0,63.1,25.4
2021-11-30,9300,24.1,0,65.8,24.3
2021-11-29,9300,24.3,0,65.4,24.4
2021-11-28,9700,24.0,0,65.5,24.1
2021-11-27,8800,24.5,0,66.7,24.7
2021-11-26,9000,25.0,1,63.2,25.1
2021-11-25,9900,25.1,0,64.5,25.4
2021-11-24,10300,26.7,0,63.0,27.1
2021-11-23,10000,25.8,0,73.0,27.0
2021-11-22,9700,26.0,0,69.3,26.7
2021-11-21,10200,25.8,0,64.7,26.2
2021-11-20,9200,25.5,0,62.4,25.6
2021-11-19,9000,25.5,1,63.4,25.8
2021-11-18,9900,25.8,0,63.8,26.2
2021-11-17,9700,26.0,0,66.0,26.5
2021-11-16,9800,25.1,0,70.6,25.4
2021-11-15,9300,23.8,0,79.7,23.8
2021-11-14,9800,23.5,0,78.4,23.5
2021-11-13,10500,25.1,0,78.6,25.4
2021-11-12,10000,26.8,1,66.6,27.5
2021-11-11,10500,26.7,0,65.3,27.5
2021-11-10,10500,26.5,0,64.1,27.1
2021-11-08,10000,26.1,0,61.5,26.3
2021-11-07,10400,26.6,0,63.7,27.1
2021-11-06,10300,26.6,0,60.5,27.0
2021-11-05,9600,26.9,1,62.0,27.2
2021-11-04,10500,27.5,0,63.3,28.3
2021-11-03,10500,27.0,0,63.3,27.6
2021-11-02,11000,27.1,0,61.9,27.6
2021-11-01,11000,27.5,0,56.5,27.9
2021-10-31,12000,28.6,0,53.2,28.7
2021-10-30,11700,28.5,0,65.5,30.7
2021-10-29,10700,28.9,1,65.3,31.3
2021-10-28,12000,28.4,0,68.9,30.8
2021-10-27,12000,28.8,0,66.5,31.0
2021-10-25,12000,28.6,0,69.5,31.6
2021-10-24,12600,28.5,0,68.8,31.1
2021-10-23,11500,28.7,0,69.4,31.6
2021-10-22,11000,28.4,1,68.4,30.6
2021-10-21,12400,28.5,0,74.8,32.0
2021-10-20,11500,27.8,0,80.7,31.3
2021-10-19,12000,27.0,0,85.1,29.6
2021-10-18,12600,28.0,0,83.1,32.7
2021-10-17,13600,30.2,0,73.3,35.9
2021-10-16,13500,30.0,0,73.4,35.1
2021-10-15,12900,30.8,1,67.5,36.0
2021-10-14,13800,30.7,0,71.3,37.0
2021-10-13,13700,30.0,0,71.8,35.3
2021-10-12,13800,30.8,0,68.3,36.3
2021-10-11,13800,31.1,0,67.9,36.9
2021-10-09,12800,30.2,0,71.0,35.6
2021-10-08,12200,30.2,1,70.1,35.4
2021-10-07,13000,29.9,0,70.3,34.2
2021-10-06,12500,28.5,0,79.1,33.3
2021-10-05,12500,28.4,0,78.7,32.8
2021-10-04,13000,29.6,0,73.6,34.4
2021-10-03,13800,29.9,0,72.2,35.4
2021-10-02,13000,31.0,0,65.2,35.9
2021-10-01,12800,30.8,1,66.6,35.7
2021-09-30,13000,29.9,0,68.9,34.4
2021-09-29,13000,28.2,0,78.5,32.4
2021-09-28,13200,28.8,0,75.8,33.0
2021-09-27,13800,30.2,0,69.7,35.3
2021-09-26,13300,30.8,0,70.4,36.5
2021-09-25,13200,29.9,0,72.0,35.2
2021-09-22,13200,29.3,0,72.4,34.1
2021-09-21,13200,28.3,0,78.0,32.5
2021-09-20,13300,28.9,0,73.8,33.0
2021-09-19,13200,28.8,0,77.6,33.8
2021-09-18,12800,29.2,0,76.9,34.6
2021-09-17,12900,29.3,1,75.3,34.5
2021-09-16,13500,30.0,0,73.1,35.5
2021-09-15,13400,30.4,0,68.4,35.3
2021-09-14,13500,28.9,0,78.6,34.1
2021-09-13,13800,30.1,0,71.1,35.5
2021-09-12,13800,31.9,0,61.3,36.8
2021-09-10,12500,31.0,1,67.9,36.7
2021-09-09,13500,30.2,0,71.6,36.0
2021-09-08,13500,29.7,0,71.1,34.5
2021-09-07,13300,29.8,0,73.1,35.3
2021-09-06,13800,30.4,0,71.3,35.8
2021-09-05,13800,30.6,0,70.3,36.5
2021-09-04,13000,30.1,0,72.8,36.0
2021-09-03,12300,30.2,1,71.5,35.8
2021-09-02,13300,30.0,0,73.2,35.7
2021-09-01,13500,29.2,0,76.3,34.2
2021-08-31,13500,29.8,0,73.5,35.2
2021-08-30,13000,29.2,0,72.5,33.5
2021-08-29,13500,29.2,0,75.2,34.2
2021-08-28,13000,30.4,0,71.1,36.1
2021-08-27,12000,29.4,1,76.7,35.0
2021-08-26,13000,28.4,0,82.8,33.3
2021-08-25,13300,29.2,0,78.8,34.7
2021-08-24,13000,29.2,0,79.1,33.6
2021-08-23,13500,28.9,0,77.7,33.3
2021-08-22,13200,31.0,0,66.7,35.9
2021-08-21,12400,29.0,0,77.0,34.1
2021-08-20,12200,28.8,1,75.6,33.3
2021-08-19,12800,28.4,0,76.7,32.5
2021-08-18,13100,28.6,0,77.1,33.2
2021-08-17,13000,28.4,0,77.8,32.8
2021-08-16,13200,29.5,0,75.4,35.0
2021-08-15,12500,30.0,1,73.3,35.9
2021-08-14,12600,29.5,0,76.4,35.2
2021-08-13,12800,29.3,1,79.0,35.1
2021-08-12,13000,30.5,0,75.7,37.6
2021-08-11,13000,29.6,0,75.2,35.4
2021-08-10,13000,29.8,0,74.0,35.6
2021-08-09,13000,29.3,0,74.8,34.3
2021-08-08,13200,29.4,0,76.8,34.9
2021-08-07,12700,28.8,0,78.8,33.7
2021-08-06,11700,29.7,1,75.0,35.1
2021-08-05,13000,30.8,0,68.2,36.2
2021-08-04,12400,29.2,0,77.6,33.6
2021-08-03,13000,30.3,0,71.7,36.1
2021-08-02,12000,28.7,0,78.1,33.5
2021-08-01,12000,29.0,0,77.6,34.0
2021-07-31,11000,29.0,0,75.7,34.0
2021-07-30,9500,28.0,1,79.7,31.4
2021-07-29,10000,27.4,0,84.4,30.6
2021-07-28,11000,29.6,0,72.8,34.6
2021-07-27,11500,30.0,0,73.2,35.6
2021-07-26,12200,30.5,0,68.8,35.8
2021-07-25,11500,29.6,0,74.1,34.1
2021-07-24,12800,28.6,0,77.7,33.2
2021-07-23,12700,29.1,1,73.7,33.7
2021-07-22,11500,30.3,0,71.3,35.4
2021-07-21,11500,29.8,0,74.3,35.5
2021-07-20,10600,28.8,0,81.6,33.6
2021-07-19,13000,28.8,0,79.1,34.3
2021-07-18,13300,28.5,0,79.3,32.7
2021-07-17,13300,29.9,0,74.5,35.7
2021-07-16,12800,30.0,1,74.1,35.8
2021-07-15,13700,30.3,0,70.7,36.0
2021-07-14,13000,31.1,0,68.9,37.5
2021-07-13,13400,30.1,0,70.8,35.3
2021-07-12,13500,30.9,0,66.8,36.3
2021-07-11,13300,30.0,0,68.3,34.3
2021-07-10,12700,29.5,0,74.3,34.6
2021-07-09,11900,29.8,1,70.4,34.5
2021-07-08,12000,29.2,0,71.4,33.3
2021-07-07,12600,28.2,0,79.3,32.5
2021-07-06,13000,29.5,0,69.0,33.3
2021-07-05,12500,28.8,0,79.4,32.8
2021-07-04,12000,28.1,0,82.3,31.9
2021-07-03,12400,28.2,0,76.8,31.3
2021-07-02,11000,26.9,1,88.5,29.5
2021-07-01,11500,27.1,0,84.4,29.9
2021-06-30,12800,27.8,0,80.1,31.1
2021-06-29,13000,27.8,0,80.7,31.0
2021-06-28,13400,30.0,0,74.0,35.7
2021-06-27,13600,30.6,0,69.8,36.2
2021-06-26,12800,29.6,0,69.6,34.0
2021-06-25,11800,29.5,1,71.4,34.0
2021-06-24,13200,29.8,0,69.3,34.6
2021-06-23,13000,29.3,0,69.9,33.0
2021-06-22,12500,27.8,0,84.0,31.7
2021-06-21,12900,28.3,0,72.8,31.5
2021-06-20,11800,27.3,0,78.8,30.1
2021-06-19,12700,26.8,0,85.7,29.2
2021-06-18,11000,27.4,1,85.0,30.5
2021-06-17,12000,28.2,0,76.9,32.1
2021-06-16,12800,28.1,0,78.6,31.8
2021-06-15,13000,28.7,0,76.9,32.8
2021-06-14,13000,29.7,0,76.0,35.6
2021-06-13,13500,29.5,0,70.1,33.5
2021-06-12,13700,29.5,0,71.8,34.1
2021-06-11,12000,29.1,1,76.8,33.9
2021-06-10,13500,29.1,0,76.0,34.2
2021-06-09,13000,29.0,0,74.1,33.4
2021-06-08,11500,29.3,0,74.7,34.0
2021-06-07,13200,29.4,0,72.5,33.9
2021-06-06,13500,28.3,0,79.4,32.5
2021-06-05,12800,28.1,0,77.4,31.8
2021-06-04,12000,31.1,1,67.1,36.9
2021-06-03,13800,30.4,0,70.2,35.8
2021-06-02,13000,30.5,0,68.2,35.3
2021-06-01,12200,28.3,0,80.9,32.7
2021-05-31,13200,27.8,0,76.5,30.7
2021-05-30,13700,30.7,0,71.4,36.6
2021-05-29,13000,31.3,0,66.1,36.9
2021-05-28,11500,30.1,1,71.8,35.7
2021-05-27,12500,29.0,0,73.5,33.5
2021-05-26,11500,27.8,0,77.9,31.0
2021-05-25,11800,29.7,0,76.5,35.6
2021-05-24,14500,32.5,0,65.2,39.5
2021-05-23,14500,33.0,0,60.2,39.3
2021-05-22,13000,32.5,0,60.1,37.9
2021-05-21,12300,31.6,1,63.4,37.2
2021-05-20,13200,31.8,0,65.0,38.1
2021-05-19,12500,31.5,0,66.0,37.4
2021-05-18,13000,30.3,0,72.5,36.1
2021-05-17,11600,30.7,0,66.3,35.6
2021-05-16,11200,29.7,0,69.8,33.4
2021-05-15,11000,30.5,0,64.7,34.3
2021-05-14,10500,29.3,1,65.7,31.6
2021-05-13,10700,29.1,0,68.6,32.3
2021-05-12,11000,28.9,0,64.7,31.1
2021-05-11,11000,26.9,0,79.4,29.0
2021-05-10,11800,30.2,0,62.4,33.2
2021-05-09,13000,30.4,0,60.8,33.6
2021-05-08,12000,30.2,0,62.2,33.3
2021-05-07,11800,29.9,1,67.0,33.7
2021-05-06,12200,28.6,0,70.8,31.3
2021-05-05,13000,29.5,0,67.9,32.8
2021-05-04,13000,29.2,0,68.4,32.3
2021-05-03,13200,29.0,0,65.8,31.7
2021-05-02,13700,30.7,0,62.9,34.7
2021-05-01,11800,30.5,0,63.9,34.3
2021-04-30,13300,32.1,1,55.3,35.5
2021-04-29,13500,31.0,0,62.4,34.7
2021-04-28,14100,32.6,0,56.0,37.0
2021-04-27,13950,33.4,0,53.6,37.9
2021-04-26,13700,31.7,0,56.0,35.1
2021-04-25,13400,31.8,0,56.8,35.6
2021-04-24,13300,30.7,0,59.1,33.6
2021-04-23,12900,30.3,1,62.4,33.7
2021-04-22,13000,30.3,0,67.0,34.5
2021-04-21,13500,30.4,0,65.1,34.4
2021-04-20,13300,31.4,0,61.7,35.8
2021-04-19,12900,30.6,0,64.3,34.8
2021-04-18,12000,30.7,0,60.3,34.0
2021-04-17,13000,29.5,0,62.7,31.5
2021-04-16,12200,30.5,1,64.1,34.6
2021-04-15,13200,31.1,0,62.7,35.6
2021-04-14,13200,32.1,1,59.6,36.7
2021-04-13,13300,31.7,0,57.6,35.3
2021-04-12,13100,31.3,0,59.4,34.9
2021-04-11,13100,30.4,0,63.6,34.2
2021-04-10,12800,30.3,0,65.6,34.5
2021-04-09,12200,29.8,1,67.2,33.1
2021-04-08,12900,30.0,0,59.7,32.6
2021-04-07,12700,30.1,0,55.0,31.6
2021-04-06,12000,29.3,0,52.5,30.0
2021-04-05,12800,28.8,0,58.0,29.5
2021-04-04,13200,28.8,0,65.7,30.6
2021-04-03,12800,30.8,0,60.3,34.3
2021-04-02,12500,30.9,1,58.0,33.8
2021-04-01,13000,30.7,0,62.1,34.2
2021-03-31,12900,29.5,0,71.3,34.1
2021-03-30,11500,29.5,0,69.0,33.3
2021-03-29,12800,30.1,0,61.6,33.3
2021-03-28,13000,30.3,0,52.5,31.6
2021-03-27,12400,30.1,0,53.4,31.2
2021-03-26,12200,30.4,1,56.3,32.3
2021-03-25,12800,31.0,0,56.9,33.8
2021-03-24,12800,30.4,0,57.6,32.7
2021-03-23,12800,29.8,0,56.7,31.1
2021-03-22,12800,29.8,0,56.5,31.4
2021-03-21,12500,29.2,0,60.6,30.9
2021-03-20,11300,29.1,0,59.3,30.8
2021-03-19,11000,28.7,1,60.0,30.2
2021-03-18,11800,28.7,0,57.0,29.5
2021-03-17,11200,27.5,0,58.7,28.1
2021-03-16,11600,28.0,0,62.0,29.4
2021-03-15,11400,27.8,0,56.0,28.1
2021-03-14,11800,26.8,0,62.9,27.1
2021-03-13,11800,28.0,0,69.1,29.9
2021-03-12,10900,29.0,1,65.9,31.5
2021-03-11,11200,27.7,0,68.4,29.4
2021-03-10,11400,27.5,0,66.7,28.8
2021-03-09,11200,27.7,0,64.7,28.9
2021-03-08,11400,27.9,0,70.8,29.9
2021-03-07,11400,27.3,0,66.6,28.3
2021-03-06,11000,27.4,0,65.7,29.2
2021-03-05,9600,26.8,1,63.1,27.5
2021-03-04,10800,26.2,0,60.4,26.5
2021-03-03,11000,27.5,0,58.4,28.3
2021-03-02,11200,27.1,0,62.2,27.5
2021-03-01,10800,27.6,0,66.9,28.8
2021-02-28,10800,27.5,0,64.4,28.4
2021-02-27,10100,26.3,0,60.3,26.5
2021-02-26,9200,25.8,1,63.8,26.1
2021-02-25,9800,25.0,0,63.1,25.1
2021-02-24,10000,23.9,0,63.3,24.0
2021-02-23,9700,23.0,0,61.1,23.1
2021-02-22,9700,24.0,0,60.0,23.9
2021-02-21,8700,24.5,0,63.5,24.4
2021-02-20,9100,23.7,0,67.6,23.7
2021-02-19,9000,24.1,1,65.2,24.3
2021-02-18,9700,22.7,0,69.2,22.7
2021-02-17,9700,22.9,0,66.5,22.9
2021-02-16,9600,23.0,0,71.8,23.1
2021-02-15,9500,23.1,0,69.0,23.2
2021-02-14,9600,21.8,0,64.0,21.7
2021-02-13,9300,22.3,0,67.8,22.4
2021-02-12,9000,22.6,1,68.1,22.6
2021-02-11,9600,22.8,0,66.1,22.8
2021-02-08,9300,20.7,0,65.1,20.7
2021-02-07,9300,21.3,0,67.4,21.3
2021-02-06,9300,22.4,0,66.5,22.5
2021-02-05,8200,22.8,1,67.3,22.9
2021-02-04,9300,20.9,0,66.0,20.9
2021-02-03,9300,19.7,0,64.4,19.7
2021-02-02,9300,18.6,0,73.9,18.6
2021-02-01,9200,20.029999999999998,0,78.3,17.0
2021-01-31,9300,19.7,0,67.5,19.7
2021-01-30,9300,20.8,0,68.2,20.8
2021-01-29,8400,19.3,1,78.5,19.3
2021-01-28,9400,19.1,0,78.1,19.1
2021-01-27,9400,19.0,0,75.6,19.0
2021-01-26,9500,20.2,0,74.0,20.2
2021-01-25,9300,20.0,0,76.4,20.0
2021-01-24,9700,18.9,0,85.1,18.9
2021-01-23,9500,18.9,0,84.0,18.9
2021-01-22,8000,19.4,1,80.8,19.4
2021-01-21,9500,19.8,0,80.7,19.8
2021-01-20,9500,20.5,0,82.9,20.5
2021-01-19,9400,19.4,0,84.2,19.4
2021-01-18,9500,18.7,0,82.1,18.7
2021-01-17,9500,19.0,0,78.8,19.0
2021-01-16,9200,19.5,0,70.8,19.5
2021-01-15,8600,19.6,1,65.4,19.6
2021-01-14,9300,19.7,0,65.6,19.7
2021-01-13,9500,20.4,0,66.8,20.4
2021-01-12,9500,22.0,0,72.1,22.0
2021-01-11,9500,23.1,0,74.9,23.2
2021-01-10,9500,22.2,0,71.0,22.3
2021-01-09,9100,22.3,0,73.2,22.3
2021-01-08,8400,23.4,1,66.2,23.5
2021-01-07,9200,22.7,0,68.8,22.7
2021-01-06,9200,22.5,0,67.5,22.5
2021-01-05,9200,21.4,0,70.1,21.4
2021-01-04,9000,20.6,0,71.7,20.6
2021-01-02,9000,20.1,0,66.6,20.1
2021-01-01,8000,19.9,1,70.0,19.9
2020-12-31,9000,20.7,0,66.7,20.7
2020-12-30,9000,20.6,0,67.5,20.6
2020-12-29,8900,20.5,0,64.9,20.5
2020-12-28,9000,19.3,0,69.4,19.3
2020-12-27,9000,19.2,0,69.0,19.2
2020-12-26,8800,20.5,0,66.7,20.5
2020-12-25,8100,19.7,1,71.4,19.7
2020-12-24,8900,20.6,0,70.5,20.6
2020-12-23,9000,19.7,0,76.3,19.7
2020-12-22,9000,18.8,0,76.7,18.8
2020-12-21,8800,19.2,0,78.0,19.2
2020-12-20,9000,19.4,0,73.1,19.4
2020-12-19,8500,20.3,0,62.4,20.3
2020-12-18,7800,20.9,1,69.6,20.9
2020-12-17,8400,20.8,0,74.4,20.8
2020-12-16,8000,21.3,0,77.4,21.3
2020-12-15,9000,21.1,0,79.2,21.1
2020-12-14,9100,22.4,0,73.9,22.4
2020-12-13,9200,21.3,0,82.8,21.3
2020-12-12,8500,20.3,0,81.8,20.3
2020-12-11,8000,19.6,1,84.4,19.6
2020-12-10,8900,20.2,0,84.3,20.2
2020-12-09,9000,20.5,0,91.2,20.5
2020-12-08,9000,22.6,0,84.4,22.8
2020-12-07,9000,23.2,0,81.7,23.4
2020-12-06,9200,24.2,0,77.4,24.7
2020-12-05,8800,22.9,0,77.4,23.2
2020-12-04,7800,24.8,1,65.9,25.0
2020-12-03,9200,23.0,0,74.6,23.0
2020-12-02,9200,23.4,0,73.2,23.6
2020-12-01,9200,23.8,0,70.1,23.9
2020-11-30,9200,24.2,0,67.6,24.5
2020-11-29,9200,24.5,0,67.7,24.8
2020-11-28,8800,23.4,0,71.2,23.6
2020-11-27,8000,23.5,1,71.9,23.6
2020-11-26,9000,23.6,0,69.9,23.7
2020-11-25,9000,23.5,0,70.0,23.7
2020-11-24,9200,23.0,0,71.7,23.1
2020-11-23,9300,22.5,0,67.9,22.6
2020-11-22,9600,23.6,0,70.7,23.7
2020-11-21,9500,24.3,0,84.0,24.4
2020-11-20,8500,24.8,1,78.0,25.1
2020-11-19,9800,26.0,0,67.9,26.4
2020-11-18,10000,25.1,0,68.0,25.1
2020-11-17,9800,26.6,0,67.7,27.2
2020-11-16,10000,26.5,0,64.6,27.1
2020-11-15,10300,27.0,0,61.0,27.5
2020-11-14,9800,28.4,0,59.5,29.4
2020-11-13,10000,27.4,1,65.1,28.2
2020-11-12,10300,27.4,0,63.3,28.2
2020-11-11,10400,27.1,0,62.7,27.6
2020-11-10,10400,27.2,0,63.1,28.0
2020-11-09,10200,26.9,0,68.7,28.1
2020-11-08,10200,25.7,0,70.1,26.4
2020-11-07,9200,25.7,0,68.5,25.9
2020-11-06,10300,25.7,1,64.6,26.0
2020-11-05,10800,27.2,0,65.7,28.4
2020-11-04,11700,28.2,0,68.5,30.2
2020-11-03,11800,28.3,0,73.3,31.1
2020-11-02,11700,27.5,0,76.6,29.8
2020-11-01,11900,27.1,0,79.1,29.1
2020-10-31,12000,28.2,0,72.2,31.1
2020-10-30,11300,29.6,1,68.1,32.8
2020-10-29,11800,29.0,0,68.8,32.0
2020-10-28,11500,28.6,0,71.1,31.8
2020-10-27,11700,28.5,0,69.8,31.0
2020-10-26,11000,28.4,0,69.9,30.9
2020-10-25,11200,28.5,0,73.4,31.2
2020-10-24,10500,26.7,0,83.9,28.5
2020-10-23,8800,25.4,1,92.4,25.5
2020-10-22,11700,26.5,0,86.5,28.3
2020-10-21,12800,28.5,0,78.1,32.7
2020-10-20,12800,29.9,0,71.7,34.7
2020-10-19,12800,29.2,0,76.1,34.3
2020-10-18,13000,29.1,0,73.7,33.6
2020-10-17,12500,30.4,0,64.2,34.2
2020-10-16,12000,30.4,1,70.2,35.7
2020-10-15,13000,29.5,0,74.9,34.2
2020-10-14,13100,29.2,0,76.2,34.1
2020-10-13,13100,29.8,0,74.7,35.3
2020-10-12,13100,29.5,0,79.7,35.9
2020-10-11,13000,30.4,0,73.7,37.0
2020-10-10,12500,30.2,0,72.1,35.7
2020-10-09,12000,30.1,1,72.5,35.4
2020-10-08,12400,29.0,0,77.5,33.8
2020-10-07,12300,29.4,0,75.5,34.6
2020-10-06,12400,28.9,0,74.9,33.3
2020-10-05,12700,29.0,0,77.0,34.1
2020-10-04,12700,29.3,0,75.5,33.9
2020-10-03,11800,29.0,0,78.3,34.3
2020-10-02,11500,28.9,1,76.8,33.4
2020-10-01,12600,29.4,0,77.5,35.1
2020-09-30,12800,30.2,0,73.6,36.1
2020-09-29,12500,29.4,0,75.5,34.7
2020-09-28,11900,29.8,0,72.8,34.7
2020-09-27,11500,28.8,0,77.1,33.6
2020-09-26,11000,28.5,0,81.8,33.5
2020-09-25,10500,28.7,1,79.5,33.7
2020-09-24,11400,28.2,0,81.3,32.4
2020-09-23,11900,28.4,0,78.6,32.9
2020-09-22,11900,28.7,0,79.7,33.9
2020-09-21,12200,28.9,0,76.5,33.5
2020-09-20,13000,30.6,0,71.4,36.4
2020-09-19,12000,31.0,0,68.1,36.3
2020-09-18,11500,28.6,1,80.0,33.5
2020-09-17,12500,30.0,0,73.8,35.9
2020-09-16,12300,30.1,0,72.4,35.8
2020-09-15,12500,29.9,0,76.0,36.1
2020-09-14,12700,29.2,0,77.2,34.6
2020-09-13,12700,29.6,0,77.7,35.8
2020-09-12,12000,29.8,0,78.2,36.1
2020-09-11,11500,29.3,1,78.3,35.1
2020-09-10,12700,28.9,0,80.1,34.5
2020-09-09,13000,28.9,0,76.8,33.8
2020-09-08,12000,29.5,0,77.1,35.4
2020-09-07,12400,29.6,0,74.9,35.0
2020-09-06,13000,31.0,0,67.2,36.5
2020-09-05,12500,31.4,0,68.3,38.0
2020-09-04,11800,31.2,1,70.2,38.2
2020-09-03,12400,30.0,0,70.2,34.9
2020-09-02,12500,29.9,0,70.8,34.4
2020-09-01,12200,28.5,0,80.9,33.6
2020-08-31,12600,30.7,0,74.0,37.8
2020-08-30,12200,30.5,0,72.7,36.6
2020-08-29,11500,29.1,0,79.5,34.7
2020-08-28,11000,29.0,1,72.2,33.2
2020-08-27,11800,29.5,0,77.0,35.3
2020-08-26,12000,29.1,0,71.0,33.1
2020-08-25,12500,29.2,0,76.4,34.2
2020-08-24,11900,30.5,0,71.3,36.3
2020-08-23,11800,29.4,0,81.0,35.5
2020-08-22,11500,27.0,0,90.0,29.5
2020-08-21,10500,27.4,1,86.2,30.8
2020-08-20,12000,27.0,0,85.7,30.1
2020-08-19,12000,29.1,0,76.8,34.2
2020-08-18,11900,29.0,0,79.7,34.4
2020-08-17,11900,28.3,0,76.4,31.7
2020-08-16,11900,27.9,0,85.6,32.6
2020-08-15,11500,28.9,1,82.0,34.9
2020-08-14,11900,30.7,1,73.2,37.4
2020-08-13,12600,30.4,0,73.1,36.6
2020-08-12,12500,30.1,0,75.5,36.7
2020-08-11,12500,30.4,0,75.7,37.7
2020-08-10,12400,30.4,0,75.7,37.3
2020-08-09,12400,30.0,0,73.8,35.8
2020-08-08,12000,31.0,0,71.3,37.7
2020-08-07,10800,29.9,1,78.9,36.9
2020-08-06,11300,29.9,0,77.5,36.5
2020-08-05,11000,29.8,0,76.4,35.9
2020-08-04,11400,29.4,0,78.9,35.6
2020-08-03,11500,30.7,0,73.9,37.5
2020-08-02,11000,30.5,0,77.4,38.4
2020-08-01,9500,30.1,0,75.8,36.7
2020-07-31,11000,30.1,1,73.0,36.0
2020-07-30,11500,30.7,0,73.0,37.2
2020-07-29,11500,28.0,0,88.0,32.5
2020-07-28,12000,29.4,0,79.9,35.8
2020-07-27,12700,30.6,0,77.2,38.8
2020-07-26,12500,31.8,0,68.8,39.0
2020-07-25,11600,30.1,0,73.0,35.5
2020-07-24,10800,28.7,1,80.2,33.9
2020-07-23,11800,28.6,0,77.9,33.2
2020-07-22,11300,27.5,0,87.8,30.9
2020-07-21,11000,27.0,0,90.9,30.2
2020-07-20,11500,26.9,0,87.1,29.6
2020-07-19,12400,30.4,0,70.4,36.0
2020-07-18,11800,30.2,0,75.2,36.6
2020-07-17,11000,30.0,1,74.2,36.0
2020-07-16,12500,29.9,0,66.9,34.0
2020-07-15,11800,29.7,0,73.2,34.9
2020-07-14,11500,29.0,0,80.9,34.9
2020-07-13,11000,29.1,0,80.9,34.7
2020-07-12,11800,28.1,0,88.6,33.5
2020-07-11,11500,29.1,0,83.4,35.5
2020-07-10,10500,29.8,1,77.5,36.2
2020-07-09,12300,29.5,0,77.2,35.6
2020-07-08,12500,30.4,0,72.2,36.3
2020-07-07,11500,29.5,0,79.6,36.1
2020-07-06,11900,29.0,0,78.3,34.1
2020-07-05,12000,28.7,0,81.4,33.9
2020-07-04,12000,29.6,0,75.0,35.2
2020-07-03,11500,30.9,1,69.9,37.2
2020-07-02,12500,31.5,0,66.3,37.5
2020-07-01,11800,31.7,0,68.5,38.3
2020-06-30,11200,29.3,0,76.2,34.7
2020-06-29,11000,29.9,0,73.6,35.4
2020-06-28,11600,28.6,0,80.5,33.2
2020-06-27,11000,30.4,0,74.2,37.1
2020-06-26,11000,30.3,1,72.7,36.6
2020-06-25,12200,31.4,0,69.1,38.2
2020-06-24,12000,31.0,0,69.4,37.2
2020-06-23,11700,30.7,0,71.9,37.4
2020-06-22,11500,29.6,0,75.5,35.0
2020-06-21,12000,29.1,0,77.6,34.5
2020-06-20,11000,29.8,0,74.2,35.2
2020-06-19,10000,28.3,1,82.4,32.8
2020-06-18,10700,28.4,0,84.2,33.8
2020-06-17,11500,27.3,0,88.8,31.5
2020-06-16,11800,30.4,0,71.3,36.4
2020-06-15,12000,30.4,0,68.9,35.6
2020-06-14,12000,29.2,0,76.3,34.3
2020-06-13,11000,27.8,0,83.6,31.9
2020-06-12,10500,29.0,1,75.8,33.6
2020-06-11,12000,28.0,0,82.3,32.4
2020-06-10,12200,29.5,0,74.2,34.1
2020-06-09,12000,30.2,0,66.1,34.4
2020-06-08,11600,28.9,0,76.7,33.4
2020-06-07,11500,30.4,0,71.4,35.2
2020-06-06,10800,28.8,0,80.3,34.0
2020-06-05,9000,28.3,1,78.2,32.0
2020-06-04,11000,27.6,0,81.3,30.8
2020-06-03,11000,28.9,0,75.8,33.2
2020-06-02,11000,29.5,0,70.9,33.2
