ReportDate,IsHoliday,DayOfWeek,ProbableMaxDemand_MW_Forecast,ProbableMaxGeneration_MW_Forecast,GrossTotal_ProbableDayPeakGeneration_MW,GrossTotal_ProbableEveningPeakGeneration_MW
2019-11-22,No,Friday,8000.0,15215.0,12691.0,15215.0
2019-11-23,No,Saturday,8500.0,15020.0,12230.0,15020.0
2019-11-24,No,Sunday,7200.0,14893.0,12228.0,14893.0
2019-11-25,No,Monday,9000.0,14625.0,12271.0,14625.0
2019-11-26,No,Tuesday,9000.0,14675.0,12321.0,14675.0
2019-11-27,No,Wednesday,9100.0,14594.0,12105.0,14594.0
2019-11-28,No,Thursday,9300.0,14483.0,12000.0,14483.0
2019-11-29,No,Friday,8400.0,14615.0,12130.0,14615.0
2019-11-30,No,Saturday,9100.0,14223.0,11654.0,14223.0
2019-12-01,No,Sunday,9100.0,13747.0,11302.0,13747.0
2019-12-02,No,Monday,9000.0,13939.0,11501.0,13939.0
2019-12-03,No,Tuesday,8700.0,13845.0,11416.0,13845.0
2019-12-04,No,Wednesday,8600.0,13800.0,11300.0,13800.0
2019-12-05,No,Thursday,8900.0,14273.0,11715.0,14273.0
2019-12-06,No,Friday,8000.0,14072.0,11540.0,14072.0
2019-12-07,No,Saturday,8500.0,13883.0,11341.0,13883.0
2019-12-08,No,Sunday,8800.0,14038.0,11515.0,14038.0
2019-12-09,No,Monday,8700.0,13990.0,11390.0,13990.0
2019-12-10,No,Tuesday,8700.0,14046.0,11485.0,14046.0
2019-12-11,No,Wednesday,8700.0,13787.0,11352.0,13787.0
2019-12-12,No,Thursday,8600.0,13958.0,11106.0,13958.0
2019-12-13,No,Friday,7500.0,14005.0,11255.0,14005.0
2019-12-14,No,Saturday,8500.0,13940.0,11175.0,13940.0
2019-12-15,No,Sunday,8700.0,13923.0,11212.0,13923.0
2019-12-16,No,Monday,8000.0,13443.0,10748.0,13443.0
2019-12-17,No,Tuesday,8600.0,13906.0,11042.0,13906.0
2019-12-18,No,Wednesday,8600.0,13784.0,10923.0,13784.0
2019-12-19,No,Thursday,8600.0,13605.0,10810.0,13605.0
2019-12-20,No,Friday,7700.0,13493.0,10807.0,13493.0
2019-12-21,No,Saturday,8500.0,14070.0,11015.0,14070.0
2019-12-22,No,Sunday,8500.0,14150.0,10999.0,14150.0
2019-12-23,No,Monday,8600.0,14184.0,11211.0,14184.0
2019-12-24,No,Tuesday,8500.0,14421.0,11387.0,14421.0
2019-12-25,No,Wednesday,7600.0,14710.0,11790.0,14710.0
2019-12-26,No,Thursday,8600.0,14709.0,11810.0,14709.0
2019-12-27,No,Friday,7700.0,14261.0,11224.0,14261.0
2019-12-28,No,Saturday,8400.0,14242.0,11532.0,14242.0
2019-12-29,No,Sunday,8700.0,14519.0,11627.0,14519.0
2019-12-30,No,Monday,8800.0,14777.0,12004.0,14777.0
2019-12-31,No,Tuesday,8900.0,14850.0,12035.0,14850.0
2020-01-01,No,Wednesday,8800.0,14460.0,11726.0,14460.0
2020-01-02,No,Thursday,8600.0,14652.0,11968.0,14652.0
2020-01-04,No,Saturday,8500.0,14702.0,11856.0,14702.0
2020-01-05,No,Sunday,8500.0,14538.0,11410.0,14538.0
2020-01-06,No,Monday,8500.0,14820.0,11912.0,14820.0
2020-01-07,No,Tuesday,8600.0,14392.0,11512.0,14392.0
2020-01-08,No,Wednesday,8600.0,14500.0,11670.0,14500.0
2020-01-09,No,Thursday,8600.0,14285.0,11305.0,14285.0
2020-01-10,Yes,Friday,7600.0,14264.0,11414.0,14264.0
2020-01-11,No,Saturday,8500.0,14593.0,11588.0,14593.0
2020-01-12,No,Sunday,8700.0,14624.0,11720.0,14624.0
2020-01-13,No,Monday,8900.0,14620.0,11240.0,14620.0
2020-01-14,No,Tuesday,8900.0,14466.0,11364.0,14466.0
2020-01-15,No,Wednesday,8900.0,14779.0,11573.0,14779.0
2020-01-16,No,Thursday,8800.0,14821.0,11580.0,14821.0
2020-01-17,Yes,Friday,8000.0,14204.0,11177.0,14204.0
2020-01-18,No,Saturday,8700.0,14368.0,11016.0,14368.0
2020-01-19,No,Sunday,8900.0,14346.0,11345.0,14346.0
2020-01-20,No,Monday,9000.0,14500.0,11560.0,14500.0
2020-01-21,No,Tuesday,9000.0,14656.0,11712.0,14656.0
2020-01-22,No,Wednesday,9100.0,14600.0,11615.0,14600.0
2020-01-23,No,Thursday,9200.0,14510.0,11460.0,14510.0
2020-01-24,Yes,Friday,8200.0,14085.0,10836.0,14085.0
2020-01-25,No,Saturday,9000.0,13928.0,10589.0,13928.0
2020-01-26,No,Sunday,9100.0,14224.0,11071.0,14224.0
2020-01-27,No,Monday,9100.0,14282.0,11238.0,14282.0
2020-01-28,No,Tuesday,9100.0,14040.0,11090.0,14040.0
2020-01-29,No,Wednesday,9500.0,14014.0,10684.0,14014.0
2020-01-30,No,Thursday,9400.0,14162.0,11236.0,14162.0
2020-01-31,Yes,Friday,8400.0,13721.0,10929.0,13721.0
2020-02-01,No,Saturday,9000.0,14080.0,11233.0,14080.0
2020-02-02,No,Sunday,9000.0,14564.0,11696.0,14564.0
2020-02-03,No,Monday,9200.0,14643.0,11605.0,14643.0
2020-02-04,No,Tuesday,9200.0,14609.0,11337.0,14609.0
2020-02-05,No,Wednesday,9200.0,14493.0,11312.0,14493.0
2020-02-06,No,Thursday,9300.0,14545.0,11680.0,14545.0
2020-02-07,Yes,Friday,8400.0,14229.0,11234.0,14229.0
2020-02-08,No,Saturday,9000.0,14052.0,11013.0,14052.0
2020-02-09,No,Sunday,9300.0,13917.0,11183.0,13917.0
2020-02-10,No,Monday,9300.0,14485.0,11626.0,14485.0
2020-02-11,No,Tuesday,9200.0,14337.0,11878.0,14337.0
2020-02-12,No,Wednesday,9400.0,14885.0,12110.0,14885.0
2020-02-13,No,Thursday,9400.0,14716.0,11989.0,14716.0
2020-02-13,No,Thursday,9400.0,14716.0,11989.0,14716.0
2020-02-15,No,Saturday,9200.0,14541.0,11799.0,14541.0
2020-02-16,No,Sunday,9400.0,14295.0,11601.0,14295.0
2020-02-17,No,Monday,9500.0,14345.0,11680.0,14345.0
2020-02-17,No,Monday,9500.0,14345.0,11680.0,14345.0
2020-02-19,No,Wednesday,9500.0,14138.0,11451.0,14138.0
2020-02-20,No,Thursday,9500.0,14165.0,11474.0,14165.0
2020-02-21,Yes,Friday,8700.0,14091.0,11302.0,14091.0
2020-02-22,No,Saturday,9000.0,14653.0,11913.0,14653.0
2020-02-23,No,Sunday,9600.0,14463.0,11745.0,14463.0
2020-02-24,No,Monday,9800.0,14388.0,11688.0,14388.0
2020-02-25,No,Tuesday,9600.0,14361.0,11661.0,14361.0
2020-02-26,No,Wednesday,9400.0,14244.0,11515.0,14244.0
2020-02-27,No,Thursday,9400.0,14405.0,11585.0,14405.0
2020-03-28,No,Saturday,9900.0,14750.0,12131.0,14750.0
2020-03-29,No,Sunday,10000.0,15154.0,12405.0,15154.0
2020-03-01,No,Sunday,9600.0,15403.0,12358.0,15403.0
2020-03-02,No,Monday,10000.0,15365.0,12460.0,15365.0
2020-03-03,No,Tuesday,9400.0,15285.0,12375.0,15285.0
2020-03-04,No,Wednesday,9800.0,14630.0,11924.0,14630.0
2020-03-05,No,Thursday,9500.0,14575.0,11955.0,14575.0
2020-03-06,Yes,Friday,8800.0,14491.0,11636.0,14491.0
2020-03-07,No,Saturday,9000.0,14570.0,11460.0,14570.0
2020-03-08,No,Sunday,9500.0,14740.0,11890.0,14740.0
2020-03-09,No,Monday,9800.0,14766.0,11975.0,14766.0
2020-03-10,No,Tuesday,9800.0,14455.0,11656.0,14455.0
2020-03-11,No,Wednesday,10000.0,14442.0,11801.0,14442.0
2020-03-12,No,Thursday,10300.0,14606.0,11853.0,14606.0
2020-03-13,Yes,Friday,9200.0,14691.0,11931.0,14691.0
2020-03-14,No,Saturday,10000.0,14671.0,11601.0,14671.0
2020-03-15,No,Sunday,10500.0,14711.0,11641.0,14711.0
2020-03-16,No,Monday,11000.0,14583.0,11866.0,14583.0
2020-03-17,No,Tuesday,10500.0,14707.0,11938.0,14707.0
2020-03-18,No,Wednesday,11000.0,15084.0,12297.0,15084.0
2020-03-19,No,Thursday,11000.0,14677.0,11936.0,14677.0
2020-03-20,Yes,Friday,10200.0,13924.0,11488.0,13924.0
2020-03-21,No,Saturday,10700.0,14039.0,11731.0,14039.0
2020-03-22,No,Sunday,10600.0,14976.0,12432.0,14976.0
2020-03-23,No,Monday,10700.0,14933.0,12389.0,14933.0
2020-03-24,No,Tuesday,10300.0,14889.0,12385.0,14889.0
2020-03-25,No,Wednesday,10400.0,15173.0,12679.0,15173.0
2020-03-26,Yes,Thursday,9000.0,15159.0,12591.0,15159.0
2020-03-27,Yes,Friday,9200.0,14460.0,11990.0,14460.0
2020-03-31,No,Tuesday,10000.0,15326.0,12429.0,15326.0
2020-03-30,No,Monday,10100.0,15430.0,12731.0,15430.0
2020-04-01,No,Wednesday,9900.0,15256.0,12554.0,15256.0
2020-04-02,No,Thursday,10100.0,15981.0,12956.0,15981.0
2020-04-03,Yes,Friday,9800.0,15893.0,12975.0,15893.0
2020-04-04,No,Saturday,9800.0,15152.0,11934.0,15152.0
2020-04-05,No,Sunday,10200.0,15090.0,11858.0,15090.0
2020-04-06,No,Monday,9800.0,14866.0,12049.0,14866.0
2020-04-07,No,Tuesday,10100.0,14691.0,11684.0,14691.0
2020-04-08,No,Wednesday,10500.0,14852.0,11676.0,14852.0
2020-04-09,No,Thursday,10000.0,15544.0,12161.0,15544.0
2020-04-10,Yes,Friday,9800.0,14988.0,11526.0,14988.0
2020-04-11,No,Saturday,10300.0,14609.0,11553.0,14609.0
2020-04-12,No,Sunday,9000.0,15024.0,11610.0,15024.0
2020-04-13,No,Monday,9500.0,14837.0,11787.0,14837.0
2020-04-14,Yes,Tuesday,10200.0,15404.0,12309.0,15404.0
2020-04-15,No,Wednesday,10000.0,15687.0,12606.0,15687.0
2020-04-16,No,Thursday,9000.0,15400.0,12360.0,15400.0
2020-04-17,Yes,Friday,9800.0,15845.0,12944.0,15845.0
2020-04-18,No,Saturday,10000.0,15827.0,13124.0,15827.0
2020-04-19,No,Sunday,9000.0,14856.0,12377.0,14856.0
2020-04-20,No,Monday,9000.0,15833.0,13035.0,15833.0
2020-04-21,No,Tuesday,8800.0,15651.0,12853.0,15651.0
2020-04-22,No,Wednesday,8500.0,15600.0,12650.0,15600.0
2020-04-23,No,Thursday,8700.0,15491.0,12554.0,15491.0
2020-04-24,Yes,Friday,8500.0,15202.0,12283.0,15202.0
2020-04-25,No,Saturday,8500.0,15309.0,12290.0,15309.0
2020-04-26,No,Sunday,8500.0,15045.0,12036.0,15045.0
2020-04-27,No,Monday,8500.0,15040.0,11960.0,15040.0
2020-04-28,No,Tuesday,9000.0,15123.0,12156.0,15123.0
2020-04-29,No,Wednesday,9000.0,15152.0,12210.0,15152.0
2020-04-30,No,Thursday,9200.0,15032.0,12094.0,15032.0
2020-05-01,Yes,Friday,8500.0,15102.0,12149.0,15102.0
2020-05-02,No,Saturday,8800.0,14809.0,11874.0,14809.0
2020-05-03,No,Sunday,9000.0,14956.0,12229.0,14956.0
2020-05-04,No,Monday,9800.0,14958.0,12231.0,14958.0
2020-05-05,No,Tuesday,10800.0,15360.0,12024.0,15360.0
2020-05-06,No,Wednesday,8500.0,14620.0,11531.0,14620.0
2020-05-07,No,Thursday,9500.0,14745.0,11770.0,14745.0
2020-05-08,Yes,Friday,8500.0,15014.0,12271.0,15014.0
2020-05-09,No,Saturday,10000.0,14853.0,12101.0,14853.0
2020-05-10,No,Sunday,11000.0,15587.0,12615.0,15587.0
2020-05-11,No,Monday,10600.0,15922.0,13035.0,15922.0
2020-05-12,No,Tuesday,12000.0,15350.0,12725.0,15350.0
2020-05-13,No,Wednesday,12000.0,14710.0,12897.0,14710.0
2020-05-14,No,Thursday,11500.0,14697.0,12873.0,14697.0
2020-05-15,Yes,Friday,11000.0,14739.0,13111.0,14739.0
2020-05-16,No,Saturday,11000.0,14763.0,13112.0,14763.0
2020-05-17,No,Sunday,11300.0,14934.0,13177.0,14934.0
2020-05-18,No,Monday,12000.0,15395.0,13334.0,15395.0
2020-05-19,No,Tuesday,12000.0,15378.0,13654.0,15378.0
2020-05-20,No,Wednesday,8500.0,14072.0,12340.0,14072.0
2020-05-21,No,Thursday,7500.0,14435.0,12000.0,14435.0
2020-05-22,Yes,Friday,8000.0,14605.0,12315.0,14605.0
2020-05-23,No,Saturday,10000.0,14505.0,12426.0,14505.0
2020-05-24,No,Sunday,10000.0,14242.0,12400.0,14242.0
2020-05-25,No,Monday,9500.0,14281.0,11750.0,14281.0
2020-05-26,No,Tuesday,9500.0,14129.0,11760.0,14129.0
2020-05-27,No,Wednesday,7000.0,14283.0,10647.0,14283.0
2020-05-28,No,Thursday,9500.0,14445.0,11266.0,14445.0
2020-05-29,Yes,Friday,9000.0,14464.0,11195.0,14464.0
2020-05-30,No,Saturday,9800.0,14976.0,11840.0,14976.0
2020-05-31,No,Sunday,10000.0,14937.0,11836.0,14937.0
2020-06-01,No,Monday,11200.0,14945.0,11770.0,14945.0
2020-06-02,No,Tuesday,11000.0,14765.0,11700.0,14765.0
2020-06-03,No,Wednesday,11000.0,14747.0,12258.0,14747.0
2020-06-04,No,Thursday,11000.0,15053.0,12390.0,15053.0
2020-06-05,Yes,Friday,9000.0,15065.0,12511.0,15065.0
2020-06-06,No,Saturday,10800.0,15053.0,12613.0,15053.0
2020-06-07,No,Sunday,11500.0,15438.0,13234.0,15438.0
2020-06-08,No,Monday,11600.0,15316.0,12862.0,15316.0
2020-06-09,No,Tuesday,12000.0,15689.0,13066.0,15689.0
2020-06-10,No,Wednesday,12200.0,15223.0,12855.0,15223.0
2020-06-11,No,Thursday,12000.0,15314.0,13284.0,15314.0
2020-06-12,Yes,Friday,10500.0,14997.0,12889.0,14997.0
2020-06-13,No,Saturday,11000.0,15115.0,12970.0,15115.0
2020-06-14,No,Sunday,12000.0,14957.0,13275.0,14957.0
2020-06-15,No,Monday,12000.0,15025.0,13339.0,15025.0
2020-06-16,No,Tuesday,11800.0,14817.0,13352.0,14817.0
2020-06-17,No,Wednesday,11500.0,15023.0,13563.0,15023.0
2020-06-18,No,Thursday,10700.0,15025.0,13565.0,15025.0
2020-06-19,Yes,Friday,10000.0,15071.0,13636.0,15071.0
2020-06-20,No,Saturday,11000.0,15070.0,13585.0,15070.0
2020-06-21,No,Sunday,12000.0,14867.0,13413.0,14867.0
2020-06-22,No,Monday,11500.0,14865.0,13407.0,14865.0
2020-06-23,No,Tuesday,11700.0,14198.0,12719.0,14198.0
2020-06-24,No,Wednesday,12000.0,14790.0,12670.0,14790.0
2020-06-25,No,Thursday,12200.0,15285.0,13700.0,15285.0
2020-06-26,Yes,Friday,11000.0,14920.0,13437.0,14920.0
2020-06-27,No,Saturday,11000.0,15398.0,13685.0,15398.0
2020-06-28,No,Sunday,11600.0,15202.0,13625.0,15202.0
2020-06-29,No,Monday,11000.0,15232.0,13705.0,15232.0
2020-06-30,No,Tuesday,11200.0,15620.0,14038.0,15620.0
2020-07-01,No,Wednesday,11800.0,15383.0,13852.0,15383.0
2020-07-02,No,Thursday,12500.0,15206.0,13577.0,15206.0
2020-07-03,Yes,Friday,11500.0,15060.0,13545.0,15060.0
2020-07-04,No,Saturday,12000.0,15265.0,13553.0,15265.0
2020-07-05,No,Sunday,12000.0,15149.0,13466.0,15149.0
2020-07-06,No,Monday,11900.0,15275.0,13740.0,15275.0
2020-07-07,No,Tuesday,11500.0,15272.0,13739.0,15272.0
2020-07-08,No,Wednesday,12500.0,15221.0,13743.0,15221.0
2020-07-09,No,Thursday,12300.0,15103.0,13290.0,15103.0
2020-07-10,Yes,Friday,10500.0,15214.0,13752.0,15214.0
2020-07-11,No,Saturday,11500.0,14655.0,13222.0,14655.0
2020-07-12,No,Sunday,11800.0,15198.0,13602.0,15198.0
2020-07-13,No,Monday,11000.0,15235.0,13629.0,15235.0
2020-07-14,No,Tuesday,11500.0,14545.0,13148.0,14545.0
2020-07-15,No,Wednesday,11800.0,14979.0,13488.0,14979.0
2020-07-16,No,Thursday,12500.0,14868.0,13433.0,14868.0
2020-07-17,Yes,Friday,11000.0,14918.0,13409.0,14918.0
2020-07-18,No,Saturday,11800.0,14986.0,13682.0,14986.0
2020-07-19,No,Sunday,12400.0,14914.0,13643.0,14914.0
2020-07-20,No,Monday,11500.0,14537.0,13298.0,14537.0
2020-07-21,No,Tuesday,11000.0,14832.0,13603.0,14832.0
2020-07-22,No,Wednesday,11300.0,14569.0,13150.0,14569.0
2020-07-23,No,Thursday,11800.0,14563.0,13020.0,14563.0
2020-07-24,Yes,Friday,10800.0,14572.0,13375.0,14572.0
2020-07-25,No,Saturday,11600.0,14684.0,13487.0,14684.0
2020-07-26,No,Sunday,12500.0,14775.0,13599.0,14775.0
2020-07-27,No,Monday,12700.0,14942.0,13762.0,14942.0
2020-07-28,No,Tuesday,12000.0,14861.0,13684.0,14861.0
2020-07-29,No,Wednesday,11500.0,15001.0,13824.0,15001.0
2020-07-30,No,Thursday,11500.0,14795.0,13191.0,14795.0
2020-07-31,Yes,Friday,11000.0,14579.0,13268.0,14579.0
2020-08-01,No,Saturday,9500.0,15135.0,13790.0,15135.0
2020-08-02,No,Sunday,11000.0,14707.0,13354.0,14707.0
2020-08-03,No,Monday,11500.0,13324.0,11940.0,13324.0
2020-08-04,No,Tuesday,11400.0,14604.0,13095.0,14604.0
2020-08-05,No,Wednesday,11000.0,14582.0,13314.0,14582.0
2020-08-06,No,Thursday,11300.0,14508.0,13348.0,14508.0
2020-08-07,Yes,Friday,10800.0,14409.0,13254.0,14409.0
2020-08-08,No,Saturday,12000.0,14502.0,13347.0,14502.0
2020-08-09,No,Sunday,12400.0,14702.0,13589.0,14702.0
2020-08-10,No,Monday,12400.0,14829.0,13744.0,14829.0
2020-08-11,No,Tuesday,12500.0,14803.0,13808.0,14803.0
2020-08-12,No,Wednesday,12500.0,14794.0,13699.0,14794.0
2020-08-13,No,Thursday,12600.0,14914.0,13919.0,14914.0
2020-08-14,Yes,Friday,11900.0,15040.0,14050.0,15040.0
2020-08-15,Yes,Saturday,11500.0,14860.0,13827.0,14860.0
2020-08-16,No,Sunday,11900.0,14876.0,13903.0,14876.0
2020-08-17,No,Monday,11900.0,14887.0,13822.0,14887.0
2020-08-18,No,Tuesday,11900.0,14851.0,13698.0,14851.0
2020-08-19,No,Wednesday,12000.0,14632.0,13288.0,14632.0
2020-08-20,No,Thursday,12000.0,14452.0,13266.0,14452.0
2020-08-21,Yes,Friday,10500.0,14481.0,13190.0,14481.0
2020-08-22,No,Saturday,11500.0,14759.0,13118.0,14759.0
2020-08-23,No,Sunday,11800.0,14510.0,12790.0,14510.0
2020-08-24,No,Monday,11900.0,14576.0,13581.0,14576.0
2020-08-25,No,Tuesday,12500.0,14445.0,13480.0,14445.0
2020-08-26,No,Wednesday,12000.0,14264.0,13313.0,14264.0
2020-08-27,No,Thursday,11800.0,14009.0,13097.0,14009.0
2020-08-28,Yes,Friday,11000.0,13804.0,12822.0,13804.0
2020-08-29,No,Saturday,11500.0,14184.0,13142.0,14184.0
2020-08-30,No,Sunday,12200.0,14178.0,13201.0,14178.0
2020-08-31,No,Monday,12600.0,14478.0,13547.0,14478.0
2020-09-01,No,Tuesday,12200.0,14642.0,13743.0,14642.0
2020-09-02,No,Wednesday,12500.0,14508.0,13481.0,14508.0
2020-09-03,No,Thursday,12400.0,14722.0,13428.0,14722.0
2020-09-04,Yes,Friday,11800.0,14870.0,14013.0,14870.0
2020-09-05,No,Saturday,12500.0,14876.0,13939.0,14876.0
2020-09-06,No,Sunday,13000.0,14859.0,14022.0,14859.0
2020-09-07,No,Monday,12400.0,15171.0,14364.0,15171.0
2020-09-08,No,Tuesday,12000.0,15199.0,14390.0,15199.0
2020-09-09,No,Wednesday,13000.0,15249.0,14443.0,15249.0
2020-09-10,No,Thursday,12700.0,14870.0,13499.0,14870.0
2020-09-11,Yes,Friday,11500.0,14997.0,13847.0,14997.0
2020-09-12,No,Saturday,12000.0,15026.0,14235.0,15026.0
2020-09-13,No,Sunday,12700.0,15100.0,13985.0,15100.0
2020-09-14,No,Monday,12700.0,15189.0,14383.0,15189.0
2020-09-15,No,Tuesday,12500.0,15045.0,14230.0,15045.0
2020-09-16,No,Wednesday,12300.0,14484.0,13672.0,14484.0
2020-09-17,No,Thursday,12500.0,13758.0,12778.0,13758.0
2020-09-18,Yes,Friday,11500.0,14004.0,12486.0,14004.0
2020-09-19,No,Saturday,12000.0,13900.0,12860.0,13900.0
2020-09-20,No,Sunday,13000.0,14381.0,13304.0,14381.0
2020-09-21,No,Monday,12200.0,14346.0,13326.0,14346.0
2020-09-22,No,Tuesday,11900.0,14018.0,12963.0,14018.0
2020-09-23,No,Wednesday,11900.0,13971.0,13055.0,13971.0
2020-09-24,No,Thursday,11400.0,13620.0,12730.0,13620.0
2020-09-25,Yes,Friday,10500.0,14153.0,13287.0,14153.0
2020-09-26,No,Saturday,11000.0,14271.0,13305.0,14271.0
2020-09-27,No,Sunday,11500.0,14415.0,13509.0,14415.0
2020-09-28,No,Monday,11900.0,14458.0,13620.0,14458.0
2020-09-29,No,Tuesday,12500.0,13950.0,13000.0,13950.0
2020-09-30,No,Wednesday,12800.0,14541.0,13337.0,14541.0
2020-10-01,No,Thursday,12600.0,14405.0,13545.0,14405.0
2020-10-02,Yes,Friday,11500.0,13855.0,12996.0,13855.0
2020-10-03,No,Saturday,11800.0,13893.0,13052.0,13893.0
2020-10-05,No,Monday,12700.0,14573.0,13428.0,14573.0
2020-10-04,No,Sunday,12700.0,14068.0,13188.0,14068.0
2020-10-06,No,Tuesday,12400.0,14288.0,13446.0,14288.0
2020-10-07,No,Wednesday,12300.0,14201.0,13309.0,14201.0
2020-10-08,No,Thursday,12400.0,14513.0,13379.0,14513.0
2020-10-09,Yes,Friday,12000.0,14150.0,13105.0,14150.0
2020-10-10,No,Saturday,12500.0,14953.0,13979.0,14953.0
2020-10-11,No,Sunday,13000.0,14604.0,13640.0,14604.0
2020-10-12,No,Monday,13100.0,14997.0,14125.0,14997.0
2020-10-13,No,Tuesday,13100.0,15017.0,14145.0,15017.0
2020-10-14,No,Wednesday,13100.0,14722.0,13834.0,14722.0
2020-10-15,No,Thursday,13000.0,14569.0,13934.0,14569.0
2020-10-16,Yes,Friday,12000.0,14419.0,13597.0,14419.0
2020-10-17,No,Saturday,12500.0,14620.0,13712.0,14620.0
2020-10-18,No,Sunday,13000.0,14804.0,13862.0,14804.0
2020-10-19,No,Monday,12800.0,14726.0,13826.0,14726.0
2020-10-20,No,Tuesday,12800.0,14789.0,13861.0,14789.0
2020-10-21,No,Wednesday,12800.0,14849.0,13871.0,14849.0
2020-10-22,No,Thursday,11700.0,14534.0,13589.0,14534.0
2020-10-23,Yes,Friday,8800.0,14449.0,13291.0,14449.0
2020-10-24,No,Saturday,10500.0,14356.0,13209.0,14356.0
2020-10-25,No,Sunday,11200.0,14550.0,13692.0,14550.0
2020-10-26,No,Monday,11000.0,14658.0,13810.0,14658.0
2020-10-27,No,Tuesday,11700.0,15137.0,14012.0,15137.0
2020-10-28,No,Wednesday,11500.0,15043.0,13925.0,15043.0
2020-10-29,No,Thursday,11800.0,14942.0,13841.0,14942.0
2020-10-30,Yes,Friday,11300.0,14868.0,13787.0,14868.0
2020-10-31,No,Saturday,12000.0,14948.0,13867.0,14948.0
2020-11-01,No,Sunday,11900.0,14804.0,13881.0,14804.0
2020-11-02,No,Monday,11700.0,14659.0,13889.0,14659.0
2020-11-03,No,Tuesday,11800.0,14767.0,13948.0,14767.0
2020-11-04,No,Wednesday,11700.0,14697.0,13785.0,14697.0
2020-11-05,No,Thursday,10800.0,14497.0,13248.0,14497.0
2020-11-06,Yes,Friday,10300.0,14220.0,13084.0,14220.0
2020-11-07,No,Saturday,9200.0,13980.0,12585.0,13980.0
2020-11-08,No,Sunday,10200.0,14103.0,12931.0,14103.0
2020-11-09,No,Monday,10200.0,14164.0,12767.0,14164.0
2020-11-10,No,Tuesday,10400.0,13965.0,12666.0,13965.0
2020-11-11,No,Wednesday,10400.0,14783.0,13464.0,14783.0
2020-11-12,No,Thursday,10300.0,14582.0,13237.0,14582.0
2020-11-13,Yes,Friday,10000.0,14216.0,13030.0,14216.0
2020-11-14,No,Saturday,9800.0,14511.0,13178.0,14511.0
2020-11-15,No,Sunday,10300.0,14363.0,12936.0,14363.0
2020-11-16,No,Monday,10000.0,14496.0,13186.0,14496.0
2020-11-17,No,Tuesday,9800.0,14439.0,13128.0,14439.0
2020-11-18,No,Wednesday,10000.0,14139.0,12828.0,14139.0
2020-11-19,No,Thursday,9800.0,14422.0,13111.0,14422.0
2020-11-20,Yes,Friday,8500.0,13670.0,11940.0,13670.0
2020-11-21,No,Saturday,9500.0,14081.0,12448.0,14081.0
2020-11-22,No,Sunday,9600.0,14314.0,12984.0,14314.0
2020-11-23,No,Monday,9300.0,14336.0,13041.0,14336.0
2020-11-24,No,Tuesday,9200.0,13903.0,12603.0,13903.0
2020-11-25,No,Wednesday,9000.0,14096.0,12780.0,14096.0
2020-11-26,No,Thursday,9000.0,14142.0,12788.0,14142.0
2020-11-27,Yes,Friday,8000.0,14211.0,12807.0,14211.0
2020-11-28,No,Saturday,8800.0,14126.0,12936.0,14126.0
2020-11-29,No,Sunday,9200.0,14246.0,13121.0,14246.0
2020-11-30,No,Monday,9200.0,14474.0,13289.0,14474.0
2020-12-02,No,Wednesday,9200.0,14425.0,13072.0,14425.0
2020-12-01,No,Tuesday,9200.0,14533.0,13398.0,14533.0
2020-12-03,No,Thursday,9200.0,13524.0,12369.0,13524.0
2020-12-04,Yes,Friday,7800.0,13397.0,12307.0,13397.0
2020-12-05,No,Saturday,8800.0,13509.0,12431.0,13509.0
2020-12-06,No,Sunday,9200.0,13453.0,12155.0,13453.0
2020-12-07,No,Monday,9000.0,13791.0,12467.0,13791.0
2020-12-08,No,Tuesday,9000.0,13500.0,12240.0,13500.0
2020-12-09,No,Wednesday,9000.0,13683.0,12493.0,13683.0
2020-12-10,No,Thursday,8900.0,13630.0,12441.0,13630.0
2020-12-11,Yes,Friday,8000.0,13382.0,12001.0,13382.0
2020-12-12,No,Saturday,8500.0,13643.0,11744.0,13643.0
2020-12-13,No,Sunday,9200.0,13407.0,11751.0,13407.0
2020-12-14,No,Monday,9100.0,13483.0,11976.0,13483.0
2020-12-15,No,Tuesday,9000.0,13405.0,11586.0,13405.0
2020-12-16,No,Wednesday,8000.0,13495.0,12245.0,13495.0
2020-12-17,No,Thursday,8400.0,13510.0,12210.0,13510.0
2020-12-18,Yes,Friday,7800.0,13526.0,12234.0,13526.0
2020-12-19,No,Saturday,8500.0,13632.0,12396.0,13632.0
2020-12-20,No,Sunday,9000.0,13841.0,12532.0,13841.0
2020-12-21,No,Monday,8800.0,13481.0,12223.0,13481.0
2020-12-22,No,Tuesday,9000.0,12764.0,11429.0,12764.0
2020-12-23,No,Wednesday,9000.0,13091.0,11796.0,13091.0
2020-12-24,No,Thursday,8900.0,13152.0,11926.0,13152.0
2020-12-25,Yes,Friday,8100.0,13198.0,11935.0,13198.0
2020-12-26,No,Saturday,8800.0,13673.0,12469.0,13673.0
2020-12-27,No,Sunday,9000.0,13547.0,12302.0,13547.0
2020-12-28,No,Monday,9000.0,13586.0,12323.0,13586.0
2020-12-29,No,Tuesday,8900.0,13822.0,12382.0,13822.0
2020-12-30,No,Wednesday,9000.0,13053.0,11800.0,13053.0
2020-12-31,No,Thursday,9000.0,12866.0,11686.0,12866.0
2021-01-01,Yes,Friday,8000.0,12833.0,11483.0,12833.0
2022-01-03,No,Sunday,9000.0,12813.0,11556.0,12813.0
2021-01-02,No,Saturday,9000.0,12675.0,11285.0,12675.0
2021-01-04,No,Monday,9000.0,13529.0,12271.0,13529.0
2021-01-05,No,Tuesday,9200.0,13621.0,12245.0,13621.0
2021-01-06,No,Wednesday,9200.0,13194.0,12019.0,13194.0
2021-01-07,No,Thursday,9200.0,13150.0,11965.0,13150.0
2021-01-08,Yes,Friday,8400.0,13273.0,12057.0,13273.0
2021-01-09,No,Saturday,9100.0,13677.0,12413.0,13677.0
2021-01-10,No,Sunday,9500.0,13631.0,12459.0,13631.0
2021-01-11,No,Monday,9500.0,13464.0,12135.0,13464.0
2021-01-12,No,Tuesday,9500.0,13148.0,11836.0,13148.0
2021-01-13,No,Wednesday,9500.0,12836.0,11643.0,12836.0
2021-01-14,No,Thursday,9300.0,13004.0,11812.0,13004.0
2021-01-15,Yes,Friday,8600.0,13161.0,11899.0,13161.0
2021-01-16,No,Saturday,9200.0,13221.0,12003.0,13221.0
2021-01-17,No,Sunday,9500.0,13353.0,12170.0,13353.0
2021-01-18,No,Monday,9500.0,12797.0,11662.0,12797.0
2021-01-19,No,Tuesday,9400.0,13459.0,12323.0,13459.0
2021-01-20,No,Wednesday,9500.0,12946.0,11812.0,12946.0
2021-01-21,No,Thursday,9500.0,13051.0,11931.0,13051.0
2021-01-22,Yes,Friday,8000.0,12573.0,11336.0,12573.0
2021-01-23,No,Saturday,9500.0,11956.0,10819.0,11956.0
2021-01-24,No,Sunday,9700.0,11765.0,10644.0,11765.0
2021-01-25,No,Monday,9300.0,12048.0,10876.0,12048.0
2021-01-26,No,Tuesday,9500.0,12269.0,11051.0,12269.0
2021-01-27,No,Wednesday,9400.0,12498.0,11405.0,12498.0
2021-01-28,No,Thursday,9400.0,13155.0,11442.0,13155.0
2021-01-29,Yes,Friday,8400.0,13011.0,11771.0,13011.0
2021-01-30,No,Saturday,9300.0,13722.0,12248.0,13722.0
2021-01-31,No,Sunday,9300.0,13415.0,12156.0,13415.0
2021-02-01,No,Monday,9200.0,12962.0,11864.0,12962.0
2021-02-02,No,Tuesday,9300.0,12933.0,11761.0,12933.0
2021-02-03,No,Wednesday,9300.0,13211.0,12064.0,13211.0
2021-02-04,No,Thursday,9300.0,13069.0,11837.0,13069.0
2021-02-05,Yes,Friday,8200.0,13750.0,12430.0,13750.0
2021-02-06,No,Saturday,9300.0,13707.0,12413.0,13707.0
2021-02-07,No,Sunday,9300.0,13622.0,12398.0,13622.0
2021-02-08,No,Monday,9300.0,13425.0,12200.0,13425.0
2021-01-09,No,Saturday,9100.0,13677.0,12413.0,13677.0
2021-01-10,No,Sunday,9500.0,13631.0,12459.0,13631.0
2021-02-11,No,Thursday,9600.0,13897.0,12511.0,13897.0
2021-02-12,Yes,Friday,9000.0,14068.0,12575.0,14068.0
2021-02-13,No,Saturday,9300.0,14091.0,12679.0,14091.0
2021-02-14,No,Sunday,9600.0,14021.0,12806.0,14021.0
2021-02-15,No,Monday,9500.0,13360.0,12019.0,13360.0
2021-02-16,No,Tuesday,9600.0,13740.0,12768.0,13740.0
2021-02-17,No,Wednesday,9700.0,14144.0,13175.0,14144.0
2021-02-18,No,Thursday,9700.0,14125.0,13137.0,14125.0
2021-02-19,Yes,Friday,9000.0,13530.0,12405.0,13530.0
2021-02-20,No,Saturday,9100.0,13545.0,12584.0,13545.0
2021-02-21,No,Sunday,8700.0,13467.0,12190.0,13467.0
2021-02-22,No,Monday,9700.0,13837.0,12782.0,13837.0
2021-02-23,No,Tuesday,9700.0,14281.0,13060.0,14281.0
2021-02-24,No,Wednesday,10000.0,14149.0,12949.0,14149.0
2021-02-25,No,Thursday,9800.0,14145.0,13091.0,14145.0
2021-02-26,Yes,Friday,9200.0,14349.0,13135.0,14349.0
2021-02-27,No,Saturday,10100.0,14488.0,13229.0,14488.0
2021-02-28,No,Sunday,10800.0,14478.0,13360.0,14478.0
2021-03-01,No,Monday,10800.0,14240.0,13365.0,14240.0
2021-03-02,No,Tuesday,11200.0,13896.0,13029.0,13896.0
2021-03-03,No,Wednesday,11000.0,14330.0,13400.0,14330.0
2021-03-04,No,Thursday,10800.0,13951.0,13081.0,13951.0
2021-03-05,Yes,Friday,9600.0,14581.0,13714.0,14581.0
2021-03-06,No,Saturday,11000.0,15350.0,14410.0,15350.0
2021-03-07,No,Sunday,11400.0,16180.0,15180.0,16180.0
2021-03-08,No,Monday,11400.0,15905.0,14910.0,15905.0
2021-03-09,No,Tuesday,11200.0,15283.0,14263.0,15283.0
2021-03-10,No,Wednesday,11400.0,14911.0,13887.0,14911.0
2021-03-11,No,Thursday,11200.0,14811.0,13738.0,14811.0
2021-03-12,Yes,Friday,10900.0,15147.0,14224.0,15147.0
2021-03-13,No,Saturday,11800.0,15445.0,14305.0,15445.0
2021-03-14,No,Sunday,11800.0,15521.0,14421.0,15521.0
2021-03-15,No,Monday,11400.0,15439.0,14389.0,15439.0
2021-03-16,No,Tuesday,11600.0,15593.0,14629.0,15593.0
2021-03-17,No,Wednesday,11200.0,15367.0,14463.0,15367.0
2021-03-18,No,Thursday,11800.0,15655.0,14625.0,15655.0
2021-03-19,Yes,Friday,11000.0,15605.0,14460.0,15605.0
2021-03-20,No,Saturday,11300.0,15689.0,14649.0,15689.0
2021-03-21,No,Sunday,12500.0,15629.0,14744.0,15629.0
2021-03-22,No,Monday,12800.0,15253.0,14293.0,15253.0
2021-03-23,No,Tuesday,12800.0,15203.0,14308.0,15203.0
2021-03-24,No,Wednesday,12800.0,15114.0,14219.0,15114.0
2021-03-25,No,Thursday,12800.0,15061.0,14129.0,15061.0
2021-03-26,Yes,Friday,12200.0,15385.0,14478.0,15385.0
2021-03-27,No,Saturday,12400.0,15935.0,15163.0,15935.0
2021-03-28,No,Sunday,13000.0,15725.0,14823.0,15725.0
2021-03-29,No,Monday,12800.0,16054.0,15332.0,16054.0
2021-03-30,No,Tuesday,11500.0,15938.0,15281.0,15938.0
2021-03-31,No,Wednesday,12900.0,15619.0,14940.0,15619.0
2021-04-01,No,Thursday,13000.0,16287.0,15265.0,16287.0
2021-04-02,Yes,Friday,12500.0,15662.0,14766.0,15662.0
2021-04-03,No,Saturday,12800.0,15846.0,14768.0,15846.0
2021-04-04,No,Sunday,13200.0,15995.0,15138.0,15995.0
2021-04-05,No,Monday,12800.0,15995.0,15318.0,15995.0
2021-04-06,No,Tuesday,12000.0,16000.0,15315.0,16000.0
2021-04-07,No,Wednesday,12700.0,15373.0,14669.0,15373.0
2021-04-08,No,Thursday,12900.0,15688.0,14883.0,15688.0
2021-04-09,Yes,Friday,12200.0,15293.0,14401.0,15293.0
2021-04-10,No,Saturday,12800.0,15072.0,14129.0,15072.0
2021-04-11,No,Sunday,13100.0,14996.0,14257.0,14996.0
2021-04-12,No,Monday,13100.0,15175.0,14430.0,15175.0
2021-04-13,No,Tuesday,13300.0,15354.0,14598.0,15354.0
2021-04-14,Yes,Wednesday,13200.0,15498.0,14755.0,15498.0
2021-04-15,No,Thursday,13200.0,15434.0,14691.0,15434.0
2021-04-16,Yes,Friday,12200.0,15459.0,14376.0,15459.0
2021-04-17,No,Saturday,13000.0,15995.0,15075.0,15995.0
2021-04-18,No,Sunday,12000.0,15834.0,15009.0,15834.0
2021-04-19,No,Monday,12900.0,16041.0,14846.0,16041.0
2021-04-20,No,Tuesday,13300.0,15739.0,14926.0,15739.0
2021-04-21,No,Wednesday,13500.0,15595.0,14746.0,15595.0
2021-04-22,No,Thursday,13000.0,15545.0,14495.0,15545.0
2021-04-23,Yes,Friday,12900.0,15546.0,14726.0,15546.0
2021-04-24,No,Saturday,13300.0,15828.0,15039.0,15828.0
2021-04-25,No,Sunday,13400.0,15687.0,14978.0,15687.0
2021-04-26,No,Monday,13700.0,15425.0,14358.0,15425.0
2021-04-27,No,Tuesday,13950.0,15300.0,14370.0,15300.0
2021-04-28,No,Wednesday,14100.0,15398.0,14469.0,15398.0
2021-04-29,No,Thursday,13500.0,16101.0,14922.0,16101.0
2021-04-30,Yes,Friday,13300.0,15821.0,14867.0,15821.0
2021-05-01,No,Saturday,11800.0,15732.0,14867.0,15732.0
2021-05-02,No,Sunday,13700.0,15965.0,15070.0,15965.0
2021-05-03,No,Monday,13200.0,16086.0,14975.0,16086.0
2021-05-04,No,Tuesday,13000.0,15616.0,14667.0,15616.0
2021-05-05,No,Wednesday,13000.0,15462.0,14624.0,15462.0
2021-05-06,No,Thursday,12200.0,15467.0,14669.0,15467.0
2021-05-07,Yes,Friday,11800.0,15418.0,14256.0,15418.0
2021-05-08,No,Saturday,12000.0,15773.0,14855.0,15773.0
2021-05-09,No,Sunday,13000.0,15780.0,15002.0,15780.0
2021-05-10,No,Monday,11800.0,15724.0,14829.0,15724.0
2021-05-11,No,Tuesday,11000.0,15748.0,14985.0,15748.0
2021-05-12,No,Wednesday,11000.0,15766.0,14545.0,15766.0
2021-05-13,No,Thursday,10700.0,15761.0,14914.0,15761.0
2021-05-14,Yes,Friday,10500.0,15720.0,14741.0,15720.0
2021-05-15,No,Saturday,11000.0,14686.0,13777.0,14686.0
2021-05-16,No,Sunday,11200.0,15285.0,14275.0,15285.0
2021-05-17,No,Monday,11600.0,15350.0,14400.0,15350.0
2021-05-18,No,Tuesday,13000.0,15278.0,14358.0,15278.0
2021-05-19,No,Wednesday,12500.0,15161.0,14305.0,15161.0
2021-05-20,No,Thursday,13200.0,15717.0,14800.0,15717.0
2021-05-21,Yes,Friday,12300.0,15504.0,14458.0,15504.0
2021-05-22,No,Saturday,13000.0,15750.0,14470.0,15750.0
2021-05-23,No,Sunday,14500.0,15861.0,14923.0,15861.0
2021-05-24,No,Monday,14500.0,15881.0,14986.0,15881.0
2021-05-25,No,Tuesday,11800.0,16053.0,14986.0,16053.0
2021-05-26,No,Wednesday,11500.0,15623.0,14392.0,15623.0
2021-05-27,No,Thursday,12500.0,15225.0,14045.0,15225.0
2021-05-28,Yes,Friday,11500.0,14956.0,14138.0,14956.0
2021-05-29,No,Saturday,13000.0,15133.0,14268.0,15133.0
2021-05-30,No,Sunday,13700.0,14571.0,13758.0,14571.0
2021-05-31,No,Monday,13200.0,14397.0,13446.0,14397.0
2021-06-01,No,Tuesday,12200.0,14261.0,13585.0,14261.0
2021-06-02,No,Wednesday,13000.0,14766.0,13960.0,14766.0
2021-06-03,No,Thursday,13800.0,15283.0,14339.0,15283.0
2021-06-04,Yes,Friday,12000.0,16011.0,15099.0,16011.0
2021-06-05,No,Saturday,12800.0,15570.0,14553.0,15570.0
2021-06-06,No,Sunday,13500.0,15748.0,14791.0,15748.0
2021-06-07,No,Monday,13200.0,15246.0,13980.0,15246.0
2021-06-08,No,Tuesday,11500.0,15420.0,14053.0,15420.0
2021-06-09,No,Wednesday,13000.0,15482.0,14466.0,15482.0
2021-06-10,No,Thursday,13500.0,15487.0,14491.0,15487.0
2021-06-11,Yes,Friday,12000.0,15511.0,14509.0,15511.0
2021-06-12,No,Saturday,13700.0,15539.0,14057.0,15539.0
2021-06-13,No,Sunday,13500.0,15227.0,14266.0,15227.0
2021-06-14,No,Monday,13000.0,14863.0,13887.0,14863.0
2021-06-15,No,Tuesday,13000.0,14854.0,13929.0,14854.0
2021-06-16,No,Wednesday,12800.0,14580.0,13615.0,14580.0
2021-06-17,No,Thursday,12000.0,14897.0,14012.0,14897.0
2021-06-18,Yes,Friday,11000.0,13960.0,13085.0,13960.0
2021-06-19,No,Saturday,12700.0,15411.0,14478.0,15411.0
2021-06-20,No,Sunday,11800.0,15190.0,14247.0,15190.0
2021-06-21,No,Monday,12900.0,15113.0,14187.0,15113.0
2021-06-22,No,Tuesday,12500.0,15299.0,13903.0,15299.0
2021-06-23,No,Wednesday,13000.0,15715.0,14655.0,15715.0
2021-06-24,No,Thursday,13200.0,15802.0,14828.0,15802.0
2021-06-25,Yes,Friday,11800.0,15711.0,14861.0,15711.0
2021-06-26,No,Saturday,12800.0,15598.0,14712.0,15598.0
2021-06-27,No,Sunday,13600.0,15612.0,14253.0,15612.0
2021-06-28,No,Monday,13400.0,15566.0,14366.0,15566.0
2021-06-29,No,Tuesday,13000.0,15524.0,14589.0,15524.0
2021-06-30,No,Wednesday,12800.0,15304.0,14476.0,15304.0
2021-07-01,No,Thursday,11500.0,15390.0,14650.0,15390.0
2021-07-02,Yes,Friday,11000.0,15193.0,14143.0,15193.0
2021-07-03,No,Saturday,12400.0,15430.0,14203.0,15430.0
2021-07-04,No,Sunday,12000.0,15507.0,14134.0,15507.0
2021-07-05,No,Monday,12500.0,15216.0,13869.0,15216.0
2021-07-06,No,Tuesday,13000.0,14980.0,13780.0,14980.0
2021-07-07,No,Wednesday,12600.0,14924.0,13739.0,14924.0
2021-07-08,No,Thursday,12000.0,15050.0,13849.0,15050.0
2021-07-09,Yes,Friday,11900.0,15105.0,13884.0,15105.0
2021-07-10,No,Saturday,12700.0,15299.0,14144.0,15299.0
2021-07-11,No,Sunday,13300.0,15385.0,14200.0,15385.0
2021-07-12,No,Monday,13500.0,15270.0,14163.0,15270.0
2021-07-13,No,Tuesday,13400.0,15331.0,14245.0,15331.0
2021-07-14,No,Wednesday,13000.0,15171.0,13980.0,15171.0
2021-07-15,No,Thursday,13700.0,15387.0,14095.0,15387.0
2021-07-16,Yes,Friday,12800.0,15407.0,14606.0,15407.0
2021-07-17,No,Saturday,13300.0,15427.0,14484.0,15427.0
2021-07-18,No,Sunday,13300.0,15478.0,14535.0,15478.0
2021-07-19,No,Monday,13000.0,14920.0,13967.0,14920.0
2021-07-20,No,Tuesday,10600.0,15283.0,14087.0,15283.0
2021-07-21,No,Wednesday,11500.0,14844.0,13814.0,14844.0
2021-07-22,No,Thursday,11500.0,14542.0,13512.0,14542.0
2021-07-23,Yes,Friday,12700.0,15144.0,14308.0,15144.0
2021-07-24,No,Saturday,12800.0,15185.0,14325.0,15185.0
2021-07-25,No,Sunday,11500.0,15089.0,14225.0,15089.0
2021-07-26,No,Monday,12200.0,15180.0,14290.0,15180.0
2021-07-27,No,Tuesday,11500.0,15430.0,14610.0,15430.0
2021-07-28,No,Wednesday,11000.0,14994.0,14147.0,14994.0
2021-07-29,No,Thursday,10000.0,14733.0,13962.0,14733.0
2021-07-30,Yes,Friday,9500.0,14813.0,14021.0,14813.0
2021-07-31,No,Saturday,11000.0,14980.0,14180.0,14980.0
2021-08-01,No,Sunday,12000.0,15220.0,14453.0,15220.0
2021-08-02,No,Monday,12000.0,14930.0,14106.0,14930.0
2021-08-03,No,Tuesday,13000.0,14863.0,14106.0,14863.0
2021-08-04,No,Wednesday,12400.0,14448.0,13784.0,14448.0
2021-08-05,No,Thursday,13000.0,14619.0,13980.0,14619.0
2021-08-06,Yes,Friday,11700.0,14744.0,14119.0,14744.0
2021-08-07,No,Saturday,12700.0,14902.0,14258.0,14902.0
2021-08-08,No,Sunday,13200.0,14931.0,14454.0,14931.0
2021-08-09,No,Monday,13000.0,14879.0,14060.0,14879.0
2021-08-10,No,Tuesday,13000.0,14879.0,14060.0,14879.0
2021-08-11,No,Wednesday,13000.0,14895.0,13821.0,14895.0
2021-08-12,No,Thursday,13000.0,14945.0,14310.0,14945.0
2021-08-13,Yes,Friday,12800.0,15044.0,14226.0,15044.0
2021-08-14,No,Saturday,12600.0,15200.0,14225.0,15200.0
2021-08-15,Yes,Sunday,12500.0,15185.0,14195.0,15185.0
2021-08-16,No,Monday,13200.0,15036.0,14084.0,15036.0
2021-08-17,No,Tuesday,13000.0,15255.0,14065.0,15255.0
2021-08-18,No,Wednesday,13100.0,15431.0,14417.0,15431.0
2021-08-19,No,Thursday,12800.0,14777.0,13818.0,14777.0
2021-08-20,Yes,Friday,12200.0,14924.0,13832.0,14924.0
2021-08-21,No,Saturday,12400.0,15250.0,14223.0,15250.0
2021-08-22,No,Sunday,13200.0,15255.0,14250.0,15255.0
2021-08-23,No,Monday,13500.0,14883.0,13914.0,14883.0
2021-08-24,No,Tuesday,13000.0,14679.0,13742.0,14679.0
2021-08-25,No,Wednesday,13300.0,14507.0,13615.0,14507.0
2021-08-26,No,Thursday,13000.0,14669.0,13746.0,14669.0
2021-08-27,Yes,Friday,12000.0,14432.0,13239.0,14432.0
2021-08-28,No,Saturday,13000.0,14448.0,13705.0,14448.0
2021-08-29,No,Sunday,13500.0,14423.0,13680.0,14423.0
2021-08-30,No,Monday,13000.0,14234.0,13490.0,14234.0
2021-08-31,No,Tuesday,13500.0,14241.0,13266.0,14241.0
2021-09-01,No,Wednesday,13500.0,14170.0,13308.0,14170.0
2021-09-02,No,Thursday,13300.0,14205.0,12863.0,14205.0
2021-09-03,Yes,Friday,12300.0,14311.0,13257.0,14311.0
2021-09-04,No,Saturday,13000.0,14697.0,13578.0,14697.0
2021-09-05,No,Sunday,13800.0,14592.0,13460.0,14592.0
2021-09-06,No,Monday,13800.0,14280.0,13186.0,14280.0
2021-09-07,No,Tuesday,13300.0,14395.0,13381.0,14395.0
2021-09-08,No,Wednesday,13500.0,14315.0,13409.0,14315.0
2021-09-09,No,Thursday,13500.0,14180.0,13370.0,14180.0
2021-09-10,Yes,Friday,12500.0,14238.0,13540.0,14238.0
2021-09-12,No,Sunday,13800.0,14720.0,13923.0,14720.0
2021-09-13,No,Monday,13800.0,14523.0,13749.0,14523.0
2021-09-14,No,Tuesday,13500.0,14230.0,13540.0,14230.0
2021-09-15,No,Wednesday,13400.0,14390.0,13675.0,14390.0
2021-09-16,No,Thursday,13500.0,14619.0,13842.0,14619.0
2021-09-17,Yes,Friday,12900.0,14721.0,13955.0,14721.0
2021-09-19,No,Sunday,13200.0,14618.0,13778.0,14618.0
2021-09-18,No,Saturday,12800.0,14577.0,13816.0,14577.0
2021-09-20,No,Monday,13300.0,14564.0,13756.0,14564.0
2021-09-21,No,Tuesday,13200.0,14620.0,13803.0,14620.0
2021-09-22,No,Wednesday,13200.0,14842.0,13995.0,14842.0
2021-09-23,No,Thursday,12700.0,14886.0,14073.0,14886.0
2021-09-24,Yes,Friday,12500.0,14729.0,13744.0,14729.0
2021-09-25,No,Saturday,13200.0,14938.0,13987.0,14938.0
2021-09-26,No,Sunday,13300.0,14930.0,13988.0,14930.0
2021-09-27,No,Monday,13800.0,14894.0,13927.0,14894.0
2021-09-28,No,Tuesday,13200.0,14934.0,13740.0,14934.0
2021-09-29,No,Wednesday,13000.0,14840.0,13810.0,14840.0
2021-09-30,No,Thursday,13000.0,15149.0,14110.0,15149.0
2021-10-01,Yes,Friday,12800.0,14891.0,13866.0,14891.0
2021-10-02,No,Saturday,13000.0,14718.0,13587.0,14718.0
2021-10-03,No,Sunday,13800.0,14955.0,13901.0,14955.0
2021-10-04,No,Monday,13000.0,14830.0,13555.0,14830.0
2021-10-05,No,Tuesday,12500.0,14860.0,13846.0,14860.0
2021-10-06,No,Wednesday,12500.0,14505.0,13490.0,14505.0
2021-10-08,Yes,Friday,12200.0,14300.0,13219.0,14300.0
2021-10-09,No,Saturday,12800.0,14426.0,13298.0,14426.0
2021-10-09,No,Saturday,12800.0,14426.0,13298.0,14426.0
2021-10-07,No,Thursday,13000.0,14551.0,13415.0,14551.0
2021-10-11,No,Monday,13800.0,14081.0,13213.0,14081.0
2021-10-12,No,Tuesday,13800.0,14350.0,13362.0,14350.0
2021-10-13,No,Wednesday,13700.0,14215.0,13158.0,14215.0
2021-10-14,No,Thursday,13800.0,14618.0,13528.0,14618.0
2021-10-15,Yes,Friday,12900.0,14700.0,13614.0,14700.0
2021-10-16,No,Saturday,13500.0,14618.0,13466.0,14618.0
2021-10-17,No,Sunday,13600.0,14754.0,13550.0,14754.0
2021-10-18,No,Monday,12600.0,14762.0,13663.0,14762.0
2021-10-19,No,Tuesday,12000.0,14534.0,13457.0,14534.0
2021-10-20,No,Wednesday,11500.0,14569.0,13486.0,14569.0
2021-10-21,No,Thursday,12400.0,14579.0,13551.0,14579.0
2021-10-22,Yes,Friday,11000.0,14404.0,13367.0,14404.0
2021-10-23,No,Saturday,11500.0,14460.0,13375.0,14460.0
2021-10-24,No,Sunday,12600.0,14773.0,13578.0,14773.0
2021-10-25,No,Monday,12000.0,15057.0,13898.0,15057.0
2021-09-26,No,Sunday,13300.0,14930.0,13988.0,14930.0
2021-10-27,No,Wednesday,12000.0,14687.0,13471.0,14687.0
2021-10-28,No,Thursday,12000.0,14684.0,13532.0,14684.0
2021-10-29,Yes,Friday,10700.0,14776.0,13488.0,14776.0
2021-10-30,No,Saturday,11700.0,14749.0,13595.0,14749.0
2021-10-31,No,Sunday,12000.0,14758.0,13495.0,14758.0
2021-11-01,No,Monday,11000.0,14872.0,13529.0,14872.0
2021-11-02,No,Tuesday,11000.0,15038.0,13635.0,15038.0
2021-11-03,No,Wednesday,10500.0,14571.0,13260.0,14571.0
2021-11-04,No,Thursday,10500.0,14362.0,12827.0,14362.0
2021-11-05,Yes,Friday,9600.0,14087.0,12831.0,14087.0
2021-11-06,No,Saturday,10300.0,14387.0,13043.0,14387.0
2021-11-07,No,Sunday,10400.0,14099.0,12797.0,14099.0
2021-11-08,No,Monday,10000.0,13765.0,12465.0,13765.0
2021-11-07,No,Sunday,10400.0,14099.0,12797.0,14099.0
2021-11-10,No,Wednesday,10500.0,14185.0,12709.0,14185.0
2021-11-11,No,Thursday,10500.0,14075.0,12659.0,14075.0
2021-11-13,No,Saturday,10500.0,14233.0,12741.0,14233.0
2021-11-12,Yes,Friday,10000.0,14434.0,12967.0,14434.0
2021-11-14,No,Sunday,9800.0,13624.0,12128.0,13624.0
2021-11-15,No,Monday,9300.0,13663.0,12163.0,13663.0
2021-11-16,No,Tuesday,9800.0,13864.0,12318.0,13864.0
2021-11-17,No,Wednesday,9700.0,13953.0,12450.0,13953.0
2021-11-18,No,Thursday,9900.0,14353.0,12870.0,14353.0
2021-11-19,Yes,Friday,9000.0,14484.0,12888.0,14484.0
2021-11-20,No,Saturday,9200.0,14514.0,12993.0,14514.0
2021-11-21,No,Sunday,10200.0,14618.0,13106.0,14618.0
2021-11-22,No,Monday,9700.0,14263.0,12837.0,14263.0
2021-11-23,No,Tuesday,10000.0,13720.0,12350.0,13720.0
2021-11-24,No,Wednesday,10300.0,13553.0,12259.0,13553.0
2021-11-25,No,Thursday,9900.0,13615.0,12387.0,13615.0
2021-11-26,Yes,Friday,9000.0,13209.0,11810.0,13209.0
2021-11-27,No,Saturday,8800.0,13207.0,11913.0,13207.0
2021-11-28,No,Sunday,9700.0,13218.0,11925.0,13218.0
2021-11-29,No,Monday,9300.0,13301.0,11868.0,13301.0
2021-11-30,No,Tuesday,9300.0,13923.0,12509.0,13923.0
2021-12-01,No,Wednesday,9600.0,13760.0,12330.0,13760.0
2021-12-02,No,Thursday,9700.0,13781.0,12492.0,13781.0
2021-12-03,Yes,Friday,9000.0,12380.0,11040.0,12380.0
2021-12-04,No,Saturday,9000.0,12415.0,11140.0,12415.0
2021-12-05,No,Sunday,9600.0,12926.0,11581.0,12926.0
2021-12-06,No,Monday,9500.0,13078.0,11755.0,13078.0
2021-12-07,No,Tuesday,9200.0,13171.0,11795.0,13171.0
2021-12-08,No,Wednesday,9700.0,13060.0,11700.0,13060.0
2021-12-09,No,Thursday,9700.0,13400.0,11950.0,13400.0
2021-12-10,Yes,Friday,8500.0,12992.0,11559.0,12992.0
2021-12-11,No,Saturday,9000.0,13484.0,12096.0,13484.0
2021-12-12,No,Sunday,9800.0,12980.0,11640.0,12980.0
2021-12-13,No,Monday,9600.0,13104.0,11768.0,13104.0
2021-12-14,No,Tuesday,9600.0,13176.0,11842.0,13176.0
2021-12-15,No,Wednesday,9200.0,13042.0,11355.0,13042.0
2021-12-16,No,Thursday,8600.0,13138.0,11807.0,13138.0
2021-12-17,Yes,Friday,8300.0,12792.0,11456.0,12792.0
2021-12-18,No,Saturday,9100.0,13055.0,11721.0,13055.0
2021-12-19,No,Sunday,9300.0,13282.0,11962.0,13282.0
2021-12-20,No,Monday,9200.0,12929.0,11731.0,12929.0
2021-12-21,No,Tuesday,9200.0,12966.0,11600.0,12966.0
2021-12-22,No,Wednesday,9500.0,13080.0,11720.0,13080.0
2021-12-23,No,Thursday,9400.0,12470.0,11075.0,12470.0
2021-12-24,Yes,Friday,8300.0,12635.0,11262.0,12635.0
2021-12-25,No,Saturday,9200.0,13034.0,11796.0,13034.0
2021-12-26,No,Sunday,9500.0,13215.0,11778.0,13215.0
2021-12-27,No,Monday,9800.0,12950.0,11613.0,12950.0
2021-12-28,No,Tuesday,9800.0,12361.0,11433.0,12361.0
2021-12-29,No,Wednesday,9500.0,12253.0,11383.0,12253.0
2021-12-30,No,Thursday,9500.0,12076.0,10918.0,12076.0
2021-12-31,Yes,Friday,8500.0,12355.0,11219.0,12355.0
2022-01-01,No,Saturday,9200.0,12422.0,11496.0,12422.0
2022-01-02,No,Sunday,9600.0,12090.0,11165.0,12090.0
2022-01-03,No,Monday,9300.0,11967.0,11052.0,11967.0
2022-01-04,No,Tuesday,9300.0,11982.0,11089.0,11982.0
2022-01-05,No,Wednesday,9500.0,12501.0,11458.0,12501.0
2022-01-06,No,Thursday,9500.0,12473.0,11582.0,12473.0
2022-01-07,Yes,Friday,8500.0,12210.0,11240.0,12210.0
2022-01-08,No,Saturday,9200.0,12061.0,11197.0,12061.0
2022-01-09,No,Sunday,9800.0,11677.0,10881.0,11677.0
2022-01-10,No,Monday,9600.0,11907.0,11116.0,11907.0
2022-01-11,No,Tuesday,9900.0,11767.0,10930.0,11767.0
2022-01-12,No,Wednesday,9850.0,11250.0,10255.0,11250.0
2022-01-13,No,Thursday,9900.0,11511.0,10606.0,11511.0
2022-01-14,Yes,Friday,8600.0,11767.0,10929.0,11767.0
2022-01-15,No,Saturday,9300.0,12072.0,11266.0,12072.0
2022-01-16,No,Sunday,9800.0,12077.0,11399.0,12077.0
2022-01-17,No,Monday,9900.0,11965.0,11290.0,11965.0
2022-01-18,No,Tuesday,9900.0,12165.0,11514.0,12165.0
2022-01-19,No,Wednesday,10000.0,12186.0,11530.0,12186.0
2022-01-20,No,Thursday,10000.0,12255.0,11590.0,12255.0
2022-01-21,Yes,Friday,8800.0,12375.0,11635.0,12375.0
2022-01-22,No,Saturday,9800.0,12470.0,11750.0,12470.0
2022-01-23,No,Sunday,9750.0,12030.0,11383.0,12030.0
2022-01-24,No,Monday,9800.0,12107.0,11469.0,12107.0
2022-01-25,No,Tuesday,10000.0,12117.0,11489.0,12117.0
2022-01-26,No,Wednesday,10200.0,12076.0,11408.0,12076.0
2022-01-27,No,Thursday,10200.0,12140.0,11320.0,12140.0
2022-01-28,Yes,Friday,8800.0,12218.0,11423.0,12218.0
2022-01-29,No,Saturday,9800.0,12341.0,11516.0,12341.0
2022-01-30,No,Sunday,10200.0,12401.0,11577.0,12401.0
2022-01-31,No,Monday,10000.0,11955.0,11220.0,11955.0
2022-02-01,No,Tuesday,10000.0,12010.0,11235.0,12010.0
2022-02-02,No,Wednesday,10000.0,11752.0,11112.0,11752.0
2022-02-03,No,Thursday,10200.0,12204.0,11511.0,12204.0
2022-02-04,Yes,Friday,8500.0,12447.0,11754.0,12447.0
2022-02-05,No,Saturday,9100.0,12484.0,11706.0,12484.0
2022-02-06,No,Sunday,10000.0,12677.0,11852.0,12677.0
2022-02-07,No,Monday,9700.0,12267.0,11460.0,12267.0
2022-02-08,No,Tuesday,9800.0,12674.0,11967.0,12674.0
2022-02-09,No,Wednesday,10000.0,12649.0,11980.0,12649.0
2022-02-10,No,Thursday,9800.0,12445.0,11840.0,12445.0
2022-02-11,Yes,Friday,9500.0,12580.0,11870.0,12580.0
2022-02-12,No,Saturday,9600.0,12787.0,12051.0,12787.0
2022-02-13,No,Sunday,10300.0,12595.0,11879.0,12595.0
2022-02-14,No,Monday,10000.0,12576.0,12018.0,12576.0
2022-02-15,No,Tuesday,10000.0,12387.0,11493.0,12387.0
2022-02-16,No,Wednesday,10250.0,12369.0,11871.0,12369.0
2022-02-17,No,Thursday,10000.0,12526.0,12030.0,12526.0
2022-02-18,Yes,Friday,9000.0,12423.0,11920.0,12423.0
2022-02-19,No,Saturday,10100.0,12656.0,11928.0,12656.0
2022-02-20,No,Sunday,10600.0,12703.0,12064.0,12703.0
2022-02-21,No,Monday,9200.0,12555.0,11888.0,12555.0
2022-02-22,No,Tuesday,10100.0,12170.0,11538.0,12170.0
2022-02-23,No,Wednesday,10100.0,12218.0,11722.0,12218.0
2022-02-24,No,Thursday,10500.0,12650.0,12050.0,12650.0
2022-02-25,Yes,Friday,9300.0,12248.0,11728.0,12248.0
2022-02-26,No,Saturday,10400.0,12615.0,11850.0,12615.0
2022-02-27,No,Sunday,10500.0,12431.0,11839.0,12431.0
2022-02-28,No,Monday,10400.0,12463.0,11896.0,12463.0
2022-03-01,No,Tuesday,11000.0,12562.0,11982.0,12562.0
2022-03-02,No,Wednesday,10900.0,12512.0,12017.0,12512.0
2022-03-03,No,Thursday,10800.0,12360.0,11775.0,12360.0
2022-03-04,Yes,Friday,10000.0,12360.0,11959.0,12360.0
2022-03-05,No,Saturday,10500.0,12720.0,12042.0,12720.0
2022-03-06,No,Sunday,11400.0,12790.0,12246.0,12790.0
2022-03-07,No,Monday,11500.0,13494.0,12884.0,13494.0
2022-03-08,No,Tuesday,11700.0,13340.0,12645.0,13340.0
2022-03-09,No,Wednesday,12000.0,13480.0,12816.0,13480.0
2022-03-10,No,Thursday,12000.0,13488.0,12882.0,13488.0
2022-03-11,Yes,Friday,11000.0,13053.0,12478.0,13053.0
2022-03-12,No,Saturday,11100.0,12984.0,12545.0,12984.0
2022-03-13,No,Sunday,12500.0,13132.0,12691.0,13132.0
2022-03-14,No,Monday,12400.0,13055.0,12499.0,13055.0
2022-03-15,No,Tuesday,12100.0,12391.0,11916.0,12391.0
2022-03-16,No,Wednesday,12300.0,12903.0,12313.0,12903.0
2022-03-17,No,Thursday,12400.0,13674.0,13217.0,13674.0
2022-03-18,Yes,Friday,12000.0,13600.0,13036.0,13600.0
2022-03-19,No,Saturday,11500.0,14043.0,13272.0,14043.0
2022-03-20,No,Sunday,12900.0,13987.0,13558.0,13987.0
2022-03-21,No,Monday,13300.0,14062.0,13549.0,14062.0
2022-03-22,No,Tuesday,13500.0,14017.0,13459.0,14017.0
2022-03-23,No,Wednesday,13500.0,13755.0,13165.0,13755.0
2022-03-24,No,Thursday,13800.0,13801.0,13249.0,13801.0
2022-03-25,Yes,Friday,12600.0,13846.0,13156.0,13846.0
2022-03-26,No,Saturday,12600.0,13901.0,13305.0,13901.0
2022-03-27,No,Sunday,13800.0,14495.0,13784.0,14495.0
2022-03-28,No,Monday,13600.0,14685.0,14040.0,14685.0
2022-03-29,No,Tuesday,13400.0,14525.0,13910.0,14525.0
2022-03-31,No,Thursday,13500.0,14815.0,13891.0,14815.0
2022-03-30,No,Wednesday,13400.0,14560.0,13898.0,14560.0
2022-04-01,Yes,Friday,12900.0,14912.0,14042.0,14912.0
2022-04-02,No,Saturday,13000.0,14682.0,14005.0,14682.0
2022-04-03,No,Sunday,13800.0,13854.0,13060.0,13854.0
2022-04-04,No,Monday,14300.0,13695.0,12806.0,13695.0
2022-04-05,No,Tuesday,14600.0,14048.0,13130.0,14048.0
2022-04-06,No,Wednesday,14600.0,14251.0,13332.0,14251.0
2022-04-07,No,Thursday,14400.0,14490.0,13675.0,14490.0
2022-04-08,Yes,Friday,13600.0,14781.0,14058.0,14781.0
2022-04-09,No,Saturday,14500.0,14631.0,13582.0,14631.0
2022-04-10,No,Sunday,14500.0,14751.0,13732.0,14751.0
2022-04-11,No,Monday,14200.0,15196.0,14434.0,15196.0
2022-04-12,No,Tuesday,14200.0,15460.0,14690.0,15460.0
2022-04-13,No,Wednesday,14600.0,15309.0,14379.0,15309.0
2022-04-14,Yes,Thursday,14000.0,15487.0,15010.0,15487.0
2022-04-15,Yes,Friday,13800.0,15498.0,14607.0,15498.0
2022-04-16,No,Saturday,14500.0,15493.0,14960.0,15493.0
2022-04-17,No,Sunday,15000.0,15740.0,15050.0,15740.0
2022-04-18,No,Monday,14700.0,15150.0,14453.0,15150.0
2022-04-19,No,Tuesday,14800.0,14933.0,14422.0,14933.0
2022-04-20,No,Wednesday,13000.0,15380.0,14975.0,15380.0
2022-04-21,No,Thursday,14000.0,15431.0,14947.0,15431.0
2022-04-22,Yes,Friday,13000.0,15340.0,14590.0,15340.0
2022-04-23,No,Saturday,12000.0,15004.0,14594.0,15004.0
2022-04-24,No,Sunday,14600.0,15121.0,14982.0,15121.0
2022-04-25,No,Monday,14800.0,14981.0,14758.0,14981.0
2022-04-26,No,Tuesday,15200.0,15542.0,15359.0,15542.0
2022-04-27,No,Wednesday,14800.0,15536.0,15296.0,15536.0
2022-04-30,No,Saturday,14000.0,15410.0,14624.0,15410.0
2022-04-28,No,Thursday,14600.0,15547.0,15116.0,15547.0
2022-04-29,Yes,Friday,13700.0,15495.0,15258.0,15495.0
2022-05-01,No,Sunday,12000.0,15821.0,14850.0,15821.0
2022-05-02,No,Monday,12300.0,15746.0,14863.0,15746.0
2022-05-03,No,Tuesday,9200.0,15361.0,14050.0,15361.0
2022-05-04,No,Wednesday,8200.0,14787.0,13427.0,14787.0
2022-05-05,No,Thursday,11200.0,15239.0,14302.0,15239.0
2022-05-06,Yes,Friday,12000.0,16197.0,15065.0,16197.0
2022-05-07,No,Saturday,12000.0,16170.0,15230.0,16170.0
2022-05-08,No,Sunday,13000.0,16205.0,15646.0,16205.0
2022-05-09,No,Monday,12900.0,15559.0,14958.0,15559.0
2022-05-10,No,Tuesday,12500.0,15324.0,14762.0,15324.0
2022-05-11,No,Wednesday,12500.0,15406.0,14943.0,15406.0
2022-05-12,No,Thursday,12900.0,15995.0,15370.0,15995.0
2022-05-13,Yes,Friday,12300.0,15408.0,14828.0,15408.0
2022-05-14,No,Saturday,12900.0,15291.0,14717.0,15291.0
2022-05-15,No,Sunday,13500.0,15420.0,14814.0,15420.0
2022-05-16,No,Monday,14000.0,15519.0,14851.0,15519.0
2022-05-17,No,Tuesday,14000.0,15063.0,14493.0,15063.0
2022-05-18,No,Wednesday,14000.0,15066.0,14332.0,15066.0
2022-05-19,No,Thursday,14000.0,15331.0,14878.0,15331.0
2022-05-20,Yes,Friday,12700.0,15307.0,14760.0,15307.0
2022-05-21,No,Saturday,12000.0,15250.0,13950.0,15250.0
2022-05-22,No,Sunday,13500.0,14978.0,14372.0,14978.0
2022-05-23,No,Monday,14000.0,14732.0,14133.0,14732.0
2022-05-24,No,Tuesday,14200.0,14668.0,13568.0,14668.0
2022-05-25,No,Wednesday,14100.0,14762.0,13890.0,14762.0
2022-05-26,No,Thursday,14000.0,14906.0,13895.0,14906.0
2022-05-27,Yes,Friday,12500.0,14782.0,13648.0,14782.0
2022-05-28,No,Saturday,13800.0,14559.0,13675.0,14559.0
2022-05-29,No,Sunday,13800.0,14964.0,13857.0,14964.0
2022-05-30,No,Monday,14000.0,14808.0,13831.0,14808.0
2022-05-31,No,Tuesday,14000.0,15367.0,14353.0,15367.0
2022-06-01,No,Wednesday,14000.0,14953.0,13869.0,14953.0
2022-06-02,No,Thursday,13900.0,14994.0,13923.0,14994.0
2022-06-03,Yes,Friday,12500.0,15128.0,14108.0,15128.0
2022-06-04,No,Saturday,14100.0,15274.0,14235.0,15274.0
2022-06-05,No,Sunday,14000.0,15361.0,13861.0,15361.0
2022-06-06,No,Monday,14200.0,15151.0,14349.0,15151.0
2022-06-07,No,Tuesday,13900.0,14057.0,13516.0,14057.0
2022-06-08,No,Wednesday,13934.0,14381.0,13492.0,14381.0
2022-06-09,No,Thursday,13500.0,14376.0,13866.0,14376.0
2022-06-10,Yes,Friday,12700.0,14349.0,13841.0,14349.0
2022-06-11,No,Saturday,13600.0,14763.0,14082.0,14763.0
2022-06-12,No,Sunday,14400.0,14510.0,13770.0,14510.0
2022-06-13,No,Monday,14200.0,14215.0,13473.0,14215.0
2022-06-14,No,Tuesday,14100.0,14181.0,12536.0,14181.0
2022-06-15,No,Wednesday,14000.0,14134.0,12634.0,14134.0
2022-06-16,No,Thursday,14000.0,14696.0,13032.0,14696.0
2022-06-17,Yes,Friday,11000.0,15096.0,13789.0,15096.0
2022-06-18,No,Saturday,12300.0,14919.0,13859.0,14919.0
2022-06-19,No,Sunday,13000.0,14916.0,13492.0,14916.0
2022-06-20,No,Monday,12700.0,14718.0,13358.0,14718.0
2022-06-21,No,Tuesday,13900.0,14787.0,13284.0,14787.0
2022-06-22,No,Wednesday,13200.0,14693.0,13470.0,14693.0
2022-06-23,No,Thursday,13500.0,14681.0,13415.0,14681.0
2022-06-24,Yes,Friday,12800.0,14967.0,13559.0,14967.0
2022-06-25,No,Saturday,13500.0,15039.0,13579.0,15039.0
2022-06-26,No,Sunday,14000.0,14920.0,13380.0,14920.0
2022-06-27,No,Monday,13900.0,14960.0,13649.0,14960.0
2022-06-28,No,Tuesday,14100.0,14755.0,13502.0,14755.0
2022-06-29,No,Wednesday,14000.0,14811.0,13472.0,14811.0
2022-06-30,No,Thursday,13900.0,14241.0,13013.0,14241.0
2022-07-01,Yes,Friday,13000.0,14025.0,12705.0,14025.0
2022-07-02,No,Saturday,13800.0,13792.0,12419.0,13792.0
2022-07-03,No,Sunday,14250.0,13440.0,12771.0,13440.0
2022-07-04,No,Monday,14000.0,12818.0,11761.0,12818.0
2022-07-05,No,Tuesday,14000.0,13070.0,11820.0,13070.0
2022-07-06,No,Wednesday,14000.0,13878.0,12823.0,13878.0
2022-07-07,No,Thursday,14000.0,14175.0,13048.0,14175.0
2022-07-08,Yes,Friday,12500.0,14002.0,12681.0,14002.0
2022-07-09,No,Saturday,12500.0,14230.0,12825.0,14230.0
2022-07-10,No,Sunday,11500.0,14873.0,13311.0,14873.0
2022-07-11,No,Monday,12800.0,14080.0,12525.0,14080.0
2022-07-12,No,Tuesday,12500.0,14255.0,12630.0,14255.0
2022-07-13,No,Wednesday,13000.0,15107.0,13431.0,15107.0
2022-07-14,No,Thursday,12800.0,15416.0,13358.0,15416.0
2022-07-15,Yes,Friday,12900.0,15811.0,13891.0,15811.0
2022-07-16,No,Saturday,13600.0,15730.0,14190.0,15730.0
2022-07-17,No,Sunday,14600.0,15251.0,13928.0,15251.0
2022-07-18,No,Monday,14500.0,14919.0,13309.0,14919.0
2022-07-19,No,Tuesday,14400.0,12482.0,11813.0,12482.0
2022-07-20,No,Wednesday,14200.0,12051.0,11520.0,12051.0
2022-07-21,No,Thursday,14200.0,12570.0,11640.0,12570.0
2022-07-22,Yes,Friday,12900.0,12635.0,11407.0,12635.0
2022-07-23,No,Saturday,14000.0,12758.0,11405.0,12758.0
2022-07-24,No,Sunday,14000.0,12313.0,11242.0,12313.0
2022-07-25,No,Monday,14000.0,11831.0,10664.0,11831.0
2022-07-26,No,Tuesday,13850.0,11810.0,10660.0,11810.0
2022-07-27,No,Wednesday,14400.0,11965.0,10696.0,11965.0
2022-07-28,No,Thursday,14000.0,12876.0,10912.0,12876.0
2022-07-29,Yes,Friday,12800.0,12994.0,11299.0,12994.0
2022-07-30,No,Saturday,13800.0,13105.0,11240.0,13105.0
2022-07-31,No,Sunday,14000.0,12935.0,11040.0,12935.0
2022-08-01,No,Monday,14000.0,12700.0,10934.0,12700.0
2022-08-02,No,Tuesday,13900.0,12898.0,11054.0,12898.0
2022-08-03,No,Wednesday,14000.0,12982.0,11315.0,12982.0
2022-08-04,No,Thursday,14000.0,12591.0,11106.0,12591.0
2022-08-05,Yes,Friday,13000.0,12580.0,10700.0,12580.0
2022-08-06,No,Saturday,13800.0,12778.0,10893.0,12778.0
2022-08-07,No,Sunday,14000.0,12380.0,10523.0,12380.0
2022-08-07,No,Sunday,14200.0,13539.0,11730.0,13539.0
2022-08-09,No,Tuesday,13600.0,13615.0,11360.0,13615.0
2022-08-10,No,Wednesday,13800.0,13200.0,10805.0,13200.0
2022-08-11,No,Thursday,13800.0,13246.0,11033.0,13246.0
2022-08-12,Yes,Friday,14200.0,12925.0,10932.0,12925.0
2022-08-13,No,Saturday,14700.0,13314.0,11328.0,13314.0
2022-08-14,No,Sunday,14000.0,13590.0,11649.0,13590.0
2022-08-15,No,Monday,13600.0,13830.0,11470.0,13830.0
2022-08-16,No,Tuesday,14200.0,13950.0,11734.0,13950.0
2022-08-17,No,Wednesday,14300.0,13880.0,11905.0,13880.0
2022-08-18,No,Thursday,14000.0,14423.0,12292.0,14423.0
2022-08-19,Yes,Friday,13600.0,13613.0,11364.0,13613.0
2022-08-20,No,Saturday,14000.0,13826.0,11323.0,13826.0
2022-08-21,No,Sunday,14200.0,13638.0,11693.0,13638.0
2022-08-22,No,Monday,14300.0,13663.0,11683.0,13663.0
2022-08-23,No,Tuesday,14200.0,13737.0,11966.0,13737.0
2022-08-24,No,Wednesday,14200.0,14033.0,11760.0,14033.0
2022-08-25,No,Thursday,14100.0,14372.0,12678.0,14372.0
2022-08-26,Yes,Friday,13800.0,14405.0,12828.0,14405.0
2022-08-27,No,Saturday,14400.0,14555.0,12931.0,14555.0
2022-08-28,No,Sunday,14100.0,14186.0,12540.0,14186.0
2022-08-29,No,Monday,14200.0,13735.0,12329.0,13735.0
2022-08-30,No,Tuesday,14300.0,13664.0,12045.0,13664.0
2022-08-31,No,Wednesday,14800.0,13614.0,11728.0,13614.0
2022-09-01,No,Thursday,14700.0,14071.0,12100.0,14071.0
2022-09-02,Yes,Friday,14200.0,13967.0,12057.0,13967.0
2022-09-03,No,Saturday,14200.0,14460.0,12107.0,14460.0
2022-09-04,No,Sunday,13900.0,14301.0,11767.0,14301.0
2022-09-05,No,Monday,14200.0,14075.0,12171.0,14075.0
2022-09-06,No,Tuesday,13400.0,14114.0,12373.0,14114.0
2022-09-07,No,Wednesday,13800.0,13805.0,11945.0,13805.0
2022-09-08,No,Thursday,14200.0,13856.0,12097.0,13856.0
2022-09-09,Yes,Friday,13700.0,13445.0,11650.0,13445.0
2022-09-10,No,Saturday,13800.0,14009.0,12251.0,14009.0
2022-09-11,No,Sunday,13800.0,14127.0,12499.0,14127.0
2022-09-12,No,Monday,13300.0,14257.0,12070.0,14257.0
2022-09-13,No,Tuesday,12400.0,14085.0,12072.0,14085.0
2022-09-14,No,Wednesday,12500.0,14186.0,11881.0,14186.0
2022-09-15,No,Thursday,12600.0,14440.0,11925.0,14440.0
2022-09-16,Yes,Friday,12400.0,14283.0,11556.0,14283.0
2022-09-17,No,Saturday,13400.0,14561.0,11980.0,14561.0
2022-09-18,No,Sunday,14000.0,14011.0,11397.0,14011.0
2022-09-19,No,Monday,14000.0,13908.0,11985.0,13908.0
2022-09-20,No,Tuesday,14000.0,13785.0,11931.0,13785.0
2022-09-21,No,Wednesday,14200.0,13979.0,12176.0,13979.0
2022-09-22,No,Thursday,14200.0,14218.0,12481.0,14218.0
2022-09-23,Yes,Friday,13700.0,13273.0,11893.0,13273.0
2022-09-24,No,Saturday,14000.0,13467.0,11579.0,13467.0
2022-09-25,No,Sunday,14000.0,13016.0,11819.0,13016.0
2022-09-26,No,Monday,14200.0,13035.0,11854.0,13035.0
2022-09-27,No,Tuesday,14200.0,13368.0,12109.0,13368.0
2022-09-28,No,Wednesday,14300.0,13264.0,12103.0,13264.0
2022-09-29,No,Thursday,14400.0,13143.0,11723.0,13143.0
2022-09-30,Yes,Friday,13500.0,13501.0,11934.0,13501.0
2022-10-01,No,Saturday,14300.0,13585.0,12037.0,13585.0
2022-10-02,No,Sunday,13800.0,13187.0,11741.0,13187.0
2022-10-03,No,Monday,13600.0,12621.0,10581.0,12621.0
2022-10-04,No,Tuesday,13800.0,12370.0,10250.0,12370.0
2022-10-05,No,Wednesday,13000.0,12398.0,10114.0,12398.0
2022-10-06,No,Thursday,14000.0,12808.0,10638.0,12808.0
2022-10-07,Yes,Friday,13900.0,12889.0,11195.0,12889.0
2022-10-08,No,Saturday,13600.0,12435.0,9882.0,12435.0
2022-10-09,No,Sunday,13800.0,12925.0,10403.0,12925.0
2022-10-10,No,Monday,14200.0,12686.0,10643.0,12686.0
2022-10-11,No,Tuesday,14200.0,12867.0,10781.0,12867.0
2022-10-12,No,Wednesday,14200.0,12637.0,10525.0,12637.0
2022-10-13,No,Thursday,12800.0,12962.0,11104.0,12962.0
2022-10-14,Yes,Friday,13200.0,12880.0,10715.0,12880.0
2022-10-15,No,Saturday,13500.0,12813.0,10370.0,12813.0
2022-10-16,No,Sunday,13800.0,12688.0,10456.0,12688.0
2022-10-17,No,Monday,13700.0,12480.0,10391.0,12480.0
2022-10-18,No,Tuesday,13800.0,12560.0,10315.0,12560.0
2022-10-19,No,Wednesday,13800.0,12325.0,10405.0,12325.0
2022-10-20,No,Thursday,13800.0,12761.0,10803.0,12761.0
2022-10-21,Yes,Friday,12700.0,12516.0,10298.0,12516.0
2022-10-22,No,Saturday,13300.0,12787.0,10325.0,12787.0
2022-10-23,No,Sunday,13500.0,12380.0,9966.0,12380.0
2022-10-24,No,Monday,8500.0,11815.0,9397.0,11815.0
2022-10-25,No,Tuesday,11000.0,11962.0,8842.0,11962.0
2022-10-26,No,Wednesday,12900.0,12433.0,9827.0,12433.0
2022-10-27,No,Thursday,13200.0,12531.0,10210.0,12531.0
2022-10-28,Yes,Friday,11000.0,11915.0,9918.0,11915.0
2022-10-29,No,Saturday,11000.0,12002.0,9929.0,12002.0
2022-10-30,No,Sunday,12800.0,11892.0,9879.0,11892.0
2022-10-31,No,Monday,11800.0,11849.0,10226.0,11849.0
2022-11-01,No,Tuesday,12400.0,12088.0,10426.0,12088.0
2022-11-02,No,Wednesday,12500.0,12164.0,10398.0,12164.0
2022-11-03,No,Thursday,12600.0,12140.0,10125.0,12140.0
2022-11-04,Yes,Friday,11000.0,12211.0,10058.0,12211.0
2022-11-05,No,Saturday,11800.0,12166.0,9602.0,12166.0
2022-11-06,No,Sunday,12400.0,12188.0,9531.0,12188.0
2022-11-07,No,Monday,11600.0,11971.0,9607.0,11971.0
2022-11-08,No,Tuesday,11800.0,11840.0,9800.0,11840.0
2022-11-09,No,Wednesday,11500.0,11731.0,10300.0,11731.0
2022-11-10,No,Thursday,11300.0,11562.0,10189.0,11562.0
2022-11-11,Yes,Friday,10800.0,11942.0,10297.0,11942.0
2022-11-12,No,Saturday,11000.0,11930.0,10141.0,11930.0
2022-11-13,No,Sunday,11400.0,11530.0,9740.0,11530.0
2022-11-14,No,Monday,11200.0,11284.0,9839.0,11284.0
2022-11-15,No,Tuesday,10800.0,11340.0,9707.0,11340.0
2022-11-16,No,Wednesday,10800.0,11903.0,10230.0,11903.0
2022-11-17,No,Thursday,10700.0,11360.0,9781.0,11360.0
2022-11-18,Yes,Friday,10200.0,11340.0,9750.0,11340.0
2022-11-19,No,Saturday,10800.0,11136.0,9280.0,11136.0
2022-11-20,No,Sunday,10900.0,11775.0,10075.0,11775.0
2022-11-21,No,Monday,10800.0,11678.0,10134.0,11678.0
2022-11-22,No,Tuesday,10800.0,11313.0,9716.0,11313.0
2022-11-23,No,Wednesday,10800.0,11217.0,9506.0,11217.0
2022-11-24,No,Thursday,10500.0,11106.0,9438.0,11106.0
2022-11-25,Yes,Friday,10200.0,10688.0,8783.0,10688.0
2022-11-26,No,Saturday,10000.0,10923.0,8924.0,10923.0
2022-11-27,No,Sunday,10500.0,10935.0,8941.0,10935.0
2022-11-28,No,Monday,10200.0,10491.0,8678.0,10491.0
2022-11-29,No,Tuesday,10400.0,10638.0,8841.0,10638.0
2022-11-30,No,Wednesday,10500.0,11201.0,9397.0,11201.0
2022-12-01,No,Thursday,10500.0,11784.0,9737.0,11784.0
2022-12-02,Yes,Friday,10000.0,11321.0,8510.0,11321.0
2022-12-03,No,Saturday,10000.0,11691.0,9091.0,11691.0
2022-12-04,No,Sunday,10500.0,11914.0,9393.0,11914.0
2022-12-05,No,Monday,10200.0,11907.0,9236.0,11907.0
2022-12-06,No,Tuesday,10200.0,11199.0,8982.0,11199.0
2022-12-07,No,Wednesday,10200.0,11112.0,8814.0,11112.0
2022-12-08,No,Thursday,10200.0,11061.0,8804.0,11061.0
2022-12-09,Yes,Friday,9300.0,11281.0,9054.0,11281.0
2022-12-10,No,Saturday,9700.0,11461.0,9146.0,11461.0
2022-12-11,No,Sunday,10200.0,11345.0,8939.0,11345.0
2022-12-12,No,Monday,10000.0,11234.0,8894.0,11234.0
2022-12-13,No,Tuesday,10100.0,11312.0,8944.0,11312.0
2022-12-14,No,Wednesday,10000.0,11389.0,8887.0,11389.0
2022-12-15,No,Thursday,10000.0,11242.0,8854.0,11242.0
2022-12-16,Yes,Friday,9000.0,11234.0,8568.0,11234.0
2022-12-17,No,Saturday,9900.0,10962.0,8561.0,10962.0
2022-12-18,No,Sunday,10200.0,11117.0,8479.0,11117.0
2022-12-19,No,Monday,10200.0,10974.0,8369.0,10974.0
2022-12-20,No,Tuesday,10000.0,10952.0,8600.0,10952.0
2022-12-21,No,Wednesday,9900.0,11313.0,8888.0,11313.0
2022-12-22,No,Thursday,9800.0,10911.0,8770.0,10911.0
2022-12-23,Yes,Friday,8500.0,10806.0,8615.0,10806.0
2022-12-24,No,Saturday,9500.0,10209.0,8000.0,10209.0
2022-12-25,No,Sunday,10000.0,10602.0,8373.0,10602.0
2022-12-26,No,Monday,10000.0,10432.0,8144.0,10432.0
2022-12-27,No,Tuesday,9800.0,10484.0,8180.0,10484.0
2022-12-28,No,Wednesday,9900.0,10343.0,8709.0,10343.0
2022-12-29,No,Thursday,9800.0,10255.0,8562.0,10255.0
2022-12-30,Yes,Friday,8700.0,10199.0,7966.0,10199.0
2022-12-31,No,Saturday,9500.0,10244.0,8257.0,10244.0
2023-01-01,No,Sunday,9900.0,10512.0,8463.0,10512.0
2023-01-02,No,Monday,9800.0,10145.0,8553.0,10145.0
2023-01-03,No,Tuesday,9800.0,10061.0,8508.0,10061.0
2023-01-04,No,Wednesday,10200.0,10746.0,9144.0,10746.0
2023-01-05,No,Thursday,9900.0,10902.0,8844.0,10902.0
2023-01-06,Yes,Friday,9300.0,10681.0,8568.0,10681.0
2023-01-07,No,Saturday,9300.0,10460.0,8475.0,10460.0
2023-01-08,No,Sunday,10000.0,9879.0,8691.0,9879.0
2023-01-09,No,Monday,10200.0,9482.0,8279.0,9482.0
2023-01-10,No,Tuesday,10100.0,10174.0,8571.0,10174.0
2023-01-11,No,Wednesday,10300.0,10421.0,8758.0,10421.0
2023-01-12,No,Thursday,10300.0,10300.0,8933.0,10300.0
2023-01-13,Yes,Friday,9000.0,10418.0,9481.0,10418.0
2023-01-14,No,Saturday,9700.0,9917.0,8620.0,9917.0
2023-01-15,No,Sunday,10300.0,9673.0,8926.0,9673.0
2023-01-16,No,Monday,10100.0,9640.0,8659.0,9640.0
2023-01-17,No,Tuesday,10200.0,9565.0,8428.0,9565.0
2023-01-18,No,Wednesday,10300.0,9629.0,8166.0,9629.0
2023-01-19,No,Thursday,10200.0,10004.0,8761.0,10004.0
2023-01-20,Yes,Friday,9500.0,9707.0,8521.0,9707.0
2023-01-21,No,Saturday,9800.0,9837.0,8803.0,9837.0
2023-01-22,No,Sunday,10000.0,9675.0,8634.0,9675.0
2023-01-23,No,Monday,10200.0,9932.0,8934.0,9932.0
2023-01-25,No,Wednesday,10300.0,10703.0,9320.0,10703.0
2023-01-26,No,Thursday,10300.0,10300.0,9005.0,10300.0
2023-01-27,Yes,Friday,10300.0,10398.0,8832.0,10398.0
2023-01-28,No,Saturday,10000.0,10184.0,9064.0,10184.0
2023-01-29,No,Sunday,10300.0,10482.0,9198.0,10482.0
2023-01-30,No,Monday,10500.0,10855.0,9536.0,10855.0
2023-01-31,No,Tuesday,10500.0,10834.0,9568.0,10834.0
2023-02-01,No,Wednesday,10500.0,10873.0,9632.0,10873.0
2023-02-02,No,Thursday,10500.0,10824.0,9681.0,10824.0
2023-02-03,Yes,Friday,10000.0,10899.0,9147.0,10899.0
2023-02-04,No,Saturday,10300.0,11263.0,9814.0,11263.0
2023-02-05,No,Sunday,10700.0,10945.0,9645.0,10945.0
2023-02-06,No,Monday,10700.0,11092.0,9538.0,11092.0
2023-02-07,No,Tuesday,10500.0,10958.0,9149.0,10958.0
2023-02-08,No,Wednesday,10600.0,11210.0,9727.0,11210.0
2023-02-09,No,Thursday,10600.0,11158.0,9639.0,11158.0
2023-02-10,Yes,Friday,10000.0,10660.0,9043.0,10660.0
2023-02-11,No,Saturday,10300.0,10449.0,8954.0,10449.0
2023-02-12,No,Sunday,10800.0,10651.0,8914.0,10651.0
2023-02-13,No,Monday,10750.0,10888.0,9352.0,10888.0
2023-02-14,No,Tuesday,10700.0,11157.0,9685.0,11157.0
2023-02-15,No,Wednesday,10750.0,10862.0,9458.0,10862.0
2023-02-16,No,Thursday,10850.0,11396.0,9758.0,11396.0
2023-02-17,Yes,Friday,10000.0,10924.0,9488.0,10924.0
2023-02-18,No,Saturday,10500.0,11199.0,9569.0,11199.0
2023-02-19,No,Sunday,10800.0,11440.0,9933.0,11440.0
2023-02-20,No,Monday,11000.0,11241.0,9809.0,11241.0
2023-02-21,No,Tuesday,10500.0,10898.0,8972.0,10898.0
2023-02-22,No,Wednesday,11000.0,10763.0,9397.0,10763.0
2023-02-23,No,Thursday,11500.0,12233.0,10629.0,12233.0
2023-02-24,Yes,Friday,10800.0,12378.0,10883.0,12378.0
2023-02-25,No,Saturday,11100.0,11525.0,10166.0,11525.0
2023-02-26,No,Sunday,11900.0,11975.0,10330.0,11975.0
2023-02-27,No,Monday,11700.0,12664.0,10627.0,12664.0
2023-02-28,No,Tuesday,11800.0,12821.0,10818.0,12821.0
2023-03-01,No,Wednesday,11800.0,13269.0,11329.0,13269.0
2023-03-02,No,Thursday,12000.0,12785.0,10476.0,12785.0
2023-03-03,Yes,Friday,11000.0,12700.0,10390.0,12700.0
2023-03-04,No,Saturday,11800.0,13134.0,11579.0,13134.0
2023-03-05,No,Sunday,12400.0,13367.0,11825.0,13367.0
2023-03-07,No,Tuesday,12700.0,13058.0,11192.0,13058.0
2023-03-06,No,Monday,12500.0,12936.0,11223.0,12936.0
2023-03-08,No,Wednesday,12000.0,13507.0,11312.0,13507.0
2023-03-09,No,Thursday,12600.0,13729.0,11719.0,13729.0
2023-03-10,Yes,Friday,11500.0,14059.0,12359.0,14059.0
2023-03-11,No,Saturday,12000.0,13546.0,11688.0,13546.0
2023-03-12,No,Sunday,12700.0,13453.0,11907.0,13453.0
2023-03-13,No,Monday,12900.0,13158.0,11698.0,13158.0
2023-03-14,No,Tuesday,13200.0,13336.0,12005.0,13336.0
2023-03-15,No,Wednesday,12500.0,13118.0,11850.0,13118.0
2023-03-17,Yes,Friday,12000.0,13474.0,11366.0,13474.0
2023-03-18,No,Saturday,12000.0,13034.0,11186.0,13034.0
2023-03-19,No,Sunday,12000.0,13884.0,11599.0,13884.0
2023-03-20,No,Monday,11500.0,13735.0,11878.0,13735.0
2023-03-21,No,Tuesday,11000.0,14093.0,12404.0,14093.0
2023-03-22,No,Wednesday,11600.0,13252.0,11472.0,13252.0
2023-03-23,No,Thursday,11800.0,13770.0,11737.0,13770.0
2023-03-24,Yes,Friday,11000.0,13919.0,11740.0,13919.0
2023-03-25,No,Saturday,11500.0,13917.0,11365.0,13917.0
2023-03-26,No,Sunday,11200.0,13912.0,12141.0,13912.0
2023-03-27,No,Monday,11900.0,13796.0,12011.0,13796.0
2023-03-28,No,Tuesday,12500.0,14000.0,11885.0,14000.0
2023-03-29,No,Wednesday,12400.0,13640.0,12263.0,13640.0
2023-03-30,No,Thursday,12500.0,13971.0,12840.0,13971.0
2023-03-31,Yes,Friday,11000.0,14162.0,12905.0,14162.0
2023-04-01,No,Saturday,11900.0,14026.0,12649.0,14026.0
2023-04-03,No,Monday,12100.0,14121.0,12260.0,14121.0
2023-04-04,No,Tuesday,12800.0,14131.0,12771.0,14131.0
2023-04-05,No,Wednesday,13800.0,14279.0,13035.0,14279.0
2023-04-06,No,Thursday,13800.0,14450.0,12771.0,14450.0
2023-04-07,Yes,Friday,13000.0,14350.0,12540.0,14350.0
2023-04-08,No,Saturday,13500.0,14027.0,12145.0,14027.0
2023-04-09,No,Sunday,14300.0,14902.0,12504.0,14902.0
2023-04-10,No,Monday,14500.0,15238.0,12716.0,15238.0
2023-04-11,No,Tuesday,14700.0,15182.0,12798.0,15182.0
2023-04-12,No,Wednesday,15000.0,15040.0,13000.0,15040.0
2023-04-13,No,Thursday,15200.0,15303.0,13356.0,15303.0
2023-04-14,Yes,Friday,14500.0,15639.0,13559.0,15639.0
2023-04-15,No,Saturday,15000.0,15046.0,13058.0,15046.0
2023-04-16,No,Sunday,16000.0,14999.0,13286.0,14999.0
2023-04-17,No,Monday,16000.0,15160.0,13140.0,15160.0
2023-04-18,No,Tuesday,16000.0,15617.0,13863.0,15617.0
2023-04-19,No,Wednesday,15500.0,15948.0,14222.0,15948.0
2023-04-20,No,Thursday,15500.0,16030.0,14150.0,16030.0
2023-04-21,Yes,Friday,13800.0,16033.0,14286.0,16033.0
2023-04-22,No,Saturday,11200.0,15229.0,13543.0,15229.0
2023-04-23,No,Sunday,11000.0,15386.0,13271.0,15386.0
2023-04-24,No,Monday,11000.0,15249.0,13224.0,15249.0
2023-04-25,No,Tuesday,11000.0,15462.0,13295.0,15462.0
2023-04-26,No,Wednesday,13000.0,15469.0,13191.0,15469.0
2023-04-27,No,Thursday,13000.0,15840.0,12961.0,15840.0
2023-04-28,Yes,Friday,11000.0,14443.0,11725.0,14443.0
2023-04-29,No,Saturday,12500.0,15228.0,12728.0,15228.0
2023-04-30,No,Sunday,14500.0,15313.0,12973.0,15313.0
2023-05-01,No,Monday,11500.0,14950.0,12615.0,14950.0
2023-05-02,No,Tuesday,14800.0,15278.0,13248.0,15278.0
2023-05-03,No,Wednesday,14500.0,14712.0,13166.0,14712.0
2023-05-04,No,Thursday,13200.0,14397.0,12892.0,14397.0
2023-05-05,Yes,Friday,11800.0,14821.0,13088.0,14821.0
2023-05-06,No,Saturday,14000.0,14974.0,13402.0,14974.0
2023-05-07,No,Sunday,14600.0,14635.0,13069.0,14635.0
2023-05-08,No,Monday,15000.0,14826.0,12766.0,14826.0
2023-05-10,No,Wednesday,15600.0,14761.0,13200.0,14761.0
2023-05-11,No,Thursday,15500.0,14660.0,13199.0,14660.0
2023-05-12,Yes,Friday,14000.0,14400.0,12633.0,14400.0
2023-05-13,No,Saturday,14000.0,13062.0,11179.0,13062.0
2023-05-14,No,Sunday,12500.0,12563.0,10892.0,12563.0
2023-05-15,No,Monday,12000.0,12421.0,10838.0,12421.0
2023-05-16,No,Tuesday,14300.0,12126.0,10662.0,12126.0
2023-05-18,No,Thursday,12500.0,13254.0,11574.0,13254.0
2023-05-19,Yes,Friday,12000.0,14052.0,11403.0,14052.0
2023-05-20,No,Saturday,13000.0,13841.0,11399.0,13841.0
2023-05-21,No,Sunday,14500.0,14231.0,12111.0,14231.0
2023-05-22,No,Monday,13900.0,14663.0,12430.0,14663.0
2023-05-23,No,Tuesday,14500.0,15081.0,13413.0,15081.0
2023-05-24,No,Wednesday,13500.0,15355.0,12188.0,15355.0
2023-05-25,No,Thursday,13500.0,14866.0,12907.0,14866.0
2023-05-26,Yes,Friday,12000.0,15362.0,13089.0,15362.0
2023-05-27,No,Saturday,13500.0,13883.0,12059.0,13883.0
2023-05-28,No,Sunday,13800.0,14324.0,12624.0,14324.0
2023-05-29,No,Monday,14500.0,14894.0,12483.0,14894.0
2023-05-30,No,Tuesday,14900.0,14937.0,12703.0,14937.0
2023-05-31,No,Wednesday,15200.0,15031.0,13058.0,15031.0
2023-06-01,No,Thursday,15500.0,14756.0,13087.0,14756.0
2023-06-02,Yes,Friday,14800.0,14441.0,12295.0,14441.0
2023-06-03,No,Saturday,15500.0,14567.0,12525.0,14567.0
2023-06-04,No,Sunday,15700.0,14696.0,12709.0,14696.0
2023-06-05,No,Monday,15800.0,14173.0,12368.0,14173.0
2023-06-06,No,Tuesday,15800.0,14389.0,12509.0,14389.0
2023-06-07,No,Wednesday,16000.0,14979.0,13159.0,14979.0
2023-06-08,No,Thursday,15200.0,15001.0,13131.0,15001.0
2023-06-09,Yes,Friday,14500.0,15216.0,13382.0,15216.0
2023-06-10,No,Saturday,14000.0,15281.0,12753.0,15281.0
2023-06-11,No,Sunday,14800.0,15051.0,12810.0,15051.0
2023-06-12,No,Monday,14600.0,15288.0,13053.0,15288.0
2023-06-13,No,Tuesday,14200.0,15476.0,13291.0,15476.0
2023-06-14,No,Wednesday,14200.0,15213.0,12759.0,15213.0
2023-06-15,No,Thursday,14800.0,14803.0,12493.0,14803.0
2023-06-16,Yes,Friday,14000.0,14693.0,12158.0,14693.0
2023-06-17,No,Saturday,14500.0,14928.0,12614.0,14928.0
2023-06-18,No,Sunday,14500.0,15074.0,12555.0,15074.0
2023-06-19,No,Monday,14800.0,14973.0,12642.0,14973.0
2023-06-20,No,Tuesday,14200.0,14644.0,12467.0,14644.0
2023-06-21,No,Wednesday,14200.0,14460.0,12364.0,14460.0
2023-06-22,No,Thursday,14300.0,14792.0,12662.0,14792.0
2023-06-23,Yes,Friday,13800.0,14615.0,12743.0,14615.0
2023-06-24,No,Saturday,14500.0,14837.0,12929.0,14837.0
2023-06-25,No,Sunday,14800.0,14080.0,12164.0,14080.0
2023-06-26,No,Monday,14600.0,14061.0,12121.0,14061.0
2023-06-27,No,Tuesday,11300.0,14502.0,12686.0,14502.0
2023-06-28,No,Wednesday,12000.0,14433.0,12303.0,14433.0
2023-06-29,No,Thursday,10500.0,14413.0,12198.0,14413.0
2023-06-30,Yes,Friday,11500.0,14614.0,12011.0,14614.0
2023-07-01,No,Saturday,11000.0,13997.0,11720.0,13997.0
2023-07-02,No,Sunday,11800.0,14653.0,12549.0,14653.0
2023-07-03,No,Monday,12500.0,14937.0,13068.0,14937.0
2023-07-04,No,Tuesday,13000.0,15616.0,13601.0,15616.0
2023-07-05,No,Wednesday,13900.0,14891.0,12586.0,14891.0
2023-07-07,Yes,Friday,12600.0,15076.0,12799.0,15076.0
2023-07-08,No,Saturday,13100.0,15318.0,13026.0,15318.0
2023-07-09,No,Sunday,14500.0,15427.0,13480.0,15427.0
2023-07-10,No,Monday,14800.0,14605.0,12470.0,14605.0
2023-07-11,No,Tuesday,15000.0,15074.0,12889.0,15074.0
2023-07-12,No,Wednesday,15000.0,15429.0,13387.0,15429.0
2023-07-13,No,Thursday,14800.0,15280.0,12841.0,15280.0
2023-07-14,Yes,Friday,14000.0,15651.0,13589.0,15651.0
2023-07-15,No,Saturday,14400.0,15812.0,13710.0,15812.0
2023-07-16,No,Sunday,15200.0,15540.0,13420.0,15540.0
2023-07-17,No,Monday,15000.0,15179.0,13244.0,15179.0
2023-07-18,No,Tuesday,15100.0,15173.0,13278.0,15173.0
2023-07-19,No,Wednesday,15500.0,15300.0,13185.0,15300.0
2023-07-20,No,Thursday,15800.0,15338.0,13296.0,15338.0
2023-07-21,Yes,Friday,14300.0,15634.0,13403.0,15634.0
2023-07-22,No,Saturday,15000.0,15628.0,13188.0,15628.0
2023-07-23,No,Sunday,15500.0,15536.0,13312.0,15536.0
2023-07-24,No,Monday,15300.0,15735.0,13507.0,15735.0
2023-07-25,No,Tuesday,15600.0,16010.0,13864.0,16010.0
2023-07-26,No,Wednesday,15600.0,16086.0,14040.0,16086.0
2023-07-27,No,Thursday,15500.0,16021.0,13982.0,16021.0
2023-07-28,Yes,Friday,14500.0,16062.0,13982.0,16062.0
2023-07-29,No,Saturday,15200.0,16111.0,14056.0,16111.0
2023-07-30,No,Sunday,15700.0,15455.0,13380.0,15455.0
2023-07-30,No,Sunday,15700.0,15455.0,13380.0,15455.0
2023-08-01,No,Tuesday,15500.0,15307.0,13081.0,15307.0
2023-08-03,No,Thursday,14500.0,15448.0,13675.0,15448.0
2023-09-06,No,Wednesday,14500.0,15445.0,13127.0,15445.0
2023-09-07,No,Thursday,15000.0,14840.0,13436.0,14840.0
2023-09-19,No,Tuesday,14900.0,15935.0,14108.0,15935.0
2023-09-20,No,Wednesday,15000.0,15985.0,13880.0,15985.0
2023-09-21,No,Thursday,14500.0,16140.0,14490.0,16140.0
2023-09-22,Yes,Friday,13000.0,16072.0,14346.0,16072.0
2023-09-23,No,Saturday,13500.0,16200.0,13964.0,16200.0
2023-09-24,No,Sunday,14200.0,15974.0,14075.0,15974.0
2023-09-25,No,Monday,14400.0,16267.0,14160.0,16267.0
2023-09-26,No,Tuesday,14500.0,16581.0,14789.0,16581.0
2023-09-27,No,Wednesday,15000.0,17046.0,15115.0,17046.0
2023-09-28,No,Thursday,14500.0,16878.0,14958.0,16878.0
2023-09-29,Yes,Friday,14700.0,17091.0,15410.0,17091.0
2023-09-30,No,Saturday,14000.0,16909.0,14817.0,16909.0
2023-10-01,No,Sunday,15300.0,17205.0,15481.0,17205.0
2023-10-02,No,Monday,14000.0,17101.0,14864.0,17101.0
2023-10-03,No,Tuesday,14100.0,16982.0,14748.0,16982.0
2023-10-04,No,Wednesday,13600.0,16350.0,14055.0,16350.0
2023-10-05,No,Thursday,13200.0,16017.0,13829.0,16017.0
2023-10-06,Yes,Friday,11500.0,15116.0,12664.0,15116.0
2023-10-07,No,Saturday,12500.0,14859.0,12931.0,14859.0
2023-10-08,No,Sunday,14500.0,14955.0,12795.0,14955.0
2023-10-09,No,Monday,14500.0,15582.0,13072.0,15582.0
2023-10-10,No,Tuesday,14500.0,15303.0,13357.0,15303.0
2023-10-11,No,Wednesday,14500.0,15252.0,13164.0,15252.0
2023-10-12,No,Thursday,14350.0,14982.0,12379.0,14982.0
2023-10-13,Yes,Friday,13000.0,15125.0,12624.0,15125.0
2023-10-14,No,Saturday,13500.0,15295.0,12610.0,15295.0
2023-10-15,No,Sunday,14500.0,14937.0,12587.0,14937.0
2023-10-16,No,Monday,14000.0,14964.0,12508.0,14964.0
2023-10-17,No,Tuesday,14000.0,14627.0,12553.0,14627.0
2023-10-18,No,Wednesday,14000.0,14730.0,12608.0,14730.0
2023-10-19,No,Thursday,14000.0,14737.0,12445.0,14737.0
2023-10-20,Yes,Friday,12500.0,14505.0,12177.0,14505.0
2023-10-21,No,Saturday,13000.0,14105.0,11780.0,14105.0
2023-10-22,No,Sunday,14000.0,14068.0,11854.0,14068.0
2023-10-23,No,Monday,13600.0,14536.0,12293.0,14536.0
2023-10-24,No,Tuesday,12000.0,14727.0,12441.0,14727.0
2023-10-25,No,Wednesday,13000.0,15228.0,12842.0,15228.0
2023-10-26,No,Thursday,13500.0,14510.0,12207.0,14510.0
2023-10-27,Yes,Friday,11800.0,14818.0,12315.0,14818.0
2023-10-28,No,Saturday,12500.0,14419.0,11890.0,14419.0
2023-10-29,No,Sunday,13000.0,14344.0,11558.0,14344.0
2023-10-30,No,Monday,13000.0,14532.0,11987.0,14532.0
2023-10-31,No,Tuesday,12000.0,14555.0,12644.0,14555.0
2023-11-01,No,Wednesday,12700.0,14901.0,13229.0,14901.0
2023-11-02,No,Thursday,12700.0,15045.0,12961.0,15045.0
2023-11-03,Yes,Friday,12000.0,14708.0,12497.0,14708.0
2023-11-04,No,Saturday,12500.0,14361.0,12205.0,14361.0
2023-11-05,No,Sunday,12800.0,13604.0,11929.0,13604.0
2023-11-06,No,Monday,12000.0,14227.0,12451.0,14227.0
2023-11-07,No,Tuesday,12200.0,12742.0,11001.0,12742.0
2023-11-08,No,Wednesday,12000.0,12352.0,10663.0,12352.0
2023-11-09,No,Thursday,11500.0,12382.0,10983.0,12382.0
2023-11-10,Yes,Friday,10800.0,13324.0,11431.0,13324.0
2023-11-11,No,Saturday,11000.0,13557.0,11963.0,13557.0
2023-11-12,No,Sunday,11800.0,13667.0,11760.0,13667.0
2023-11-13,No,Monday,12000.0,13655.0,11600.0,13655.0
2023-11-14,No,Tuesday,12000.0,14223.0,12063.0,14223.0
2023-11-15,No,Wednesday,12000.0,14121.0,12090.0,14121.0
2023-11-16,No,Thursday,12000.0,14066.0,12557.0,14066.0
2023-11-17,Yes,Friday,10000.0,13946.0,12219.0,13946.0
2023-11-18,No,Saturday,10500.0,13121.0,10724.0,13121.0
2023-11-19,No,Sunday,11500.0,13270.0,10700.0,13270.0
2023-11-20,No,Monday,11500.0,13360.0,10514.0,13360.0
2023-11-21,No,Tuesday,11500.0,13166.0,11754.0,13166.0
2023-11-22,No,Wednesday,10900.0,14050.0,11842.0,14050.0
2023-11-23,No,Thursday,11500.0,14190.0,12328.0,14190.0
2023-11-24,Yes,Friday,10000.0,13598.0,11990.0,13598.0
2023-11-25,No,Saturday,10200.0,13049.0,11389.0,13049.0
2023-11-26,No,Sunday,11000.0,13406.0,11430.0,13406.0
2023-11-27,No,Monday,11000.0,13772.0,11677.0,13772.0
2023-11-28,No,Tuesday,11100.0,13408.0,11668.0,13408.0
2023-11-29,No,Wednesday,11000.0,14048.0,12236.0,14048.0
2023-11-30,No,Thursday,11000.0,13713.0,12413.0,13713.0
2023-12-01,Yes,Friday,10000.0,12971.0,11590.0,12971.0
2023-12-02,No,Saturday,10500.0,13655.0,11189.0,13655.0
2023-12-03,No,Sunday,10900.0,13550.0,11875.0,13550.0
2023-12-04,No,Monday,11000.0,13916.0,12602.0,13916.0
2023-12-05,No,Tuesday,10800.0,13774.0,12044.0,13774.0
2023-12-06,No,Wednesday,11000.0,12216.0,11563.0,12216.0
2023-12-07,No,Thursday,10700.0,12515.0,11284.0,12515.0
2023-12-08,Yes,Friday,10000.0,12664.0,11595.0,12664.0
2023-12-09,No,Saturday,10500.0,12358.0,11420.0,12358.0
2023-12-10,No,Sunday,11000.0,12695.0,11839.0,12695.0
2023-12-11,No,Monday,10000.0,12016.0,11234.0,12016.0
2023-12-12,No,Tuesday,10000.0,11256.0,10514.0,11256.0
2023-12-13,No,Wednesday,10300.0,11385.0,10564.0,11385.0
2023-12-14,No,Thursday,10500.0,11540.0,10686.0,11540.0
2023-12-15,Yes,Friday,9800.0,11071.0,10118.0,11071.0
2023-12-16,No,Saturday,8800.0,11323.0,10105.0,11323.0
2023-12-17,No,Sunday,9800.0,11371.0,10466.0,11371.0
2023-12-18,No,Monday,9800.0,11734.0,10490.0,11734.0
2023-12-19,No,Tuesday,10500.0,12132.0,11040.0,12132.0
2023-12-20,No,Wednesday,10300.0,11927.0,10880.0,11927.0
2023-12-21,No,Thursday,10000.0,11956.0,11198.0,11956.0
2023-12-22,Yes,Friday,9600.0,12311.0,11018.0,12311.0
2023-12-23,No,Saturday,9500.0,11779.0,10517.0,11779.0
2023-12-24,No,Sunday,10200.0,11895.0,10602.0,11895.0
2023-12-25,No,Monday,10000.0,11580.0,10912.0,11580.0
2023-12-26,No,Tuesday,10200.0,11816.0,11015.0,11816.0
2023-12-27,No,Wednesday,10500.0,11896.0,10846.0,11896.0
2023-12-28,No,Thursday,10600.0,11610.0,10724.0,11610.0
2023-12-29,Yes,Friday,10200.0,11490.0,10542.0,11490.0
2023-11-30,No,Thursday,11000.0,13713.0,12413.0,13713.0
2023-12-31,No,Sunday,10500.0,11775.0,10738.0,11775.0
2023-01-01,No,Monday,10400.0,11673.0,10553.0,11673.0
2023-01-02,No,Tuesday,10400.0,11299.0,10186.0,11299.0
2023-01-03,No,Wednesday,10400.0,11259.0,10289.0,11259.0
2024-01-04,No,Thursday,10200.0,11819.0,10992.0,11819.0
2024-01-05,Yes,Friday,10000.0,11881.0,11051.0,11881.0
2024-01-06,No,Saturday,9700.0,11656.0,10567.0,11656.0
2024-01-07,No,Sunday,9000.0,12011.0,10100.0,12011.0
2024-01-08,No,Monday,10500.0,11492.0,10104.0,11492.0
2024-01-09,No,Tuesday,10000.0,11878.0,10797.0,11878.0
2024-01-10,No,Wednesday,10000.0,11780.0,10772.0,11780.0
2024-12-31,No,Sunday,10100.0,11883.0,10596.0,11883.0
2024-01-12,Yes,Friday,9300.0,11411.0,10470.0,11411.0
2024-01-13,No,Saturday,10300.0,11963.0,11156.0,11963.0
2024-01-14,No,Sunday,10600.0,11400.0,10476.0,11400.0
2024-01-15,No,Monday,10600.0,10864.0,10012.0,10864.0
2024-01-16,No,Tuesday,10600.0,11269.0,10042.0,11269.0
2024-01-17,No,Wednesday,10600.0,11559.0,10539.0,11559.0
2024-01-18,No,Thursday,10700.0,11822.0,10923.0,11822.0
2024-01-19,Yes,Friday,10300.0,11006.0,10088.0,11006.0
2024-01-20,No,Saturday,10600.0,10725.0,10060.0,10725.0
2024-01-21,No,Sunday,10900.0,10608.0,9531.0,10608.0
2024-01-23,No,Tuesday,10600.0,11008.0,10377.0,11008.0
2024-01-24,No,Wednesday,10800.0,10818.0,10583.0,10818.0
2024-01-25,No,Thursday,10800.0,11308.0,10316.0,11308.0
2024-01-26,Yes,Friday,9700.0,11416.0,10570.0,11416.0
2024-01-27,No,Saturday,10000.0,11216.0,10507.0,11216.0
2024-01-29,No,Monday,10700.0,11703.0,11135.0,11703.0
2024-01-29,No,Monday,10700.0,11703.0,11135.0,11703.0
2024-01-22,No,Monday,10800.0,11175.0,10330.0,11175.0
2024-01-22,No,Monday,10800.0,11175.0,10330.0,11175.0
2024-01-22,No,Monday,10800.0,11175.0,10330.0,11175.0
2024-02-01,No,Thursday,10850.0,11300.0,10520.0,11300.0
2024-02-02,Yes,Friday,10300.0,11091.0,10401.0,11091.0
2024-02-03,No,Saturday,10300.0,11340.0,10484.0,11340.0
2024-02-04,No,Sunday,10800.0,10986.0,10181.0,10986.0
2024-02-05,No,Monday,10900.0,11007.0,10188.0,11007.0
2024-02-06,No,Tuesday,10900.0,10995.0,10021.0,10995.0
2024-02-07,No,Wednesday,11000.0,12107.0,10571.0,12107.0
2024-02-08,No,Thursday,11200.0,12615.0,11056.0,12615.0
2024-02-09,Yes,Friday,10000.0,13183.0,11942.0,13183.0
2024-02-10,No,Saturday,10800.0,12455.0,11223.0,12455.0
2024-02-11,No,Sunday,11000.0,12377.0,10960.0,12377.0
2024-02-12,No,Monday,11500.0,12383.0,11048.0,12383.0
2024-02-13,No,Tuesday,11300.0,12276.0,11394.0,12276.0
2024-02-14,No,Wednesday,11000.0,12246.0,11281.0,12246.0
2024-02-16,Yes,Friday,10300.0,11803.0,11168.0,11803.0
2024-02-17,No,Saturday,11000.0,12201.0,11135.0,12201.0
2024-02-15,No,Thursday,11000.0,12054.0,11373.0,12054.0
2024-02-18,No,Sunday,11400.0,12236.0,11217.0,12236.0
2024-02-19,No,Monday,11500.0,11750.0,10719.0,11750.0
2024-02-20,No,Tuesday,11700.0,12297.0,11790.0,12297.0
2024-02-21,No,Wednesday,11000.0,12456.0,11815.0,12456.0
2024-02-22,No,Thursday,11000.0,12291.0,11809.0,12291.0
2024-02-23,Yes,Friday,10500.0,11832.0,10951.0,11832.0
2024-02-24,No,Saturday,11250.0,12423.0,11308.0,12423.0
2024-02-25,No,Sunday,11500.0,12381.0,11219.0,12381.0
2024-02-26,No,Monday,10000.0,12703.0,11247.0,12703.0
2024-02-27,No,Tuesday,11400.0,12219.0,11230.0,12219.0
2024-02-28,No,Wednesday,11500.0,12210.0,11997.0,12210.0
2024-02-29,No,Thursday,11600.0,12993.0,12631.0,12993.0
2024-03-01,Yes,Friday,11000.0,12615.0,11881.0,12615.0
2024-03-02,No,Saturday,11300.0,12826.0,12117.0,12826.0
2024-03-03,No,Sunday,11800.0,12962.0,12480.0,12962.0
2024-03-04,No,Monday,12000.0,13609.0,12090.0,13609.0
2024-03-05,No,Tuesday,12000.0,13635.0,12644.0,13635.0
2024-03-06,No,Wednesday,12300.0,13503.0,13118.0,13503.0
2024-03-07,No,Thursday,12250.0,13859.0,13004.0,13859.0
2024-03-08,Yes,Friday,11000.0,13258.0,12742.0,13258.0
2024-03-09,No,Saturday,11600.0,12694.0,12205.0,12694.0
2024-03-10,No,Sunday,12300.0,13131.0,12530.0,13131.0
2024-03-11,No,Monday,12300.0,13179.0,12696.0,13179.0
2024-03-12,No,Tuesday,12700.0,13198.0,12495.0,13198.0
2024-03-13,No,Wednesday,12700.0,13474.0,11960.0,13474.0
2024-03-14,No,Thursday,13000.0,14206.0,12583.0,14206.0
2024-03-17,No,Sunday,12800.0,12831.0,11451.0,12831.0
2024-03-16,No,Saturday,12600.0,13333.0,11892.0,13333.0
2024-03-15,Yes,Friday,11800.0,13221.0,11729.0,13221.0
2024-03-18,No,Monday,13300.0,13834.0,12266.0,13834.0
2024-03-19,No,Tuesday,13600.0,13662.0,12057.0,13662.0
2024-03-20,No,Wednesday,12500.0,13817.0,12189.0,13817.0
2024-03-21,No,Thursday,11500.0,13717.0,12224.0,13717.0
2024-03-22,Yes,Friday,10700.0,13365.0,11916.0,13365.0
2024-03-23,No,Saturday,12000.0,13143.0,11639.0,13143.0
2024-03-24,No,Sunday,12200.0,13210.0,11733.0,13210.0
2024-03-25,No,Monday,12500.0,13325.0,12023.0,13325.0
2024-03-26,No,Tuesday,11500.0,13315.0,12085.0,13315.0
2024-03-27,No,Wednesday,12700.0,13377.0,12127.0,13377.0
2024-03-28,No,Thursday,13300.0,13585.0,12186.0,13585.0
2024-03-29,Yes,Friday,11200.0,13708.0,12404.0,13708.0
2024-03-30,No,Saturday,12500.0,14102.0,12062.0,14102.0
2024-03-31,No,Sunday,13800.0,13440.0,11970.0,13440.0
2024-04-01,No,Monday,14200.0,13740.0,12170.0,13740.0
2024-04-02,No,Tuesday,14700.0,14204.0,12652.0,14204.0
2024-04-03,No,Wednesday,15300.0,14344.0,12997.0,14344.0
2024-04-04,No,Thursday,15000.0,14782.0,13382.0,14782.0
2024-04-05,Yes,Friday,15300.0,14692.0,13189.0,14692.0
2024-04-06,No,Saturday,15500.0,15048.0,13195.0,15048.0
2024-04-07,No,Sunday,15200.0,15201.0,13738.0,15201.0
2024-04-08,No,Monday,14300.0,15568.0,14056.0,15568.0
2024-04-09,No,Tuesday,12500.0,15580.0,14642.0,15580.0
2024-04-10,No,Wednesday,12800.0,15548.0,14877.0,15548.0
2024-04-11,No,Thursday,11300.0,15897.0,14761.0,15897.0
2024-04-12,Yes,Friday,11800.0,15827.0,14409.0,15827.0
2024-04-13,No,Saturday,12800.0,15709.0,14425.0,15709.0
2024-04-14,No,Sunday,12800.0,15514.0,13852.0,15514.0
2024-04-15,No,Monday,14000.0,15543.0,14471.0,15543.0
2024-04-16,No,Tuesday,15000.0,15890.0,14030.0,15890.0
2024-04-17,No,Wednesday,14700.0,16411.0,15124.0,16411.0
2024-04-19,Yes,Friday,14800.0,16980.0,15382.0,16980.0
2024-04-20,No,Saturday,15500.0,16246.0,14929.0,16246.0
2024-04-18,No,Thursday,15000.0,16568.0,15189.0,16568.0
2024-04-21,No,Sunday,16200.0,16660.0,15510.0,16660.0
2024-04-22,No,Monday,16200.0,16697.0,15526.0,16697.0
2024-04-23,No,Tuesday,16800.0,16530.0,15606.0,16530.0
2024-04-24,No,Wednesday,16800.0,16915.0,15774.0,16915.0
2024-04-25,No,Thursday,16800.0,17492.0,16463.0,17492.0
2024-04-26,Yes,Friday,16000.0,16878.0,15933.0,16878.0
2024-04-27,No,Saturday,16600.0,16908.0,15950.0,16908.0
2024-04-28,No,Sunday,16900.0,17213.0,16160.0,17213.0
2024-04-29,No,Monday,17200.0,16890.0,14425.0,16890.0
2024-04-30,No,Tuesday,17300.0,16667.0,15191.0,16667.0
2024-05-01,No,Wednesday,16200.0,16882.0,15535.0,16882.0
2024-05-02,No,Thursday,17000.0,17442.0,15609.0,17442.0
2024-05-03,Yes,Friday,16000.0,17276.0,15266.0,17276.0
2024-05-04,No,Saturday,15500.0,16951.0,15199.0,16951.0
2024-05-05,No,Sunday,15000.0,16704.0,14855.0,16704.0
2024-05-06,No,Monday,14000.0,16789.0,14828.0,16789.0
2024-05-07,No,Tuesday,14000.0,16421.0,14313.0,16421.0
2024-05-08,No,Wednesday,13500.0,16678.0,15155.0,16678.0
2024-05-09,No,Thursday,13000.0,16252.0,14353.0,16252.0
2024-05-10,Yes,Friday,12000.0,16632.0,14372.0,16632.0
2024-05-11,No,Saturday,13000.0,17145.0,15077.0,17145.0
2024-05-12,No,Sunday,13800.0,16958.0,15315.0,16958.0
2024-05-13,No,Monday,14800.0,16092.0,15296.0,16092.0
2024-05-14,No,Tuesday,16000.0,16954.0,16244.0,16954.0
2024-05-15,No,Wednesday,16000.0,17130.0,16383.0,17130.0
2024-05-16,No,Thursday,16400.0,16686.0,15640.0,16686.0
2024-05-17,Yes,Friday,15600.0,16717.0,15258.0,16717.0
2024-05-18,No,Saturday,14800.0,16818.0,15787.0,16818.0
2024-05-19,No,Sunday,15000.0,16896.0,15617.0,16896.0
2024-05-20,No,Monday,15000.0,16950.0,15628.0,16950.0
2024-05-21,No,Tuesday,14600.0,17069.0,15620.0,17069.0
2024-05-23,No,Thursday,16000.0,16810.0,15537.0,16810.0
2024-05-23,No,Thursday,16000.0,16810.0,15537.0,16810.0
2024-05-24,Yes,Friday,15500.0,16376.0,14967.0,16376.0
2024-05-25,No,Saturday,16300.0,17239.0,15954.0,17239.0
2024-05-26,No,Sunday,15000.0,15838.0,14800.0,15838.0
2024-05-27,No,Monday,8500.0,12772.0,10255.0,12772.0
2024-05-28,No,Tuesday,12000.0,13704.0,11004.0,13704.0
2024-05-29,No,Wednesday,15000.0,15326.0,13558.0,15326.0
2024-05-30,No,Thursday,15000.0,15897.0,14732.0,15897.0
2024-05-31,Yes,Friday,15000.0,16106.0,14335.0,16106.0
2024-06-01,No,Saturday,15200.0,15987.0,14229.0,15987.0
2024-06-02,No,Sunday,16500.0,16807.0,15081.0,16807.0
2024-06-03,No,Monday,16000.0,16121.0,14694.0,16121.0
2024-06-05,No,Wednesday,15900.0,15985.0,14195.0,15985.0
2024-06-06,No,Thursday,15800.0,16076.0,14284.0,16076.0
2024-06-07,Yes,Friday,15000.0,16114.0,14376.0,16114.0
2024-06-08,No,Saturday,15000.0,16402.0,14788.0,16402.0
2024-06-09,No,Sunday,16900.0,16300.0,15064.0,16300.0
2024-06-10,No,Monday,15900.0,16659.0,15382.0,16659.0
2024-06-11,No,Tuesday,16500.0,16840.0,15571.0,16840.0
2024-06-12,No,Wednesday,16800.0,16836.0,15749.0,16836.0
2024-06-13,No,Thursday,16400.0,17185.0,16013.0,17185.0
2024-06-14,Yes,Friday,14000.0,15759.0,14306.0,15759.0
2024-06-15,No,Saturday,14600.0,16078.0,14603.0,16078.0
2024-06-16,No,Sunday,13600.0,16170.0,14920.0,16170.0
2024-06-17,No,Monday,12500.0,16682.0,15093.0,16682.0
2024-06-18,No,Tuesday,13500.0,16760.0,15020.0,16760.0
2024-06-19,No,Wednesday,12500.0,16012.0,14565.0,16012.0
2024-06-20,No,Thursday,12000.0,16048.0,14616.0,16048.0
2024-06-21,Yes,Friday,12000.0,16324.0,14340.0,16324.0
2024-06-22,No,Saturday,13700.0,16274.0,14398.0,16274.0
2024-06-23,No,Sunday,15000.0,17026.0,15157.0,17026.0
2024-06-23,No,Sunday,15000.0,17026.0,15157.0,17026.0
2024-06-25,No,Tuesday,15700.0,14103.0,13186.0,14103.0
2024-06-26,No,Wednesday,15600.0,14520.0,13692.0,14520.0
2024-06-27,No,Thursday,16000.0,14691.0,13952.0,14691.0
2024-06-28,Yes,Friday,14200.0,14555.0,13709.0,14555.0
2024-06-29,No,Saturday,14000.0,14614.0,13624.0,14614.0
2024-06-30,No,Sunday,15200.0,14029.0,13261.0,14029.0
2024-07-01,No,Monday,14300.0,14825.0,14087.0,14825.0
2024-07-03,No,Wednesday,14200.0,16697.0,15809.0,16697.0
2024-07-04,No,Thursday,14500.0,15980.0,15300.0,15980.0
2024-07-05,Yes,Friday,13500.0,14980.0,14447.0,14980.0
2024-07-06,No,Saturday,14500.0,15150.0,14406.0,15150.0
2024-07-07,No,Sunday,15000.0,16076.0,15075.0,16076.0
2024-07-08,No,Monday,15500.0,15530.0,14310.0,15530.0
2024-07-09,No,Tuesday,15700.0,15732.0,14654.0,15732.0
2024-07-10,No,Wednesday,15800.0,15794.0,14436.0,15794.0
2024-07-11,No,Thursday,15500.0,15012.0,13759.0,15012.0
2024-07-12,Yes,Friday,13500.0,16036.0,14255.0,16036.0
2024-07-13,No,Saturday,14800.0,16225.0,14863.0,16225.0
2024-07-14,No,Sunday,15900.0,16746.0,15600.0,16746.0
2024-07-15,No,Monday,16000.0,15535.0,14480.0,15535.0
2024-07-16,No,Tuesday,16500.0,15837.0,14949.0,15837.0
2024-07-17,No,Wednesday,15800.0,16630.0,15090.0,16630.0
2024-07-18,No,Thursday,16000.0,16126.0,15065.0,16126.0
2024-07-25,No,Thursday,15200.0,16521.0,15097.0,16521.0
2024-07-26,Yes,Friday,15000.0,15527.0,14328.0,15527.0
2024-07-27,No,Saturday,15500.0,16666.0,15371.0,16666.0
2024-07-28,No,Sunday,16000.0,16178.0,14685.0,16178.0
2024-07-29,No,Monday,16000.0,16212.0,14646.0,16212.0
2024-07-30,No,Tuesday,16000.0,16084.0,14399.0,16084.0
2024-07-31,No,Wednesday,16000.0,16160.0,14488.0,16160.0
2024-08-01,No,Thursday,15500.0,15671.0,13772.0,15671.0
2024-08-02,Yes,Friday,12500.0,16152.0,13289.0,16152.0
2024-08-03,No,Saturday,13600.0,16532.0,13587.0,16532.0
2024-08-04,No,Sunday,14800.0,15695.0,13490.0,15695.0
2024-08-05,No,Monday,13000.0,15969.0,14010.0,15969.0
2024-08-06,No,Tuesday,14000.0,15856.0,13938.0,15856.0
2024-08-07,No,Wednesday,14000.0,17638.0,15245.0,17638.0
2024-08-08,No,Thursday,14100.0,17615.0,14727.0,17615.0
2024-08-09,Yes,Friday,13500.0,16595.0,13845.0,16595.0
2024-08-10,No,Saturday,14500.0,15540.0,13808.0,15540.0
2024-08-11,No,Sunday,15000.0,15287.0,14118.0,15287.0
2024-08-12,No,Monday,14500.0,15918.0,14800.0,15918.0
2024-08-13,No,Tuesday,14700.0,16286.0,15171.0,16286.0
2024-08-14,No,Wednesday,15500.0,15516.0,14455.0,15516.0
2024-08-15,No,Thursday,16000.0,15152.0,14321.0,15152.0
2024-08-16,Yes,Friday,14500.0,15022.0,14036.0,15022.0
2024-08-17,No,Saturday,14500.0,15100.0,14089.0,15100.0
2024-08-18,No,Sunday,15000.0,15623.0,14510.0,15623.0
2024-08-19,No,Monday,15000.0,15777.0,14211.0,15777.0
2024-08-20,No,Tuesday,13500.0,15601.0,14631.0,15601.0
2024-08-21,No,Wednesday,13500.0,14974.0,12874.0,14974.0
2024-08-22,No,Thursday,14000.0,15164.0,14177.0,15164.0
2024-08-23,Yes,Friday,12300.0,14982.0,14096.0,14982.0
2024-08-24,No,Saturday,13700.0,15510.0,14524.0,15510.0
2024-08-25,No,Sunday,14200.0,15191.0,14452.0,15191.0
2024-08-26,No,Monday,12800.0,15434.0,14764.0,15434.0
2024-08-27,No,Tuesday,14000.0,15756.0,14650.0,15756.0
2024-08-28,No,Wednesday,14600.0,16406.0,14958.0,16406.0
2024-08-29,No,Thursday,15000.0,16447.0,15691.0,16447.0
2024-08-30,Yes,Friday,14000.0,16003.0,15032.0,16003.0
2024-08-31,No,Saturday,15000.0,16656.0,15839.0,16656.0
2024-09-01,No,Sunday,15500.0,16936.0,15975.0,16936.0
2024-09-02,No,Monday,15600.0,16914.0,15796.0,16914.0
2024-09-03,No,Tuesday,15200.0,15859.0,14961.0,15859.0
2024-09-04,No,Wednesday,15500.0,15298.0,14680.0,15298.0
2024-09-05,No,Thursday,15600.0,15004.0,14427.0,15004.0
2024-09-06,Yes,Friday,14000.0,15385.0,14602.0,15385.0
2024-09-07,No,Saturday,15500.0,15915.0,15089.0,15915.0
2024-09-08,No,Sunday,15900.0,15540.0,14350.0,15540.0
2024-09-09,No,Monday,16200.0,15482.0,14371.0,15482.0
2024-09-10,No,Tuesday,16200.0,14681.0,13477.0,14681.0
2024-09-11,No,Wednesday,15900.0,15614.0,14256.0,15614.0
2024-09-12,No,Thursday,15700.0,16001.0,14444.0,16001.0
2024-09-13,Yes,Friday,15000.0,16409.0,15040.0,16409.0
2024-09-14,No,Saturday,13000.0,16174.0,14556.0,16174.0
2024-09-15,No,Sunday,12000.0,16012.0,15203.0,16012.0
2024-09-16,No,Monday,12600.0,16420.0,15527.0,16420.0
2024-09-17,No,Tuesday,15500.0,16266.0,15314.0,16266.0
2024-09-18,No,Wednesday,15400.0,16131.0,15202.0,16131.0
2024-09-19,No,Thursday,16000.0,16456.0,15658.0,16456.0
2024-09-20,Yes,Friday,15500.0,16449.0,15722.0,16449.0
2024-09-21,No,Saturday,15700.0,16312.0,15355.0,16312.0
2024-09-22,No,Sunday,15900.0,15760.0,14773.0,15760.0
2024-09-23,No,Monday,16300.0,15869.0,14708.0,15869.0
2024-09-24,No,Tuesday,15600.0,16563.0,14939.0,16563.0
2024-09-25,No,Wednesday,14000.0,16474.0,15033.0,16474.0
2024-09-26,No,Thursday,14000.0,16122.0,14647.0,16122.0
2024-09-27,Yes,Friday,13200.0,16228.0,14708.0,16228.0
2024-09-28,No,Saturday,13500.0,16339.0,14928.0,16339.0
2024-09-29,No,Sunday,15500.0,16444.0,15385.0,16444.0
2024-09-30,No,Monday,15500.0,16327.0,14808.0,16327.0
2024-10-01,No,Tuesday,15200.0,15299.0,14085.0,15299.0
2024-10-02,No,Wednesday,15400.0,15202.0,14005.0,15202.0
2024-10-03,No,Thursday,14500.0,15030.0,13788.0,15030.0
2024-10-04,Yes,Friday,13000.0,15227.0,13946.0,15227.0
2024-10-05,No,Saturday,12500.0,15330.0,13647.0,15330.0
2024-10-06,No,Sunday,14500.0,15415.0,14218.0,15415.0
2024-10-07,No,Monday,15000.0,15535.0,14332.0,15535.0
2024-10-08,No,Tuesday,15000.0,15000.0,13807.0,15000.0
2024-10-09,No,Wednesday,14500.0,14985.0,13550.0,14985.0
2024-10-10,No,Thursday,13500.0,14579.0,13443.0,14579.0
2024-10-11,Yes,Friday,14000.0,14798.0,13156.0,14798.0
2024-10-12,No,Saturday,14000.0,15227.0,13630.0,15227.0
2024-10-13,No,Sunday,14500.0,15020.0,13409.0,15020.0
2024-10-14,No,Monday,15000.0,14854.0,13346.0,14854.0
2024-10-15,No,Tuesday,14400.0,14693.0,13394.0,14693.0
2024-10-16,No,Wednesday,14500.0,14894.0,13181.0,14894.0
2024-10-17,No,Thursday,14300.0,14614.0,13608.0,14614.0
2024-10-18,Yes,Friday,12800.0,14830.0,13889.0,14830.0
2024-10-19,No,Saturday,13700.0,14360.0,13283.0,14360.0
2024-10-20,No,Sunday,13800.0,14787.0,13827.0,14787.0
2024-10-21,No,Monday,13800.0,14732.0,13576.0,14732.0
2024-10-22,No,Tuesday,14500.0,14851.0,13651.0,14851.0
2024-10-23,No,Wednesday,14650.0,14651.0,13494.0,14651.0
2024-10-24,No,Thursday,12800.0,14218.0,13319.0,14218.0
2024-10-25,Yes,Friday,11000.0,13677.0,12784.0,13677.0
2024-10-26,No,Saturday,13200.0,13792.0,12796.0,13792.0
2024-10-27,No,Sunday,14300.0,14073.0,12904.0,14073.0
2024-10-28,No,Monday,14300.0,14186.0,13086.0,14186.0
2024-10-29,No,Tuesday,14800.0,14041.0,12904.0,14041.0
2024-10-30,No,Wednesday,14000.0,13623.0,12305.0,13623.0
2024-10-31,No,Thursday,14000.0,13171.0,12010.0,13171.0
2024-11-01,Yes,Friday,13200.0,13366.0,12189.0,13366.0
2024-11-02,No,Saturday,13000.0,13162.0,12008.0,13162.0
2024-11-03,No,Sunday,14000.0,13476.0,12085.0,13476.0
2024-11-04,No,Monday,13500.0,13974.0,12479.0,13974.0
2024-11-05,No,Tuesday,13500.0,14022.0,12569.0,14022.0
2024-11-06,No,Wednesday,13000.0,13807.0,12069.0,13807.0
2024-11-07,No,Thursday,13000.0,13535.0,12110.0,13535.0
2024-11-08,Yes,Friday,12000.0,13493.0,12321.0,13493.0
2024-11-09,No,Saturday,12000.0,13801.0,12730.0,13801.0
2024-11-10,No,Sunday,13000.0,12812.0,12095.0,12812.0
2024-11-11,No,Monday,12500.0,12962.0,12229.0,12962.0
2024-11-12,No,Tuesday,12550.0,12850.0,12010.0,12850.0
2024-11-13,No,Wednesday,12800.0,13213.0,12588.0,13213.0
2024-11-14,No,Thursday,12400.0,13141.0,11859.0,13141.0
2024-11-15,Yes,Friday,11500.0,13315.0,12072.0,13315.0
2024-11-01,Yes,Friday,13200.0,13366.0,12189.0,13366.0
2024-11-17,No,Sunday,11800.0,13684.0,12795.0,13684.0
2024-11-18,No,Monday,11300.0,13453.0,12832.0,13453.0
2024-11-19,No,Tuesday,11100.0,13158.0,12769.0,13158.0
2024-11-20,No,Wednesday,11500.0,12715.0,12150.0,12715.0
2024-11-21,No,Thursday,11000.0,13298.0,12703.0,13298.0
2024-11-22,Yes,Friday,10800.0,13325.0,12527.0,13325.0
2024-11-23,No,Saturday,10500.0,13187.0,12837.0,13187.0
2024-11-24,No,Sunday,11000.0,13187.0,12657.0,13187.0
2024-11-25,No,Monday,10700.0,14393.0,13438.0,14393.0
2024-11-26,No,Tuesday,10600.0,13778.0,13049.0,13778.0
2024-11-27,No,Wednesday,10800.0,14013.0,13263.0,14013.0
2024-11-28,No,Thursday,10800.0,13564.0,13305.0,13564.0
2024-11-29,Yes,Friday,9200.0,14206.0,13564.0,14206.0
2024-11-30,No,Saturday,10600.0,13990.0,13210.0,13990.0
2024-12-01,No,Sunday,10900.0,14080.0,13306.0,14080.0
2024-12-02,No,Monday,10900.0,13607.0,12922.0,13607.0
2024-12-03,No,Tuesday,10800.0,13220.0,12490.0,13220.0
2024-12-04,No,Wednesday,11200.0,13262.0,12562.0,13262.0
2024-12-05,No,Thursday,10900.0,13455.0,12757.0,13455.0
2024-12-06,Yes,Friday,9500.0,12855.0,12157.0,12855.0
2024-12-07,No,Saturday,10000.0,13200.0,12300.0,13200.0
2024-12-08,No,Sunday,10800.0,13341.0,12646.0,13341.0
2024-12-09,No,Monday,10600.0,13757.0,13192.0,13757.0
2024-12-10,No,Tuesday,10300.0,13745.0,13235.0,13745.0
2024-12-11,No,Wednesday,10300.0,13314.0,12740.0,13314.0
2024-12-12,No,Thursday,10300.0,13840.0,13201.0,13840.0
2024-12-13,Yes,Friday,10000.0,13521.0,12722.0,13521.0
2024-12-14,No,Saturday,10000.0,13256.0,12658.0,13256.0
2024-12-15,No,Sunday,10200.0,13833.0,13411.0,13833.0
2024-12-16,No,Monday,9500.0,13296.0,12495.0,13296.0
2024-12-17,No,Tuesday,10250.0,13722.0,12971.0,13722.0
2024-12-19,No,Wednesday,10500.0,14223.0,13642.0,14223.0
2024-12-19,No,Thursday,10500.0,14157.0,13397.0,14157.0
2024-12-21,No,Friday,9200.0,13812.0,13239.0,13812.0
2024-12-21,No,Saturday,9800.0,13670.0,13165.0,13670.0
2024-12-22,No,Sunday,10600.0,14032.0,13489.0,14032.0
2024-12-23,No,Monday,10700.0,13515.0,12705.0,13515.0
2024-12-24,No,Tuesday,10700.0,13349.0,12696.0,13349.0
2024-12-25,No,Wednesday,10500.0,13683.0,12982.0,13683.0
2024-12-26,No,Thursday,10600.0,14092.0,13645.0,14092.0
2024-12-27,Yes,Friday,10600.0,14419.0,13791.0,14419.0
2024-12-28,No,Saturday,9850.0,14492.0,14138.0,14492.0
2024-12-29,No,Sunday,10800.0,14729.0,14372.0,14729.0
2024-12-30,No,Monday,10800.0,15475.0,13760.0,15475.0
2024-12-31,No,Tuesday,10600.0,14949.0,14543.0,14949.0
2025-01-01,Yes,Wednesday,10600.0,10600.0,22940.0,22481.0
2025-01-06,No,Monday,10500.0,10500.0,19638.0,19826.0
2025-01-07,No,Tuesday,10840.0,10840.0,20131.0,19625.0
2025-01-08,No,Wednesday,10780.0,10780.0,20992.0,20520.0
2025-01-09,No,Thursday,10730.0,10730.0,21303.0,20928.0
2025-01-10,Yes,Friday,9250.0,9250.0,20815.0,20374.0
2025-01-11,No,Saturday,10600.0,10600.0,9353.0,20624.0
2025-01-12,No,Sunday,10690.0,10690.0,10726.0,20546.0
2025-01-13,No,Monday,10750.0,10750.0,10975.0,20622.0
2025-01-14,No,Tuesday,10970.0,10970.0,11156.0,20825.0
2025-01-15,No,Wednesday,11150.0,11150.0,20710.0,20188.0
2025-01-16,No,Thursday,10900.0,10900.0,19511.0,18977.0
2025-01-17,No,Friday,9400.0,9400.0,20315.0,19790.0
2025-01-18,No,Saturday,10970.0,10970.0,19224.0,18739.0
2025-01-19,No,Sunday,10940.0,10940.0,20472.0,20086.0
2025-01-20,No,Monday,10940.0,10940.0,21651.0,21090.0
2025-01-09,No,Thursday,10730.0,10730.0,21303.0,20928.0
